[1751140433.915638] [flux-sample-0:5380 :0]            sock.c:513  UCX  WARN  unable to read somaxconn value from /proc/sys/net/core/somaxconn file
[1751140433.918486] [flux-sample-0:5377 :0]            sock.c:513  UCX  WARN  unable to read somaxconn value from /proc/sys/net/core/somaxconn file
[1751140433.913641] [flux-sample-0:5375 :0]            sock.c:513  UCX  WARN  unable to read somaxconn value from /proc/sys/net/core/somaxconn file
[1751140433.916230] [flux-sample-0:5374 :0]            sock.c:513  UCX  WARN  unable to read somaxconn value from /proc/sys/net/core/somaxconn file
[1751140433.916183] [flux-sample-0:5372 :0]            sock.c:513  UCX  WARN  unable to read somaxconn value from /proc/sys/net/core/somaxconn file
[1751140433.911500] [flux-sample-0:5370 :0]            sock.c:513  UCX  WARN  unable to read somaxconn value from /proc/sys/net/core/somaxconn file
[1751140433.917209] [flux-sample-0:5369 :0]            sock.c:513  UCX  WARN  unable to read somaxconn value from /proc/sys/net/core/somaxconn file
[1751140433.917209] [flux-sample-0:5367 :0]            sock.c:513  UCX  WARN  unable to read somaxconn value from /proc/sys/net/core/somaxconn file
[1751140433.917209] [flux-sample-0:5364 :0]            sock.c:513  UCX  WARN  unable to read somaxconn value from /proc/sys/net/core/somaxconn file
[1751140433.915227] [flux-sample-0:5361 :0]            sock.c:513  UCX  WARN  unable to read somaxconn value from /proc/sys/net/core/somaxconn file
[1751140433.912082] [flux-sample-0:5432 :0]            sock.c:513  UCX  WARN  unable to read somaxconn value from /proc/sys/net/core/somaxconn file
[1751140433.917176] [flux-sample-0:5430 :0]            sock.c:513  UCX  WARN  unable to read somaxconn value from /proc/sys/net/core/somaxconn file
[1751140433.910960] [flux-sample-0:5427 :0]            sock.c:513  UCX  WARN  unable to read somaxconn value from /proc/sys/net/core/somaxconn file
[1751140433.911494] [flux-sample-0:5424 :0]            sock.c:513  UCX  WARN  unable to read somaxconn value from /proc/sys/net/core/somaxconn file
[1751140433.913202] [flux-sample-0:5421 :0]            sock.c:513  UCX  WARN  unable to read somaxconn value from /proc/sys/net/core/somaxconn file
[1751140433.908564] [flux-sample-0:5418 :0]            sock.c:513  UCX  WARN  unable to read somaxconn value from /proc/sys/net/core/somaxconn file
[1751140433.916230] [flux-sample-0:5413 :0]            sock.c:513  UCX  WARN  unable to read somaxconn value from /proc/sys/net/core/somaxconn file
[1751140433.890700] [flux-sample-0:5412 :0]            sock.c:513  UCX  WARN  unable to read somaxconn value from /proc/sys/net/core/somaxconn file
[1751140433.919520] [flux-sample-0:5410 :0]            sock.c:513  UCX  WARN  unable to read somaxconn value from /proc/sys/net/core/somaxconn file
[1751140433.787830] [flux-sample-0:5408 :0]            sock.c:513  UCX  WARN  unable to read somaxconn value from /proc/sys/net/core/somaxconn file
[1751140433.897863] [flux-sample-0:5404 :0]            sock.c:513  UCX  WARN  unable to read somaxconn value from /proc/sys/net/core/somaxconn file
[1751140433.897122] [flux-sample-2:5019 :0]            sock.c:513  UCX  WARN  unable to read somaxconn value from /proc/sys/net/core/somaxconn file
[1751140433.918971] [flux-sample-0:5416 :0]            sock.c:513  UCX  WARN  unable to read somaxconn value from /proc/sys/net/core/somaxconn file
[1751140433.920271] [flux-sample-0:5415 :0]            sock.c:513  UCX  WARN  unable to read somaxconn value from /proc/sys/net/core/somaxconn file
[1751140433.847810] [flux-sample-0:5414 :0]            sock.c:513  UCX  WARN  unable to read somaxconn value from /proc/sys/net/core/somaxconn file
[1751140433.831893] [flux-sample-0:5406 :0]            sock.c:513  UCX  WARN  unable to read somaxconn value from /proc/sys/net/core/somaxconn file
[1751140433.786065] [flux-sample-0:5402 :0]            sock.c:513  UCX  WARN  unable to read somaxconn value from /proc/sys/net/core/somaxconn file
[1751140433.835969] [flux-sample-0:5400 :0]            sock.c:513  UCX  WARN  unable to read somaxconn value from /proc/sys/net/core/somaxconn file
[1751140433.909634] [flux-sample-0:5398 :0]            sock.c:513  UCX  WARN  unable to read somaxconn value from /proc/sys/net/core/somaxconn file
[1751140433.782419] [flux-sample-0:5395 :0]            sock.c:513  UCX  WARN  unable to read somaxconn value from /proc/sys/net/core/somaxconn file
[1751140433.891469] [flux-sample-0:5392 :0]            sock.c:513  UCX  WARN  unable to read somaxconn value from /proc/sys/net/core/somaxconn file
[1751140433.850737] [flux-sample-0:5391 :0]            sock.c:513  UCX  WARN  unable to read somaxconn value from /proc/sys/net/core/somaxconn file
[1751140433.918105] [flux-sample-0:5388 :0]            sock.c:513  UCX  WARN  unable to read somaxconn value from /proc/sys/net/core/somaxconn file
[1751140433.782438] [flux-sample-0:5385 :0]            sock.c:513  UCX  WARN  unable to read somaxconn value from /proc/sys/net/core/somaxconn file
[1751140433.793010] [flux-sample-0:5382 :0]            sock.c:513  UCX  WARN  unable to read somaxconn value from /proc/sys/net/core/somaxconn file
[1751140433.916228] [flux-sample-0:5356 :0]            sock.c:513  UCX  WARN  unable to read somaxconn value from /proc/sys/net/core/somaxconn file
[1751140433.781842] [flux-sample-0:5354 :0]            sock.c:513  UCX  WARN  unable to read somaxconn value from /proc/sys/net/core/somaxconn file
[1751140433.781840] [flux-sample-0:5350 :0]            sock.c:513  UCX  WARN  unable to read somaxconn value from /proc/sys/net/core/somaxconn file
[1751140433.788563] [flux-sample-0:5349 :0]            sock.c:513  UCX  WARN  unable to read somaxconn value from /proc/sys/net/core/somaxconn file
[1751140433.793004] [flux-sample-0:5348 :0]            sock.c:513  UCX  WARN  unable to read somaxconn value from /proc/sys/net/core/somaxconn file
[1751140433.788563] [flux-sample-0:5347 :0]            sock.c:513  UCX  WARN  unable to read somaxconn value from /proc/sys/net/core/somaxconn file
[1751140433.776922] [flux-sample-0:5346 :0]            sock.c:513  UCX  WARN  unable to read somaxconn value from /proc/sys/net/core/somaxconn file
[1751140433.776922] [flux-sample-0:5345 :0]            sock.c:513  UCX  WARN  unable to read somaxconn value from /proc/sys/net/core/somaxconn file
[1751140433.675878] [flux-sample-0:5344 :0]            sock.c:513  UCX  WARN  unable to read somaxconn value from /proc/sys/net/core/somaxconn file
[1751140433.626299] [flux-sample-0:5343 :0]            sock.c:513  UCX  WARN  unable to read somaxconn value from /proc/sys/net/core/somaxconn file
[1751140433.626298] [flux-sample-0:5342 :0]            sock.c:513  UCX  WARN  unable to read somaxconn value from /proc/sys/net/core/somaxconn file
[1751140433.635440] [flux-sample-0:5341 :0]            sock.c:513  UCX  WARN  unable to read somaxconn value from /proc/sys/net/core/somaxconn file
[1751140433.961525] [flux-sample-4:3726 :0]            sock.c:513  UCX  WARN  unable to read somaxconn value from /proc/sys/net/core/somaxconn file
[1751140433.913412] [flux-sample-0:5359 :0]            sock.c:513  UCX  WARN  unable to read somaxconn value from /proc/sys/net/core/somaxconn file
[1751140433.781835] [flux-sample-0:5351 :0]            sock.c:513  UCX  WARN  unable to read somaxconn value from /proc/sys/net/core/somaxconn file

[1751140433.957261] [flux-sample-4:3723 :0]            sock.c:513  UCX  WARN  unable to read somaxconn value from /proc/sys/net/core/somaxconn file
# OSU MPI Allreduce Latency Test v7.5
[1751140433.807530] [flux-sample-4:3722 :0]            sock.c:513  UCX  WARN  unable to read somaxconn value from /proc/sys/net/core/somaxconn file
# Datatype: MPI_INT.
[1751140433.802228] [flux-sample-4:3720 :0]            sock.c:513  UCX  WARN  unable to read somaxconn value from /proc/sys/net/core/somaxconn file
# Size       Avg Latency(us)
[1751140433.835453] [flux-sample-4:3717 :0]            sock.c:513  UCX  WARN  unable to read somaxconn value from /proc/sys/net/core/somaxconn file
[1751140433.834894] [flux-sample-4:3716 :0]            sock.c:513  UCX  WARN  unable to read somaxconn value from /proc/sys/net/core/somaxconn file
[1751140433.834894] [flux-sample-4:3715 :0]            sock.c:513  UCX  WARN  unable to read somaxconn value from /proc/sys/net/core/somaxconn file
[1751140433.797932] [flux-sample-4:3714 :0]            sock.c:513  UCX  WARN  unable to read somaxconn value from /proc/sys/net/core/somaxconn file
[1751140433.796471] [flux-sample-4:3713 :0]            sock.c:513  UCX  WARN  unable to read somaxconn value from /proc/sys/net/core/somaxconn file
[1751140433.807096] [flux-sample-4:3712 :0]            sock.c:513  UCX  WARN  unable to read somaxconn value from /proc/sys/net/core/somaxconn file
[1751140433.962546] [flux-sample-4:3711 :0]            sock.c:513  UCX  WARN  unable to read somaxconn value from /proc/sys/net/core/somaxconn file
[1751140433.797222] [flux-sample-4:3710 :0]            sock.c:513  UCX  WARN  unable to read somaxconn value from /proc/sys/net/core/somaxconn file
[1751140433.842400] [flux-sample-4:3709 :0]            sock.c:513  UCX  WARN  unable to read somaxconn value from /proc/sys/net/core/somaxconn file
[1751140433.938751] [flux-sample-5:3795 :0]            sock.c:513  UCX  WARN  unable to read somaxconn value from /proc/sys/net/core/somaxconn file
[1751140433.936960] [flux-sample-5:3730 :0]            sock.c:513  UCX  WARN  unable to read somaxconn value from /proc/sys/net/core/somaxconn file
[1751140433.837695] [flux-sample-6:3785 :0]            sock.c:513  UCX  WARN  unable to read somaxconn value from /proc/sys/net/core/somaxconn file
[1751140433.836279] [flux-sample-6:3781 :0]            sock.c:513  UCX  WARN  unable to read somaxconn value from /proc/sys/net/core/somaxconn file
[1751140433.866756] [flux-sample-6:3780 :0]            sock.c:513  UCX  WARN  unable to read somaxconn value from /proc/sys/net/core/somaxconn file
[1751140433.836127] [flux-sample-6:3759 :0]            sock.c:513  UCX  WARN  unable to read somaxconn value from /proc/sys/net/core/somaxconn file
[1751140433.946251] [flux-sample-6:3749 :0]            sock.c:513  UCX  WARN  unable to read somaxconn value from /proc/sys/net/core/somaxconn file
[1751140433.950574] [flux-sample-6:3745 :0]            sock.c:513  UCX  WARN  unable to read somaxconn value from /proc/sys/net/core/somaxconn file
[1751140433.939440] [flux-sample-6:3743 :0]            sock.c:513  UCX  WARN  unable to read somaxconn value from /proc/sys/net/core/somaxconn file
[1751140433.940016] [flux-sample-6:3740 :0]            sock.c:513  UCX  WARN  unable to read somaxconn value from /proc/sys/net/core/somaxconn file
[1751140433.942568] [flux-sample-6:3738 :0]            sock.c:513  UCX  WARN  unable to read somaxconn value from /proc/sys/net/core/somaxconn file
[1751140433.940739] [flux-sample-6:3737 :0]            sock.c:513  UCX  WARN  unable to read somaxconn value from /proc/sys/net/core/somaxconn file
[1751140433.957694] [flux-sample-6:3732 :0]            sock.c:513  UCX  WARN  unable to read somaxconn value from /proc/sys/net/core/somaxconn file
[1751140433.936594] [flux-sample-6:3730 :0]            sock.c:513  UCX  WARN  unable to read somaxconn value from /proc/sys/net/core/somaxconn file
[1751140433.938722] [flux-sample-5:3799 :0]            sock.c:513  UCX  WARN  unable to read somaxconn value from /proc/sys/net/core/somaxconn file
[1751140433.938732] [flux-sample-5:3797 :0]            sock.c:513  UCX  WARN  unable to read somaxconn value from /proc/sys/net/core/somaxconn file
[1751140433.938769] [flux-sample-5:3792 :0]            sock.c:513  UCX  WARN  unable to read somaxconn value from /proc/sys/net/core/somaxconn file
[1751140433.938769] [flux-sample-5:3790 :0]            sock.c:513  UCX  WARN  unable to read somaxconn value from /proc/sys/net/core/somaxconn file
[1751140433.936049] [flux-sample-5:3786 :0]            sock.c:513  UCX  WARN  unable to read somaxconn value from /proc/sys/net/core/somaxconn file
[1751140433.933669] [flux-sample-5:3785 :0]            sock.c:513  UCX  WARN  unable to read somaxconn value from /proc/sys/net/core/somaxconn file
[1751140433.937515] [flux-sample-6:3729 :0]            sock.c:513  UCX  WARN  unable to read somaxconn value from /proc/sys/net/core/somaxconn file
[1751140433.935054] [flux-sample-6:3726 :0]            sock.c:513  UCX  WARN  unable to read somaxconn value from /proc/sys/net/core/somaxconn file
[1751140433.948537] [flux-sample-6:3723 :0]            sock.c:513  UCX  WARN  unable to read somaxconn value from /proc/sys/net/core/somaxconn file
[1751140433.789569] [flux-sample-6:3722 :0]            sock.c:513  UCX  WARN  unable to read somaxconn value from /proc/sys/net/core/somaxconn file
[1751140433.948866] [flux-sample-5:3783 :0]            sock.c:513  UCX  WARN  unable to read somaxconn value from /proc/sys/net/core/somaxconn file
[1751140433.787916] [flux-sample-6:3719 :0]            sock.c:513  UCX  WARN  unable to read somaxconn value from /proc/sys/net/core/somaxconn file
[1751140433.938775] [flux-sample-5:3781 :0]            sock.c:513  UCX  WARN  unable to read somaxconn value from /proc/sys/net/core/somaxconn file
[1751140433.787916] [flux-sample-6:3717 :0]            sock.c:513  UCX  WARN  unable to read somaxconn value from /proc/sys/net/core/somaxconn file
[1751140433.936077] [flux-sample-5:3779 :0]            sock.c:513  UCX  WARN  unable to read somaxconn value from /proc/sys/net/core/somaxconn file
[1751140433.934983] [flux-sample-5:3777 :0]            sock.c:513  UCX  WARN  unable to read somaxconn value from /proc/sys/net/core/somaxconn file
[1751140433.901766] [flux-sample-2:5105 :0]            sock.c:513  UCX  WARN  unable to read somaxconn value from /proc/sys/net/core/somaxconn file
[1751140433.908399] [flux-sample-2:5102 :0]            sock.c:513  UCX  WARN  unable to read somaxconn value from /proc/sys/net/core/somaxconn file
[1751140433.918778] [flux-sample-2:5100 :0]            sock.c:513  UCX  WARN  unable to read somaxconn value from /proc/sys/net/core/somaxconn file
[1751140433.914699] [flux-sample-2:5096 :0]            sock.c:513  UCX  WARN  unable to read somaxconn value from /proc/sys/net/core/somaxconn file
[1751140433.911298] [flux-sample-2:5094 :0]            sock.c:513  UCX  WARN  unable to read somaxconn value from /proc/sys/net/core/somaxconn file
[1751140433.832831] [flux-sample-5:3775 :0]            sock.c:513  UCX  WARN  unable to read somaxconn value from /proc/sys/net/core/somaxconn file
[1751140433.910603] [flux-sample-6:3716 :0]            sock.c:513  UCX  WARN  unable to read somaxconn value from /proc/sys/net/core/somaxconn file
[1751140433.880957] [flux-sample-2:5091 :0]            sock.c:513  UCX  WARN  unable to read somaxconn value from /proc/sys/net/core/somaxconn file
[1751140433.911754] [flux-sample-6:3715 :0]            sock.c:513  UCX  WARN  unable to read somaxconn value from /proc/sys/net/core/somaxconn file
[1751140433.926163] [flux-sample-2:5088 :0]            sock.c:513  UCX  WARN  unable to read somaxconn value from /proc/sys/net/core/somaxconn file
[1751140433.928787] [flux-sample-6:3714 :0]            sock.c:513  UCX  WARN  unable to read somaxconn value from /proc/sys/net/core/somaxconn file
[1751140433.762969] [flux-sample-2:5051 :0]            sock.c:513  UCX  WARN  unable to read somaxconn value from /proc/sys/net/core/somaxconn file
[1751140433.835300] [flux-sample-6:3713 :0]            sock.c:513  UCX  WARN  unable to read somaxconn value from /proc/sys/net/core/somaxconn file
[1751140433.927515] [flux-sample-5:3773 :0]            sock.c:513  UCX  WARN  unable to read somaxconn value from /proc/sys/net/core/somaxconn file
[1751140433.761132] [flux-sample-2:5049 :0]            sock.c:513  UCX  WARN  unable to read somaxconn value from /proc/sys/net/core/somaxconn file
[1751140433.868274] [flux-sample-6:3712 :0]            sock.c:513  UCX  WARN  unable to read somaxconn value from /proc/sys/net/core/somaxconn file
[1751140433.937589] [flux-sample-5:3768 :0]            sock.c:513  UCX  WARN  unable to read somaxconn value from /proc/sys/net/core/somaxconn file
[1751140433.862775] [flux-sample-2:5041 :0]            sock.c:513  UCX  WARN  unable to read somaxconn value from /proc/sys/net/core/somaxconn file
[1751140433.946741] [flux-sample-6:3710 :0]            sock.c:513  UCX  WARN  unable to read somaxconn value from /proc/sys/net/core/somaxconn file
[1751140433.936058] [flux-sample-5:3766 :0]            sock.c:513  UCX  WARN  unable to read somaxconn value from /proc/sys/net/core/somaxconn file
[1751140433.759241] [flux-sample-2:5031 :0]            sock.c:513  UCX  WARN  unable to read somaxconn value from /proc/sys/net/core/somaxconn file
[1751140433.791351] [flux-sample-6:3709 :0]            sock.c:513  UCX  WARN  unable to read somaxconn value from /proc/sys/net/core/somaxconn file
[1751140433.929035] [flux-sample-5:3763 :0]            sock.c:513  UCX  WARN  unable to read somaxconn value from /proc/sys/net/core/somaxconn file
[1751140433.868110] [flux-sample-2:5018 :0]            sock.c:513  UCX  WARN  unable to read somaxconn value from /proc/sys/net/core/somaxconn file
[1751140433.788431] [flux-sample-6:3708 :0]            sock.c:513  UCX  WARN  unable to read somaxconn value from /proc/sys/net/core/somaxconn file
[1751140433.823482] [flux-sample-5:3761 :0]            sock.c:513  UCX  WARN  unable to read somaxconn value from /proc/sys/net/core/somaxconn file
[1751140433.915236] [flux-sample-2:5017 :0]            sock.c:513  UCX  WARN  unable to read somaxconn value from /proc/sys/net/core/somaxconn file
[1751140433.929042] [flux-sample-5:3759 :0]            sock.c:513  UCX  WARN  unable to read somaxconn value from /proc/sys/net/core/somaxconn file
[1751140433.920953] [flux-sample-2:5016 :0]            sock.c:513  UCX  WARN  unable to read somaxconn value from /proc/sys/net/core/somaxconn file
[1751140433.832273] [flux-sample-5:3757 :0]            sock.c:513  UCX  WARN  unable to read somaxconn value from /proc/sys/net/core/somaxconn file
[1751140433.926768] [flux-sample-2:5015 :0]            sock.c:513  UCX  WARN  unable to read somaxconn value from /proc/sys/net/core/somaxconn file
[1751140433.823519] [flux-sample-5:3755 :0]            sock.c:513  UCX  WARN  unable to read somaxconn value from /proc/sys/net/core/somaxconn file
[1751140433.927196] [flux-sample-2:5014 :0]            sock.c:513  UCX  WARN  unable to read somaxconn value from /proc/sys/net/core/somaxconn file
[1751140433.924449] [flux-sample-5:3753 :0]            sock.c:513  UCX  WARN  unable to read somaxconn value from /proc/sys/net/core/somaxconn file
[1751140433.893583] [flux-sample-2:5013 :0]            sock.c:513  UCX  WARN  unable to read somaxconn value from /proc/sys/net/core/somaxconn file
[1751140433.821261] [flux-sample-5:3751 :0]            sock.c:513  UCX  WARN  unable to read somaxconn value from /proc/sys/net/core/somaxconn file
[1751140433.933681] [flux-sample-5:3749 :0]            sock.c:513  UCX  WARN  unable to read somaxconn value from /proc/sys/net/core/somaxconn file
[1751140433.938743] [flux-sample-5:3747 :0]            sock.c:513  UCX  WARN  unable to read somaxconn value from /proc/sys/net/core/somaxconn file
[1751140433.935238] [flux-sample-5:3744 :0]            sock.c:513  UCX  WARN  unable to read somaxconn value from /proc/sys/net/core/somaxconn file
[1751140433.841029] [flux-sample-5:3742 :0]            sock.c:513  UCX  WARN  unable to read somaxconn value from /proc/sys/net/core/somaxconn file
[1751140433.839979] [flux-sample-5:3738 :0]            sock.c:513  UCX  WARN  unable to read somaxconn value from /proc/sys/net/core/somaxconn file
[1751140433.930751] [flux-sample-5:3735 :0]            sock.c:513  UCX  WARN  unable to read somaxconn value from /proc/sys/net/core/somaxconn file
[1751140433.910066] [flux-sample-6:3800 :0]            sock.c:513  UCX  WARN  unable to read somaxconn value from /proc/sys/net/core/somaxconn file
[1751140433.903465] [flux-sample-3:5105 :0]            sock.c:513  UCX  WARN  unable to read somaxconn value from /proc/sys/net/core/somaxconn file
[1751140433.948680] [flux-sample-5:3733 :0]            sock.c:513  UCX  WARN  unable to read somaxconn value from /proc/sys/net/core/somaxconn file
[1751140433.944403] [flux-sample-6:3798 :0]            sock.c:513  UCX  WARN  unable to read somaxconn value from /proc/sys/net/core/somaxconn file
[1751140433.902027] [flux-sample-3:5103 :0]            sock.c:513  UCX  WARN  unable to read somaxconn value from /proc/sys/net/core/somaxconn file
[1751140433.936960] [flux-sample-5:3732 :0]            sock.c:513  UCX  WARN  unable to read somaxconn value from /proc/sys/net/core/somaxconn file
[1751140433.935472] [flux-sample-5:3729 :0]            sock.c:513  UCX  WARN  unable to read somaxconn value from /proc/sys/net/core/somaxconn file
[1751140433.902045] [flux-sample-3:5100 :0]            sock.c:513  UCX  WARN  unable to read somaxconn value from /proc/sys/net/core/somaxconn file
[1751140433.938735] [flux-sample-5:3727 :0]            sock.c:513  UCX  WARN  unable to read somaxconn value from /proc/sys/net/core/somaxconn file
[1751140433.832348] [flux-sample-3:5099 :0]            sock.c:513  UCX  WARN  unable to read somaxconn value from /proc/sys/net/core/somaxconn file
[1751140433.868996] [flux-sample-3:5096 :0]            sock.c:513  UCX  WARN  unable to read somaxconn value from /proc/sys/net/core/somaxconn file
[1751140433.880751] [flux-sample-3:5094 :0]            sock.c:513  UCX  WARN  unable to read somaxconn value from /proc/sys/net/core/somaxconn file
[1751140433.896221] [flux-sample-3:5092 :0]            sock.c:513  UCX  WARN  unable to read somaxconn value from /proc/sys/net/core/somaxconn file
[1751140433.899708] [flux-sample-3:5090 :0]            sock.c:513  UCX  WARN  unable to read somaxconn value from /proc/sys/net/core/somaxconn file
[1751140433.889739] [flux-sample-3:5088 :0]            sock.c:513  UCX  WARN  unable to read somaxconn value from /proc/sys/net/core/somaxconn file
[1751140433.917426] [flux-sample-3:5086 :0]            sock.c:513  UCX  WARN  unable to read somaxconn value from /proc/sys/net/core/somaxconn file
[1751140433.917426] [flux-sample-3:5085 :0]            sock.c:513  UCX  WARN  unable to read somaxconn value from /proc/sys/net/core/somaxconn file
[1751140433.903456] [flux-sample-3:5082 :0]            sock.c:513  UCX  WARN  unable to read somaxconn value from /proc/sys/net/core/somaxconn file
[1751140433.894623] [flux-sample-2:5099 :0]            sock.c:513  UCX  WARN  unable to read somaxconn value from /proc/sys/net/core/somaxconn file
[1751140433.900847] [flux-sample-2:5086 :0]            sock.c:513  UCX  WARN  unable to read somaxconn value from /proc/sys/net/core/somaxconn file
[1751140433.920957] [flux-sample-2:5084 :0]            sock.c:513  UCX  WARN  unable to read somaxconn value from /proc/sys/net/core/somaxconn file
[1751140433.892456] [flux-sample-3:5080 :0]            sock.c:513  UCX  WARN  unable to read somaxconn value from /proc/sys/net/core/somaxconn file
[1751140433.938787] [flux-sample-5:3724 :0]            sock.c:513  UCX  WARN  unable to read somaxconn value from /proc/sys/net/core/somaxconn file
[1751140433.890221] [flux-sample-6:3795 :0]            sock.c:513  UCX  WARN  unable to read somaxconn value from /proc/sys/net/core/somaxconn file
[1751140433.941161] [flux-sample-1:5159 :0]            sock.c:513  UCX  WARN  unable to read somaxconn value from /proc/sys/net/core/somaxconn file
[1751140433.888528] [flux-sample-2:5083 :0]            sock.c:513  UCX  WARN  unable to read somaxconn value from /proc/sys/net/core/somaxconn file
[1751140433.907756] [flux-sample-3:5078 :0]            sock.c:513  UCX  WARN  unable to read somaxconn value from /proc/sys/net/core/somaxconn file
[1751140433.823548] [flux-sample-5:3723 :0]            sock.c:513  UCX  WARN  unable to read somaxconn value from /proc/sys/net/core/somaxconn file
[1751140433.932370] [flux-sample-6:3792 :0]            sock.c:513  UCX  WARN  unable to read somaxconn value from /proc/sys/net/core/somaxconn file
[1751140433.917646] [flux-sample-1:5157 :0]            sock.c:513  UCX  WARN  unable to read somaxconn value from /proc/sys/net/core/somaxconn file
[1751140433.885589] [flux-sample-2:5082 :0]            sock.c:513  UCX  WARN  unable to read somaxconn value from /proc/sys/net/core/somaxconn file
[1751140433.902050] [flux-sample-3:5076 :0]            sock.c:513  UCX  WARN  unable to read somaxconn value from /proc/sys/net/core/somaxconn file
[1751140433.810343] [flux-sample-5:3720 :0]            sock.c:513  UCX  WARN  unable to read somaxconn value from /proc/sys/net/core/somaxconn file
[1751140433.886150] [flux-sample-6:3790 :0]            sock.c:513  UCX  WARN  unable to read somaxconn value from /proc/sys/net/core/somaxconn file
[1751140433.915890] [flux-sample-1:5155 :0]            sock.c:513  UCX  WARN  unable to read somaxconn value from /proc/sys/net/core/somaxconn file
[1751140433.914291] [flux-sample-2:5081 :0]            sock.c:513  UCX  WARN  unable to read somaxconn value from /proc/sys/net/core/somaxconn file
[1751140433.881233] [flux-sample-3:5072 :0]            sock.c:513  UCX  WARN  unable to read somaxconn value from /proc/sys/net/core/somaxconn file
[1751140433.825400] [flux-sample-5:3717 :0]            sock.c:513  UCX  WARN  unable to read somaxconn value from /proc/sys/net/core/somaxconn file
[1751140433.888807] [flux-sample-6:3788 :0]            sock.c:513  UCX  WARN  unable to read somaxconn value from /proc/sys/net/core/somaxconn file
[1751140433.929702] [flux-sample-1:5154 :0]            sock.c:513  UCX  WARN  unable to read somaxconn value from /proc/sys/net/core/somaxconn file
[1751140433.920163] [flux-sample-2:5078 :0]            sock.c:513  UCX  WARN  unable to read somaxconn value from /proc/sys/net/core/somaxconn file
[1751140433.883518] [flux-sample-3:5070 :0]            sock.c:513  UCX  WARN  unable to read somaxconn value from /proc/sys/net/core/somaxconn file
[1751140433.802661] [flux-sample-5:3716 :0]            sock.c:513  UCX  WARN  unable to read somaxconn value from /proc/sys/net/core/somaxconn file
[1751140433.833464] [flux-sample-6:3786 :0]            sock.c:513  UCX  WARN  unable to read somaxconn value from /proc/sys/net/core/somaxconn file
[1751140433.938739] [flux-sample-1:5153 :0]            sock.c:513  UCX  WARN  unable to read somaxconn value from /proc/sys/net/core/somaxconn file
[1751140433.911703] [flux-sample-2:5076 :0]            sock.c:513  UCX  WARN  unable to read somaxconn value from /proc/sys/net/core/somaxconn file
[1751140433.907291] [flux-sample-3:5067 :0]            sock.c:513  UCX  WARN  unable to read somaxconn value from /proc/sys/net/core/somaxconn file
[1751140433.802214] [flux-sample-5:3715 :0]            sock.c:513  UCX  WARN  unable to read somaxconn value from /proc/sys/net/core/somaxconn file
[1751140433.835273] [flux-sample-6:3783 :0]            sock.c:513  UCX  WARN  unable to read somaxconn value from /proc/sys/net/core/somaxconn file
[1751140433.941833] [flux-sample-1:5150 :0]            sock.c:513  UCX  WARN  unable to read somaxconn value from /proc/sys/net/core/somaxconn file
[1751140433.878012] [flux-sample-2:5073 :0]            sock.c:513  UCX  WARN  unable to read somaxconn value from /proc/sys/net/core/somaxconn file
[1751140433.903443] [flux-sample-3:5065 :0]            sock.c:513  UCX  WARN  unable to read somaxconn value from /proc/sys/net/core/somaxconn file
[1751140433.801981] [flux-sample-5:3714 :0]            sock.c:513  UCX  WARN  unable to read somaxconn value from /proc/sys/net/core/somaxconn file
[1751140433.871601] [flux-sample-6:3777 :0]            sock.c:513  UCX  WARN  unable to read somaxconn value from /proc/sys/net/core/somaxconn file
[1751140433.933496] [flux-sample-1:5147 :0]            sock.c:513  UCX  WARN  unable to read somaxconn value from /proc/sys/net/core/somaxconn file
[1751140433.910327] [flux-sample-2:5071 :0]            sock.c:513  UCX  WARN  unable to read somaxconn value from /proc/sys/net/core/somaxconn file
[1751140433.903451] [flux-sample-3:5064 :0]            sock.c:513  UCX  WARN  unable to read somaxconn value from /proc/sys/net/core/somaxconn file
[1751140433.808163] [flux-sample-5:3713 :0]            sock.c:513  UCX  WARN  unable to read somaxconn value from /proc/sys/net/core/somaxconn file
[1751140433.909313] [flux-sample-6:3775 :0]            sock.c:513  UCX  WARN  unable to read somaxconn value from /proc/sys/net/core/somaxconn file
[1751140433.944867] [flux-sample-1:5144 :0]            sock.c:513  UCX  WARN  unable to read somaxconn value from /proc/sys/net/core/somaxconn file
[1751140433.920155] [flux-sample-2:5068 :0]            sock.c:513  UCX  WARN  unable to read somaxconn value from /proc/sys/net/core/somaxconn file
[1751140433.909272] [flux-sample-3:5062 :0]            sock.c:513  UCX  WARN  unable to read somaxconn value from /proc/sys/net/core/somaxconn file
[1751140433.806953] [flux-sample-5:3712 :0]            sock.c:513  UCX  WARN  unable to read somaxconn value from /proc/sys/net/core/somaxconn file
[1751140433.936960] [flux-sample-6:3774 :0]            sock.c:513  UCX  WARN  unable to read somaxconn value from /proc/sys/net/core/somaxconn file
[1751140433.937753] [flux-sample-1:5141 :0]            sock.c:513  UCX  WARN  unable to read somaxconn value from /proc/sys/net/core/somaxconn file
[1751140433.926443] [flux-sample-10:2468 :0]            sock.c:513  UCX  WARN  unable to read somaxconn value from /proc/sys/net/core/somaxconn file
[1751140433.852447] [flux-sample-2:5065 :0]            sock.c:513  UCX  WARN  unable to read somaxconn value from /proc/sys/net/core/somaxconn file
[1751140433.893104] [flux-sample-3:5059 :0]            sock.c:513  UCX  WARN  unable to read somaxconn value from /proc/sys/net/core/somaxconn file
[1751140433.827111] [flux-sample-5:3711 :0]            sock.c:513  UCX  WARN  unable to read somaxconn value from /proc/sys/net/core/somaxconn file
[1751140433.951412] [flux-sample-6:3771 :0]            sock.c:513  UCX  WARN  unable to read somaxconn value from /proc/sys/net/core/somaxconn file
[1751140433.932449] [flux-sample-1:5138 :0]            sock.c:513  UCX  WARN  unable to read somaxconn value from /proc/sys/net/core/somaxconn file
[1751140433.855079] [flux-sample-2:5063 :0]            sock.c:513  UCX  WARN  unable to read somaxconn value from /proc/sys/net/core/somaxconn file
[1751140433.896360] [flux-sample-3:5057 :0]            sock.c:513  UCX  WARN  unable to read somaxconn value from /proc/sys/net/core/somaxconn file
[1751140433.803173] [flux-sample-5:3710 :0]            sock.c:513  UCX  WARN  unable to read somaxconn value from /proc/sys/net/core/somaxconn file
[1751140433.948079] [flux-sample-6:3767 :0]            sock.c:513  UCX  WARN  unable to read somaxconn value from /proc/sys/net/core/somaxconn file
[1751140433.932995] [flux-sample-1:5137 :0]            sock.c:513  UCX  WARN  unable to read somaxconn value from /proc/sys/net/core/somaxconn file
[1751140433.910727] [flux-sample-2:5062 :0]            sock.c:513  UCX  WARN  unable to read somaxconn value from /proc/sys/net/core/somaxconn file
[1751140433.900156] [flux-sample-3:5053 :0]            sock.c:513  UCX  WARN  unable to read somaxconn value from /proc/sys/net/core/somaxconn file
[1751140433.803184] [flux-sample-5:3709 :0]            sock.c:513  UCX  WARN  unable to read somaxconn value from /proc/sys/net/core/somaxconn file
[1751140433.955164] [flux-sample-6:3764 :0]            sock.c:513  UCX  WARN  unable to read somaxconn value from /proc/sys/net/core/somaxconn file
[1751140433.940510] [flux-sample-1:5136 :0]            sock.c:513  UCX  WARN  unable to read somaxconn value from /proc/sys/net/core/somaxconn file
[1751140433.895131] [flux-sample-2:5058 :0]            sock.c:513  UCX  WARN  unable to read somaxconn value from /proc/sys/net/core/somaxconn file
[1751140433.902037] [flux-sample-3:5051 :0]            sock.c:513  UCX  WARN  unable to read somaxconn value from /proc/sys/net/core/somaxconn file
[1751140433.803171] [flux-sample-5:3708 :0]            sock.c:513  UCX  WARN  unable to read somaxconn value from /proc/sys/net/core/somaxconn file
[1751140433.947210] [flux-sample-6:3762 :0]            sock.c:513  UCX  WARN  unable to read somaxconn value from /proc/sys/net/core/somaxconn file
[1751140433.938741] [flux-sample-1:5135 :0]            sock.c:513  UCX  WARN  unable to read somaxconn value from /proc/sys/net/core/somaxconn file
[1751140433.918284] [flux-sample-2:5056 :0]            sock.c:513  UCX  WARN  unable to read somaxconn value from /proc/sys/net/core/somaxconn file
[1751140433.918090] [flux-sample-3:5049 :0]            sock.c:513  UCX  WARN  unable to read somaxconn value from /proc/sys/net/core/somaxconn file
[1751140433.938786] [flux-sample-5:3788 :0]            sock.c:513  UCX  WARN  unable to read somaxconn value from /proc/sys/net/core/somaxconn file
[1751140433.803714] [flux-sample-6:3760 :0]            sock.c:513  UCX  WARN  unable to read somaxconn value from /proc/sys/net/core/somaxconn file
[1751140433.941141] [flux-sample-1:5134 :0]            sock.c:513  UCX  WARN  unable to read somaxconn value from /proc/sys/net/core/somaxconn file
[1751140433.918284] [flux-sample-2:5053 :0]            sock.c:513  UCX  WARN  unable to read somaxconn value from /proc/sys/net/core/somaxconn file
[1751140433.906565] [flux-sample-3:5047 :0]            sock.c:513  UCX  WARN  unable to read somaxconn value from /proc/sys/net/core/somaxconn file
[1751140433.837673] [flux-sample-5:3771 :0]            sock.c:513  UCX  WARN  unable to read somaxconn value from /proc/sys/net/core/somaxconn file
[1751140433.940046] [flux-sample-6:3757 :0]            sock.c:513  UCX  WARN  unable to read somaxconn value from /proc/sys/net/core/somaxconn file
[1751140433.941158] [flux-sample-1:5132 :0]            sock.c:513  UCX  WARN  unable to read somaxconn value from /proc/sys/net/core/somaxconn file
[1751140433.963067] [flux-sample-4:3800 :0]            sock.c:513  UCX  WARN  unable to read somaxconn value from /proc/sys/net/core/somaxconn file
[1751140433.761453] [flux-sample-2:5050 :0]            sock.c:513  UCX  WARN  unable to read somaxconn value from /proc/sys/net/core/somaxconn file
[1751140433.797096] [flux-sample-3:5045 :0]            sock.c:513  UCX  WARN  unable to read somaxconn value from /proc/sys/net/core/somaxconn file
[1751140433.928900] [flux-sample-4:3798 :0]            sock.c:513  UCX  WARN  unable to read somaxconn value from /proc/sys/net/core/somaxconn file
[1751140433.952168] [flux-sample-6:3756 :0]            sock.c:513  UCX  WARN  unable to read somaxconn value from /proc/sys/net/core/somaxconn file
[1751140433.939704] [flux-sample-1:5130 :0]            sock.c:513  UCX  WARN  unable to read somaxconn value from /proc/sys/net/core/somaxconn file
[1751140433.761453] [flux-sample-2:5048 :0]            sock.c:513  UCX  WARN  unable to read somaxconn value from /proc/sys/net/core/somaxconn file
[1751140433.882214] [flux-sample-3:5044 :0]            sock.c:513  UCX  WARN  unable to read somaxconn value from /proc/sys/net/core/somaxconn file
[1751140433.883554] [flux-sample-1:5128 :0]            sock.c:513  UCX  WARN  unable to read somaxconn value from /proc/sys/net/core/somaxconn file
[1751140433.921437] [flux-sample-6:3754 :0]            sock.c:513  UCX  WARN  unable to read somaxconn value from /proc/sys/net/core/somaxconn file
[1751140433.761603] [flux-sample-2:5047 :0]            sock.c:513  UCX  WARN  unable to read somaxconn value from /proc/sys/net/core/somaxconn file
[1751140433.916045] [flux-sample-3:5042 :0]            sock.c:513  UCX  WARN  unable to read somaxconn value from /proc/sys/net/core/somaxconn file
[1751140433.883554] [flux-sample-1:5126 :0]            sock.c:513  UCX  WARN  unable to read somaxconn value from /proc/sys/net/core/somaxconn file
[1751140433.820915] [flux-sample-6:3752 :0]            sock.c:513  UCX  WARN  unable to read somaxconn value from /proc/sys/net/core/somaxconn file
[1751140433.762594] [flux-sample-2:5045 :0]            sock.c:513  UCX  WARN  unable to read somaxconn value from /proc/sys/net/core/somaxconn file
[1751140433.902049] [flux-sample-3:5040 :0]            sock.c:513  UCX  WARN  unable to read somaxconn value from /proc/sys/net/core/somaxconn file
[1751140433.876586] [flux-sample-1:5124 :0]            sock.c:513  UCX  WARN  unable to read somaxconn value from /proc/sys/net/core/somaxconn file
[1751140433.801058] [flux-sample-6:3746 :0]            sock.c:513  UCX  WARN  unable to read somaxconn value from /proc/sys/net/core/somaxconn file
[1751140433.784985] [flux-sample-2:5043 :0]            sock.c:513  UCX  WARN  unable to read somaxconn value from /proc/sys/net/core/somaxconn file
[1751140433.903448] [flux-sample-3:5037 :0]            sock.c:513  UCX  WARN  unable to read somaxconn value from /proc/sys/net/core/somaxconn file
[1751140433.876585] [flux-sample-1:5116 :0]            sock.c:513  UCX  WARN  unable to read somaxconn value from /proc/sys/net/core/somaxconn file
[1751140433.878122] [flux-sample-6:3711 :0]            sock.c:513  UCX  WARN  unable to read somaxconn value from /proc/sys/net/core/somaxconn file
[1751140433.912246] [flux-sample-4:3795 :0]            sock.c:513  UCX  WARN  unable to read somaxconn value from /proc/sys/net/core/somaxconn file
[1751140433.804490] [flux-sample-8:2510 :0]            sock.c:513  UCX  WARN  unable to read somaxconn value from /proc/sys/net/core/somaxconn file
[1751140433.920944] [flux-sample-2:5039 :0]            sock.c:513  UCX  WARN  unable to read somaxconn value from /proc/sys/net/core/somaxconn file
[1751140433.903460] [flux-sample-3:5035 :0]            sock.c:513  UCX  WARN  unable to read somaxconn value from /proc/sys/net/core/somaxconn file
[1751140433.879737] [flux-sample-1:5113 :0]            sock.c:513  UCX  WARN  unable to read somaxconn value from /proc/sys/net/core/somaxconn file
[1751140433.954537] [flux-sample-4:3794 :0]            sock.c:513  UCX  WARN  unable to read somaxconn value from /proc/sys/net/core/somaxconn file
[1751140433.759241] [flux-sample-2:5036 :0]            sock.c:513  UCX  WARN  unable to read somaxconn value from /proc/sys/net/core/somaxconn file
[1751140433.896903] [flux-sample-3:5034 :0]            sock.c:513  UCX  WARN  unable to read somaxconn value from /proc/sys/net/core/somaxconn file
[1751140433.819503] [flux-sample-1:5120 :0]            sock.c:513  UCX  WARN  unable to read somaxconn value from /proc/sys/net/core/somaxconn file
[1751140433.927344] [flux-sample-4:3791 :0]            sock.c:513  UCX  WARN  unable to read somaxconn value from /proc/sys/net/core/somaxconn file
[1751140433.766156] [flux-sample-2:5033 :0]            sock.c:513  UCX  WARN  unable to read somaxconn value from /proc/sys/net/core/somaxconn file
[1751140433.895768] [flux-sample-3:5030 :0]            sock.c:513  UCX  WARN  unable to read somaxconn value from /proc/sys/net/core/somaxconn file
[1751140433.858586] [flux-sample-1:5119 :0]            sock.c:513  UCX  WARN  unable to read somaxconn value from /proc/sys/net/core/somaxconn file
[1751140433.951487] [flux-sample-4:3789 :0]            sock.c:513  UCX  WARN  unable to read somaxconn value from /proc/sys/net/core/somaxconn file
[1751140433.864001] [flux-sample-2:5028 :0]            sock.c:513  UCX  WARN  unable to read somaxconn value from /proc/sys/net/core/somaxconn file
[1751140433.896911] [flux-sample-3:5028 :0]            sock.c:513  UCX  WARN  unable to read somaxconn value from /proc/sys/net/core/somaxconn file
[1751140433.829162] [flux-sample-1:5110 :0]            sock.c:513  UCX  WARN  unable to read somaxconn value from /proc/sys/net/core/somaxconn file
[1751140433.956696] [flux-sample-4:3787 :0]            sock.c:513  UCX  WARN  unable to read somaxconn value from /proc/sys/net/core/somaxconn file
[1751140433.910688] [flux-sample-2:5024 :0]            sock.c:513  UCX  WARN  unable to read somaxconn value from /proc/sys/net/core/somaxconn file
[1751140433.781812] [flux-sample-3:5026 :0]            sock.c:513  UCX  WARN  unable to read somaxconn value from /proc/sys/net/core/somaxconn file
[1751140433.949266] [flux-sample-4:3785 :0]            sock.c:513  UCX  WARN  unable to read somaxconn value from /proc/sys/net/core/somaxconn file
[1751140433.917817] [flux-sample-2:5022 :0]            sock.c:513  UCX  WARN  unable to read somaxconn value from /proc/sys/net/core/somaxconn file
[1751140433.793267] [flux-sample-3:5024 :0]            sock.c:513  UCX  WARN  unable to read somaxconn value from /proc/sys/net/core/somaxconn file
[1751140433.954982] [flux-sample-4:3783 :0]            sock.c:513  UCX  WARN  unable to read somaxconn value from /proc/sys/net/core/somaxconn file
[1751140433.921673] [flux-sample-2:5021 :0]            sock.c:513  UCX  WARN  unable to read somaxconn value from /proc/sys/net/core/somaxconn file
[1751140433.909041] [flux-sample-3:5022 :0]            sock.c:513  UCX  WARN  unable to read somaxconn value from /proc/sys/net/core/somaxconn file
[1751140433.944223] [flux-sample-4:3781 :0]            sock.c:513  UCX  WARN  unable to read somaxconn value from /proc/sys/net/core/somaxconn file
[1751140433.880339] [flux-sample-2:5020 :0]            sock.c:513  UCX  WARN  unable to read somaxconn value from /proc/sys/net/core/somaxconn file
[1751140433.781807] [flux-sample-3:5021 :0]            sock.c:513  UCX  WARN  unable to read somaxconn value from /proc/sys/net/core/somaxconn file
[1751140433.944223] [flux-sample-4:3779 :0]            sock.c:513  UCX  WARN  unable to read somaxconn value from /proc/sys/net/core/somaxconn file
[1751140433.957060] [flux-sample-4:3777 :0]            sock.c:513  UCX  WARN  unable to read somaxconn value from /proc/sys/net/core/somaxconn file
[1751140433.781807] [flux-sample-3:5020 :0]            sock.c:513  UCX  WARN  unable to read somaxconn value from /proc/sys/net/core/somaxconn file
[1751140433.945742] [flux-sample-4:3775 :0]            sock.c:513  UCX  WARN  unable to read somaxconn value from /proc/sys/net/core/somaxconn file
[1751140433.668358] [flux-sample-3:5019 :0]            sock.c:513  UCX  WARN  unable to read somaxconn value from /proc/sys/net/core/somaxconn file
[1751140433.955905] [flux-sample-4:3773 :0]            sock.c:513  UCX  WARN  unable to read somaxconn value from /proc/sys/net/core/somaxconn file
[1751140433.677688] [flux-sample-3:5018 :0]            sock.c:513  UCX  WARN  unable to read somaxconn value from /proc/sys/net/core/somaxconn file
[1751140433.923515] [flux-sample-4:3771 :0]            sock.c:513  UCX  WARN  unable to read somaxconn value from /proc/sys/net/core/somaxconn file
[1751140433.668345] [flux-sample-3:5017 :0]            sock.c:513  UCX  WARN  unable to read somaxconn value from /proc/sys/net/core/somaxconn file
[1751140433.958840] [flux-sample-4:3769 :0]            sock.c:513  UCX  WARN  unable to read somaxconn value from /proc/sys/net/core/somaxconn file
[1751140433.668345] [flux-sample-3:5016 :0]            sock.c:513  UCX  WARN  unable to read somaxconn value from /proc/sys/net/core/somaxconn file
[1751140433.956012] [flux-sample-4:3766 :0]            sock.c:513  UCX  WARN  unable to read somaxconn value from /proc/sys/net/core/somaxconn file
[1751140433.668358] [flux-sample-3:5015 :0]            sock.c:513  UCX  WARN  unable to read somaxconn value from /proc/sys/net/core/somaxconn file
[1751140433.955914] [flux-sample-4:3764 :0]            sock.c:513  UCX  WARN  unable to read somaxconn value from /proc/sys/net/core/somaxconn file
[1751140433.706410] [flux-sample-3:5013 :0]            sock.c:513  UCX  WARN  unable to read somaxconn value from /proc/sys/net/core/somaxconn file
[1751140433.909438] [flux-sample-8:2507 :0]            sock.c:513  UCX  WARN  unable to read somaxconn value from /proc/sys/net/core/somaxconn file
[1751140433.854484] [flux-sample-4:3761 :0]            sock.c:513  UCX  WARN  unable to read somaxconn value from /proc/sys/net/core/somaxconn file
[1751140433.668357] [flux-sample-3:5014 :0]            sock.c:513  UCX  WARN  unable to read somaxconn value from /proc/sys/net/core/somaxconn file
[1751140433.805899] [flux-sample-4:3757 :0]            sock.c:513  UCX  WARN  unable to read somaxconn value from /proc/sys/net/core/somaxconn file
[1751140433.806534] [flux-sample-4:3753 :0]            sock.c:513  UCX  WARN  unable to read somaxconn value from /proc/sys/net/core/somaxconn file
[1751140433.961356] [flux-sample-4:3750 :0]            sock.c:513  UCX  WARN  unable to read somaxconn value from /proc/sys/net/core/somaxconn file
[1751140433.806534] [flux-sample-4:3748 :0]            sock.c:513  UCX  WARN  unable to read somaxconn value from /proc/sys/net/core/somaxconn file
[1751140433.959835] [flux-sample-4:3746 :0]            sock.c:513  UCX  WARN  unable to read somaxconn value from /proc/sys/net/core/somaxconn file
[1751140433.959835] [flux-sample-4:3744 :0]            sock.c:513  UCX  WARN  unable to read somaxconn value from /proc/sys/net/core/somaxconn file
[1751140433.959835] [flux-sample-4:3743 :0]            sock.c:513  UCX  WARN  unable to read somaxconn value from /proc/sys/net/core/somaxconn file
[1751140433.837917] [flux-sample-4:3742 :0]            sock.c:513  UCX  WARN  unable to read somaxconn value from /proc/sys/net/core/somaxconn file
[1751140433.837911] [flux-sample-4:3741 :0]            sock.c:513  UCX  WARN  unable to read somaxconn value from /proc/sys/net/core/somaxconn file
[1751140433.837915] [flux-sample-4:3738 :0]            sock.c:513  UCX  WARN  unable to read somaxconn value from /proc/sys/net/core/somaxconn file
[1751140433.902946] [flux-sample-4:3737 :0]            sock.c:513  UCX  WARN  unable to read somaxconn value from /proc/sys/net/core/somaxconn file
[1751140433.948760] [flux-sample-4:3733 :0]            sock.c:513  UCX  WARN  unable to read somaxconn value from /proc/sys/net/core/somaxconn file
[1751140433.853017] [flux-sample-4:3730 :0]            sock.c:513  UCX  WARN  unable to read somaxconn value from /proc/sys/net/core/somaxconn file
[1751140433.957575] [flux-sample-4:3728 :0]            sock.c:513  UCX  WARN  unable to read somaxconn value from /proc/sys/net/core/somaxconn file
[1751140433.802023] [flux-sample-4:3708 :0]            sock.c:513  UCX  WARN  unable to read somaxconn value from /proc/sys/net/core/somaxconn file
[1751140433.958714] [flux-sample-4:3755 :0]            sock.c:513  UCX  WARN  unable to read somaxconn value from /proc/sys/net/core/somaxconn file
[1751140433.925917] [flux-sample-10:2465 :0]            sock.c:513  UCX  WARN  unable to read somaxconn value from /proc/sys/net/core/somaxconn file
[1751140433.927210] [flux-sample-10:2463 :0]            sock.c:513  UCX  WARN  unable to read somaxconn value from /proc/sys/net/core/somaxconn file
[1751140433.919117] [flux-sample-10:2461 :0]            sock.c:513  UCX  WARN  unable to read somaxconn value from /proc/sys/net/core/somaxconn file
[1751140433.924620] [flux-sample-10:2459 :0]            sock.c:513  UCX  WARN  unable to read somaxconn value from /proc/sys/net/core/somaxconn file
[1751140433.917349] [flux-sample-10:2456 :0]            sock.c:513  UCX  WARN  unable to read somaxconn value from /proc/sys/net/core/somaxconn file
[1751140433.920618] [flux-sample-10:2455 :0]            sock.c:513  UCX  WARN  unable to read somaxconn value from /proc/sys/net/core/somaxconn file
[1751140433.915297] [flux-sample-10:2452 :0]            sock.c:513  UCX  WARN  unable to read somaxconn value from /proc/sys/net/core/somaxconn file
[1751140433.888882] [flux-sample-10:2449 :0]            sock.c:513  UCX  WARN  unable to read somaxconn value from /proc/sys/net/core/somaxconn file
[1751140433.860851] [flux-sample-1:5105 :0]            sock.c:513  UCX  WARN  unable to read somaxconn value from /proc/sys/net/core/somaxconn file
[1751140433.892246] [flux-sample-10:2446 :0]            sock.c:513  UCX  WARN  unable to read somaxconn value from /proc/sys/net/core/somaxconn file
[1751140433.884000] [flux-sample-1:5103 :0]            sock.c:513  UCX  WARN  unable to read somaxconn value from /proc/sys/net/core/somaxconn file
[1751140433.862024] [flux-sample-10:2444 :0]            sock.c:513  UCX  WARN  unable to read somaxconn value from /proc/sys/net/core/somaxconn file
[1751140433.931994] [flux-sample-1:5102 :0]            sock.c:513  UCX  WARN  unable to read somaxconn value from /proc/sys/net/core/somaxconn file
[1751140433.918719] [flux-sample-10:2495 :0]            sock.c:513  UCX  WARN  unable to read somaxconn value from /proc/sys/net/core/somaxconn file
[1751140433.939710] [flux-sample-1:5108 :0]            sock.c:513  UCX  WARN  unable to read somaxconn value from /proc/sys/net/core/somaxconn file
[1751140433.927121] [flux-sample-12:2495 :0]            sock.c:513  UCX  WARN  unable to read somaxconn value from /proc/sys/net/core/somaxconn file
[1751140433.893451] [flux-sample-13:2492 :0]            sock.c:513  UCX  WARN  unable to read somaxconn value from /proc/sys/net/core/somaxconn file
[1751140433.923260] [flux-sample-10:2493 :0]            sock.c:513  UCX  WARN  unable to read somaxconn value from /proc/sys/net/core/somaxconn file
[1751140433.939697] [flux-sample-1:5100 :0]            sock.c:513  UCX  WARN  unable to read somaxconn value from /proc/sys/net/core/somaxconn file
[1751140433.912492] [flux-sample-12:2493 :0]            sock.c:513  UCX  WARN  unable to read somaxconn value from /proc/sys/net/core/somaxconn file
[1751140433.885554] [flux-sample-13:2484 :0]            sock.c:513  UCX  WARN  unable to read somaxconn value from /proc/sys/net/core/somaxconn file
[1751140433.922659] [flux-sample-10:2490 :0]            sock.c:513  UCX  WARN  unable to read somaxconn value from /proc/sys/net/core/somaxconn file
[1751140433.932829] [flux-sample-1:5097 :0]            sock.c:513  UCX  WARN  unable to read somaxconn value from /proc/sys/net/core/somaxconn file
[1751140433.915529] [flux-sample-12:2490 :0]            sock.c:513  UCX  WARN  unable to read somaxconn value from /proc/sys/net/core/somaxconn file
[1751140433.737770] [flux-sample-13:2442 :0]            sock.c:513  UCX  WARN  unable to read somaxconn value from /proc/sys/net/core/somaxconn file
[1751140433.920673] [flux-sample-8:2551 :0]            sock.c:513  UCX  WARN  unable to read somaxconn value from /proc/sys/net/core/somaxconn file
[1751140433.917554] [flux-sample-10:2487 :0]            sock.c:513  UCX  WARN  unable to read somaxconn value from /proc/sys/net/core/somaxconn file
[1751140433.879223] [flux-sample-1:5095 :0]            sock.c:513  UCX  WARN  unable to read somaxconn value from /proc/sys/net/core/somaxconn file
[1751140433.882119] [flux-sample-12:2488 :0]            sock.c:513  UCX  WARN  unable to read somaxconn value from /proc/sys/net/core/somaxconn file
[1751140433.897502] [flux-sample-13:2495 :0]            sock.c:513  UCX  WARN  unable to read somaxconn value from /proc/sys/net/core/somaxconn file
[1751140433.936275] [flux-sample-8:2549 :0]            sock.c:513  UCX  WARN  unable to read somaxconn value from /proc/sys/net/core/somaxconn file
[1751140433.884051] [flux-sample-7:3800 :0]            sock.c:513  UCX  WARN  unable to read somaxconn value from /proc/sys/net/core/somaxconn file
[1751140433.762128] [flux-sample-15:2403 :0]            sock.c:513  UCX  WARN  unable to read somaxconn value from /proc/sys/net/core/somaxconn file
[1751140433.921270] [flux-sample-10:2485 :0]            sock.c:513  UCX  WARN  unable to read somaxconn value from /proc/sys/net/core/somaxconn file
[1751140433.947882] [flux-sample-1:5093 :0]            sock.c:513  UCX  WARN  unable to read somaxconn value from /proc/sys/net/core/somaxconn file
[1751140433.881226] [flux-sample-12:2486 :0]            sock.c:513  UCX  WARN  unable to read somaxconn value from /proc/sys/net/core/somaxconn file
[1751140433.900245] [flux-sample-13:2490 :0]            sock.c:513  UCX  WARN  unable to read somaxconn value from /proc/sys/net/core/somaxconn file
[1751140433.947160] [flux-sample-8:2546 :0]            sock.c:513  UCX  WARN  unable to read somaxconn value from /proc/sys/net/core/somaxconn file
[1751140433.851873] [flux-sample-7:3797 :0]            sock.c:513  UCX  WARN  unable to read somaxconn value from /proc/sys/net/core/somaxconn file
[1751140433.931111] [flux-sample-15:2494 :0]            sock.c:513  UCX  WARN  unable to read somaxconn value from /proc/sys/net/core/somaxconn file
[1751140433.917088] [flux-sample-10:2482 :0]            sock.c:513  UCX  WARN  unable to read somaxconn value from /proc/sys/net/core/somaxconn file
[1751140433.879223] [flux-sample-1:5090 :0]            sock.c:513  UCX  WARN  unable to read somaxconn value from /proc/sys/net/core/somaxconn file
[1751140433.907289] [flux-sample-12:2484 :0]            sock.c:513  UCX  WARN  unable to read somaxconn value from /proc/sys/net/core/somaxconn file
[1751140433.889654] [flux-sample-13:2488 :0]            sock.c:513  UCX  WARN  unable to read somaxconn value from /proc/sys/net/core/somaxconn file
[1751140433.923797] [flux-sample-8:2543 :0]            sock.c:513  UCX  WARN  unable to read somaxconn value from /proc/sys/net/core/somaxconn file
[1751140433.966574] [flux-sample-7:3794 :0]            sock.c:513  UCX  WARN  unable to read somaxconn value from /proc/sys/net/core/somaxconn file
[1751140433.919244] [flux-sample-15:2491 :0]            sock.c:513  UCX  WARN  unable to read somaxconn value from /proc/sys/net/core/somaxconn file
[1751140433.916554] [flux-sample-10:2480 :0]            sock.c:513  UCX  WARN  unable to read somaxconn value from /proc/sys/net/core/somaxconn file
[1751140433.836095] [flux-sample-1:5088 :0]            sock.c:513  UCX  WARN  unable to read somaxconn value from /proc/sys/net/core/somaxconn file
[1751140433.923657] [flux-sample-12:2481 :0]            sock.c:513  UCX  WARN  unable to read somaxconn value from /proc/sys/net/core/somaxconn file
[1751140433.866489] [flux-sample-13:2486 :0]            sock.c:513  UCX  WARN  unable to read somaxconn value from /proc/sys/net/core/somaxconn file
[1751140433.810067] [flux-sample-8:2541 :0]            sock.c:513  UCX  WARN  unable to read somaxconn value from /proc/sys/net/core/somaxconn file
[1751140433.947606] [flux-sample-7:3792 :0]            sock.c:513  UCX  WARN  unable to read somaxconn value from /proc/sys/net/core/somaxconn file
[1751140433.924334] [flux-sample-15:2488 :0]            sock.c:513  UCX  WARN  unable to read somaxconn value from /proc/sys/net/core/somaxconn file
[1751140433.916554] [flux-sample-10:2479 :0]            sock.c:513  UCX  WARN  unable to read somaxconn value from /proc/sys/net/core/somaxconn file
[1751140433.891180] [flux-sample-1:5087 :0]            sock.c:513  UCX  WARN  unable to read somaxconn value from /proc/sys/net/core/somaxconn file
[1751140433.869183] [flux-sample-12:2479 :0]            sock.c:513  UCX  WARN  unable to read somaxconn value from /proc/sys/net/core/somaxconn file
[1751140433.889406] [flux-sample-13:2482 :0]            sock.c:513  UCX  WARN  unable to read somaxconn value from /proc/sys/net/core/somaxconn file
[1751140433.809388] [flux-sample-8:2539 :0]            sock.c:513  UCX  WARN  unable to read somaxconn value from /proc/sys/net/core/somaxconn file
[1751140433.959182] [flux-sample-7:3791 :0]            sock.c:513  UCX  WARN  unable to read somaxconn value from /proc/sys/net/core/somaxconn file
[1751140433.900596] [flux-sample-15:2486 :0]            sock.c:513  UCX  WARN  unable to read somaxconn value from /proc/sys/net/core/somaxconn file
[1751140433.923115] [flux-sample-10:2477 :0]            sock.c:513  UCX  WARN  unable to read somaxconn value from /proc/sys/net/core/somaxconn file
[1751140433.876584] [flux-sample-1:5084 :0]            sock.c:513  UCX  WARN  unable to read somaxconn value from /proc/sys/net/core/somaxconn file
[1751140433.894589] [flux-sample-12:2477 :0]            sock.c:513  UCX  WARN  unable to read somaxconn value from /proc/sys/net/core/somaxconn file
[1751140433.889406] [flux-sample-13:2480 :0]            sock.c:513  UCX  WARN  unable to read somaxconn value from /proc/sys/net/core/somaxconn file
[1751140433.936247] [flux-sample-8:2537 :0]            sock.c:513  UCX  WARN  unable to read somaxconn value from /proc/sys/net/core/somaxconn file
[1751140433.933139] [flux-sample-7:3790 :0]            sock.c:513  UCX  WARN  unable to read somaxconn value from /proc/sys/net/core/somaxconn file
[1751140433.920376] [flux-sample-15:2484 :0]            sock.c:513  UCX  WARN  unable to read somaxconn value from /proc/sys/net/core/somaxconn file
[1751140433.940822] [flux-sample-9:2492 :0]            sock.c:513  UCX  WARN  unable to read somaxconn value from /proc/sys/net/core/somaxconn file
[1751140433.936502] [flux-sample-10:2476 :0]            sock.c:513  UCX  WARN  unable to read somaxconn value from /proc/sys/net/core/somaxconn file
[1751140433.804753] [flux-sample-1:5083 :0]            sock.c:513  UCX  WARN  unable to read somaxconn value from /proc/sys/net/core/somaxconn file
[1751140433.897549] [flux-sample-12:2475 :0]            sock.c:513  UCX  WARN  unable to read somaxconn value from /proc/sys/net/core/somaxconn file
[1751140433.890601] [flux-sample-13:2478 :0]            sock.c:513  UCX  WARN  unable to read somaxconn value from /proc/sys/net/core/somaxconn file
[1751140433.921170] [flux-sample-8:2536 :0]            sock.c:513  UCX  WARN  unable to read somaxconn value from /proc/sys/net/core/somaxconn file
[1751140433.966565] [flux-sample-7:3787 :0]            sock.c:513  UCX  WARN  unable to read somaxconn value from /proc/sys/net/core/somaxconn file
[1751140433.938984] [flux-sample-9:2491 :0]            sock.c:513  UCX  WARN  unable to read somaxconn value from /proc/sys/net/core/somaxconn file
[1751140433.925909] [flux-sample-10:2474 :0]            sock.c:513  UCX  WARN  unable to read somaxconn value from /proc/sys/net/core/somaxconn file
[1751140433.804270] [flux-sample-1:5081 :0]            sock.c:513  UCX  WARN  unable to read somaxconn value from /proc/sys/net/core/somaxconn file
[1751140433.925648] [flux-sample-12:2474 :0]            sock.c:513  UCX  WARN  unable to read somaxconn value from /proc/sys/net/core/somaxconn file
[1751140433.912464] [flux-sample-13:2476 :0]            sock.c:513  UCX  WARN  unable to read somaxconn value from /proc/sys/net/core/somaxconn file
[1751140433.935173] [flux-sample-8:2534 :0]            sock.c:513  UCX  WARN  unable to read somaxconn value from /proc/sys/net/core/somaxconn file
[1751140433.959409] [flux-sample-7:3785 :0]            sock.c:513  UCX  WARN  unable to read somaxconn value from /proc/sys/net/core/somaxconn file
[1751140433.940798] [flux-sample-9:2490 :0]            sock.c:513  UCX  WARN  unable to read somaxconn value from /proc/sys/net/core/somaxconn file
[1751140433.925893] [flux-sample-10:2472 :0]            sock.c:513  UCX  WARN  unable to read somaxconn value from /proc/sys/net/core/somaxconn file
[1751140433.862013] [flux-sample-1:5078 :0]            sock.c:513  UCX  WARN  unable to read somaxconn value from /proc/sys/net/core/somaxconn file
[1751140433.874826] [flux-sample-12:2472 :0]            sock.c:513  UCX  WARN  unable to read somaxconn value from /proc/sys/net/core/somaxconn file
[1751140433.889663] [flux-sample-13:2474 :0]            sock.c:513  UCX  WARN  unable to read somaxconn value from /proc/sys/net/core/somaxconn file
[1751140433.934143] [flux-sample-8:2532 :0]            sock.c:513  UCX  WARN  unable to read somaxconn value from /proc/sys/net/core/somaxconn file
[1751140433.947145] [flux-sample-7:3783 :0]            sock.c:513  UCX  WARN  unable to read somaxconn value from /proc/sys/net/core/somaxconn file
[1751140433.931426] [flux-sample-9:2488 :0]            sock.c:513  UCX  WARN  unable to read somaxconn value from /proc/sys/net/core/somaxconn file
[1751140433.830243] [flux-sample-10:2443 :0]            sock.c:513  UCX  WARN  unable to read somaxconn value from /proc/sys/net/core/somaxconn file
[1751140433.821873] [flux-sample-1:5077 :0]            sock.c:513  UCX  WARN  unable to read somaxconn value from /proc/sys/net/core/somaxconn file
[1751140433.937679] [flux-sample-12:2469 :0]            sock.c:513  UCX  WARN  unable to read somaxconn value from /proc/sys/net/core/somaxconn file
[1751140433.869855] [flux-sample-13:2472 :0]            sock.c:513  UCX  WARN  unable to read somaxconn value from /proc/sys/net/core/somaxconn file
[1751140433.935773] [flux-sample-8:2530 :0]            sock.c:513  UCX  WARN  unable to read somaxconn value from /proc/sys/net/core/somaxconn file
[1751140433.958662] [flux-sample-7:3782 :0]            sock.c:513  UCX  WARN  unable to read somaxconn value from /proc/sys/net/core/somaxconn file
[1751140433.929188] [flux-sample-9:2486 :0]            sock.c:513  UCX  WARN  unable to read somaxconn value from /proc/sys/net/core/somaxconn file
[1751140433.935207] [flux-sample-15:2482 :0]            sock.c:513  UCX  WARN  unable to read somaxconn value from /proc/sys/net/core/somaxconn file
[1751140433.829568] [flux-sample-10:2442 :0]            sock.c:513  UCX  WARN  unable to read somaxconn value from /proc/sys/net/core/somaxconn file
[1751140433.804744] [flux-sample-1:5076 :0]            sock.c:513  UCX  WARN  unable to read somaxconn value from /proc/sys/net/core/somaxconn file
[1751140433.903894] [flux-sample-12:2467 :0]            sock.c:513  UCX  WARN  unable to read somaxconn value from /proc/sys/net/core/somaxconn file
[1751140433.887342] [flux-sample-13:2470 :0]            sock.c:513  UCX  WARN  unable to read somaxconn value from /proc/sys/net/core/somaxconn file
[1751140433.938348] [flux-sample-8:2528 :0]            sock.c:513  UCX  WARN  unable to read somaxconn value from /proc/sys/net/core/somaxconn file
[1751140433.933142] [flux-sample-7:3780 :0]            sock.c:513  UCX  WARN  unable to read somaxconn value from /proc/sys/net/core/somaxconn file
[1751140433.930269] [flux-sample-9:2484 :0]            sock.c:513  UCX  WARN  unable to read somaxconn value from /proc/sys/net/core/somaxconn file
[1751140433.907474] [flux-sample-15:2481 :0]            sock.c:513  UCX  WARN  unable to read somaxconn value from /proc/sys/net/core/somaxconn file
[1751140433.831488] [flux-sample-10:2439 :0]            sock.c:513  UCX  WARN  unable to read somaxconn value from /proc/sys/net/core/somaxconn file
[1751140433.804755] [flux-sample-1:5075 :0]            sock.c:513  UCX  WARN  unable to read somaxconn value from /proc/sys/net/core/somaxconn file
[1751140433.927338] [flux-sample-12:2464 :0]            sock.c:513  UCX  WARN  unable to read somaxconn value from /proc/sys/net/core/somaxconn file
[1751140433.867962] [flux-sample-13:2468 :0]            sock.c:513  UCX  WARN  unable to read somaxconn value from /proc/sys/net/core/somaxconn file
[1751140433.909429] [flux-sample-8:2526 :0]            sock.c:513  UCX  WARN  unable to read somaxconn value from /proc/sys/net/core/somaxconn file
[1751140433.838629] [flux-sample-7:3778 :0]            sock.c:513  UCX  WARN  unable to read somaxconn value from /proc/sys/net/core/somaxconn file
[1751140433.908463] [flux-sample-9:2482 :0]            sock.c:513  UCX  WARN  unable to read somaxconn value from /proc/sys/net/core/somaxconn file
[1751140433.896175] [flux-sample-15:2479 :0]            sock.c:513  UCX  WARN  unable to read somaxconn value from /proc/sys/net/core/somaxconn file
[1751140433.832741] [flux-sample-10:2437 :0]            sock.c:513  UCX  WARN  unable to read somaxconn value from /proc/sys/net/core/somaxconn file
[1751140433.859486] [flux-sample-1:5074 :0]            sock.c:513  UCX  WARN  unable to read somaxconn value from /proc/sys/net/core/somaxconn file
[1751140433.916863] [flux-sample-12:2461 :0]            sock.c:513  UCX  WARN  unable to read somaxconn value from /proc/sys/net/core/somaxconn file
[1751140433.885165] [flux-sample-13:2465 :0]            sock.c:513  UCX  WARN  unable to read somaxconn value from /proc/sys/net/core/somaxconn file
[1751140433.910264] [flux-sample-8:2524 :0]            sock.c:513  UCX  WARN  unable to read somaxconn value from /proc/sys/net/core/somaxconn file
[1751140433.949804] [flux-sample-7:3776 :0]            sock.c:513  UCX  WARN  unable to read somaxconn value from /proc/sys/net/core/somaxconn file
[1751140433.941687] [flux-sample-9:2480 :0]            sock.c:513  UCX  WARN  unable to read somaxconn value from /proc/sys/net/core/somaxconn file
[1751140433.909495] [flux-sample-15:2477 :0]            sock.c:513  UCX  WARN  unable to read somaxconn value from /proc/sys/net/core/somaxconn file
[1751140433.887558] [flux-sample-10:2435 :0]            sock.c:513  UCX  WARN  unable to read somaxconn value from /proc/sys/net/core/somaxconn file
[1751140433.862658] [flux-sample-1:5073 :0]            sock.c:513  UCX  WARN  unable to read somaxconn value from /proc/sys/net/core/somaxconn file
[1751140433.799712] [flux-sample-12:2459 :0]            sock.c:513  UCX  WARN  unable to read somaxconn value from /proc/sys/net/core/somaxconn file
[1751140433.894778] [flux-sample-13:2463 :0]            sock.c:513  UCX  WARN  unable to read somaxconn value from /proc/sys/net/core/somaxconn file
[1751140433.940367] [flux-sample-8:2521 :0]            sock.c:513  UCX  WARN  unable to read somaxconn value from /proc/sys/net/core/somaxconn file
[1751140433.838198] [flux-sample-7:3773 :0]            sock.c:513  UCX  WARN  unable to read somaxconn value from /proc/sys/net/core/somaxconn file
[1751140433.940837] [flux-sample-9:2478 :0]            sock.c:513  UCX  WARN  unable to read somaxconn value from /proc/sys/net/core/somaxconn file
[1751140433.929939] [flux-sample-15:2475 :0]            sock.c:513  UCX  WARN  unable to read somaxconn value from /proc/sys/net/core/somaxconn file
[1751140433.851194] [flux-sample-10:2434 :0]            sock.c:513  UCX  WARN  unable to read somaxconn value from /proc/sys/net/core/somaxconn file
[1751140433.856223] [flux-sample-1:5072 :0]            sock.c:513  UCX  WARN  unable to read somaxconn value from /proc/sys/net/core/somaxconn file
[1751140433.799712] [flux-sample-12:2457 :0]            sock.c:513  UCX  WARN  unable to read somaxconn value from /proc/sys/net/core/somaxconn file
[1751140433.876637] [flux-sample-13:2461 :0]            sock.c:513  UCX  WARN  unable to read somaxconn value from /proc/sys/net/core/somaxconn file
[1751140433.939482] [flux-sample-8:2519 :0]            sock.c:513  UCX  WARN  unable to read somaxconn value from /proc/sys/net/core/somaxconn file
[1751140433.932579] [flux-sample-7:3770 :0]            sock.c:513  UCX  WARN  unable to read somaxconn value from /proc/sys/net/core/somaxconn file
[1751140433.918972] [flux-sample-9:2477 :0]            sock.c:513  UCX  WARN  unable to read somaxconn value from /proc/sys/net/core/somaxconn file
[1751140433.927108] [flux-sample-15:2473 :0]            sock.c:513  UCX  WARN  unable to read somaxconn value from /proc/sys/net/core/somaxconn file
[1751140433.832194] [flux-sample-10:2432 :0]            sock.c:513  UCX  WARN  unable to read somaxconn value from /proc/sys/net/core/somaxconn file
[1751140433.692401] [flux-sample-1:5071 :0]            sock.c:513  UCX  WARN  unable to read somaxconn value from /proc/sys/net/core/somaxconn file
[1751140433.863020] [flux-sample-12:2454 :0]            sock.c:513  UCX  WARN  unable to read somaxconn value from /proc/sys/net/core/somaxconn file
[1751140433.882223] [flux-sample-13:2458 :0]            sock.c:513  UCX  WARN  unable to read somaxconn value from /proc/sys/net/core/somaxconn file
[1751140433.810065] [flux-sample-8:2518 :0]            sock.c:513  UCX  WARN  unable to read somaxconn value from /proc/sys/net/core/somaxconn file
[1751140433.943989] [flux-sample-7:3768 :0]            sock.c:513  UCX  WARN  unable to read somaxconn value from /proc/sys/net/core/somaxconn file
[1751140433.874697] [flux-sample-9:2474 :0]            sock.c:513  UCX  WARN  unable to read somaxconn value from /proc/sys/net/core/somaxconn file
[1751140433.933709] [flux-sample-15:2472 :0]            sock.c:513  UCX  WARN  unable to read somaxconn value from /proc/sys/net/core/somaxconn file
[1751140433.905356] [flux-sample-11:2549 :0]            sock.c:513  UCX  WARN  unable to read somaxconn value from /proc/sys/net/core/somaxconn file
[1751140433.832064] [flux-sample-10:2431 :0]            sock.c:513  UCX  WARN  unable to read somaxconn value from /proc/sys/net/core/somaxconn file
[1751140433.618531] [flux-sample-1:5069 :0]            sock.c:513  UCX  WARN  unable to read somaxconn value from /proc/sys/net/core/somaxconn file
[1751140433.923658] [flux-sample-12:2452 :0]            sock.c:513  UCX  WARN  unable to read somaxconn value from /proc/sys/net/core/somaxconn file
[1751140433.899997] [flux-sample-13:2456 :0]            sock.c:513  UCX  WARN  unable to read somaxconn value from /proc/sys/net/core/somaxconn file
[1751140433.940531] [flux-sample-8:2515 :0]            sock.c:513  UCX  WARN  unable to read somaxconn value from /proc/sys/net/core/somaxconn file
[1751140433.967654] [flux-sample-7:3765 :0]            sock.c:513  UCX  WARN  unable to read somaxconn value from /proc/sys/net/core/somaxconn file
[1751140433.875271] [flux-sample-9:2472 :0]            sock.c:513  UCX  WARN  unable to read somaxconn value from /proc/sys/net/core/somaxconn file
[1751140433.922918] [flux-sample-15:2470 :0]            sock.c:513  UCX  WARN  unable to read somaxconn value from /proc/sys/net/core/somaxconn file
[1751140433.904415] [flux-sample-11:2545 :0]            sock.c:513  UCX  WARN  unable to read somaxconn value from /proc/sys/net/core/somaxconn file
[1751140433.832064] [flux-sample-10:2429 :0]            sock.c:513  UCX  WARN  unable to read somaxconn value from /proc/sys/net/core/somaxconn file
[1751140433.618531] [flux-sample-1:5070 :0]            sock.c:513  UCX  WARN  unable to read somaxconn value from /proc/sys/net/core/somaxconn file
[1751140433.867322] [flux-sample-12:2450 :0]            sock.c:513  UCX  WARN  unable to read somaxconn value from /proc/sys/net/core/somaxconn file
[1751140433.862651] [flux-sample-13:2452 :0]            sock.c:513  UCX  WARN  unable to read somaxconn value from /proc/sys/net/core/somaxconn file
[1751140433.913631] [flux-sample-8:2514 :0]            sock.c:513  UCX  WARN  unable to read somaxconn value from /proc/sys/net/core/somaxconn file
[1751140433.939203] [flux-sample-7:3763 :0]            sock.c:513  UCX  WARN  unable to read somaxconn value from /proc/sys/net/core/somaxconn file
[1751140433.946088] [flux-sample-9:2470 :0]            sock.c:513  UCX  WARN  unable to read somaxconn value from /proc/sys/net/core/somaxconn file
[1751140433.924849] [flux-sample-15:2468 :0]            sock.c:513  UCX  WARN  unable to read somaxconn value from /proc/sys/net/core/somaxconn file
[1751140433.915985] [flux-sample-11:2544 :0]            sock.c:513  UCX  WARN  unable to read somaxconn value from /proc/sys/net/core/somaxconn file
[1751140433.860604] [flux-sample-10:2426 :0]            sock.c:513  UCX  WARN  unable to read somaxconn value from /proc/sys/net/core/somaxconn file
[1751140433.904169] [flux-sample-11:2542 :0]            sock.c:513  UCX  WARN  unable to read somaxconn value from /proc/sys/net/core/somaxconn file
[1751140433.926323] [flux-sample-12:2448 :0]            sock.c:513  UCX  WARN  unable to read somaxconn value from /proc/sys/net/core/somaxconn file
[1751140433.884369] [flux-sample-13:2450 :0]            sock.c:513  UCX  WARN  unable to read somaxconn value from /proc/sys/net/core/somaxconn file
[1751140433.821732] [flux-sample-8:2511 :0]            sock.c:513  UCX  WARN  unable to read somaxconn value from /proc/sys/net/core/somaxconn file
[1751140433.942549] [flux-sample-7:3761 :0]            sock.c:513  UCX  WARN  unable to read somaxconn value from /proc/sys/net/core/somaxconn file
[1751140433.932864] [flux-sample-9:2468 :0]            sock.c:513  UCX  WARN  unable to read somaxconn value from /proc/sys/net/core/somaxconn file
[1751140433.921457] [flux-sample-15:2465 :0]            sock.c:513  UCX  WARN  unable to read somaxconn value from /proc/sys/net/core/somaxconn file
[1751140433.922452] [flux-sample-10:2423 :0]            sock.c:513  UCX  WARN  unable to read somaxconn value from /proc/sys/net/core/somaxconn file
[1751140433.903496] [flux-sample-11:2541 :0]            sock.c:513  UCX  WARN  unable to read somaxconn value from /proc/sys/net/core/somaxconn file
[1751140433.917483] [flux-sample-12:2447 :0]            sock.c:513  UCX  WARN  unable to read somaxconn value from /proc/sys/net/core/somaxconn file
[1751140433.886409] [flux-sample-13:2449 :0]            sock.c:513  UCX  WARN  unable to read somaxconn value from /proc/sys/net/core/somaxconn file
[1751140433.908848] [flux-sample-8:2504 :0]            sock.c:513  UCX  WARN  unable to read somaxconn value from /proc/sys/net/core/somaxconn file
[1751140433.933403] [flux-sample-7:3758 :0]            sock.c:513  UCX  WARN  unable to read somaxconn value from /proc/sys/net/core/somaxconn file
[1751140433.927799] [flux-sample-9:2465 :0]            sock.c:513  UCX  WARN  unable to read somaxconn value from /proc/sys/net/core/somaxconn file
[1751140433.929002] [flux-sample-15:2463 :0]            sock.c:513  UCX  WARN  unable to read somaxconn value from /proc/sys/net/core/somaxconn file
[1751140433.864280] [flux-sample-10:2420 :0]            sock.c:513  UCX  WARN  unable to read somaxconn value from /proc/sys/net/core/somaxconn file
[1751140433.901213] [flux-sample-11:2539 :0]            sock.c:513  UCX  WARN  unable to read somaxconn value from /proc/sys/net/core/somaxconn file
[1751140433.914727] [flux-sample-12:2446 :0]            sock.c:513  UCX  WARN  unable to read somaxconn value from /proc/sys/net/core/somaxconn file
[1751140433.882821] [flux-sample-13:2446 :0]            sock.c:513  UCX  WARN  unable to read somaxconn value from /proc/sys/net/core/somaxconn file
[1751140433.942283] [flux-sample-8:2501 :0]            sock.c:513  UCX  WARN  unable to read somaxconn value from /proc/sys/net/core/somaxconn file
[1751140433.933403] [flux-sample-7:3755 :0]            sock.c:513  UCX  WARN  unable to read somaxconn value from /proc/sys/net/core/somaxconn file
[1751140433.940837] [flux-sample-9:2463 :0]            sock.c:513  UCX  WARN  unable to read somaxconn value from /proc/sys/net/core/somaxconn file
[1751140433.926213] [flux-sample-15:2461 :0]            sock.c:513  UCX  WARN  unable to read somaxconn value from /proc/sys/net/core/somaxconn file
[1751140433.857841] [flux-sample-10:2417 :0]            sock.c:513  UCX  WARN  unable to read somaxconn value from /proc/sys/net/core/somaxconn file
[1751140433.937181] [flux-sample-14:2551 :0]            sock.c:513  UCX  WARN  unable to read somaxconn value from /proc/sys/net/core/somaxconn file
[1751140433.928439] [flux-sample-12:2443 :0]            sock.c:513  UCX  WARN  unable to read somaxconn value from /proc/sys/net/core/somaxconn file
[1751140433.737769] [flux-sample-13:2444 :0]            sock.c:513  UCX  WARN  unable to read somaxconn value from /proc/sys/net/core/somaxconn file
[1751140433.941219] [flux-sample-8:2498 :0]            sock.c:513  UCX  WARN  unable to read somaxconn value from /proc/sys/net/core/somaxconn file
[1751140433.960699] [flux-sample-7:3754 :0]            sock.c:513  UCX  WARN  unable to read somaxconn value from /proc/sys/net/core/somaxconn file
[1751140433.874698] [flux-sample-9:2460 :0]            sock.c:513  UCX  WARN  unable to read somaxconn value from /proc/sys/net/core/somaxconn file
[1751140433.909484] [flux-sample-15:2458 :0]            sock.c:513  UCX  WARN  unable to read somaxconn value from /proc/sys/net/core/somaxconn file
[1751140433.847419] [flux-sample-10:2414 :0]            sock.c:513  UCX  WARN  unable to read somaxconn value from /proc/sys/net/core/somaxconn file
[1751140433.936398] [flux-sample-14:2548 :0]            sock.c:513  UCX  WARN  unable to read somaxconn value from /proc/sys/net/core/somaxconn file
[1751140433.922129] [flux-sample-12:2442 :0]            sock.c:513  UCX  WARN  unable to read somaxconn value from /proc/sys/net/core/somaxconn file
[1751140433.737779] [flux-sample-13:2439 :0]            sock.c:513  UCX  WARN  unable to read somaxconn value from /proc/sys/net/core/somaxconn file
[1751140433.941219] [flux-sample-8:2495 :0]            sock.c:513  UCX  WARN  unable to read somaxconn value from /proc/sys/net/core/somaxconn file
[1751140433.925176] [flux-sample-7:3752 :0]            sock.c:513  UCX  WARN  unable to read somaxconn value from /proc/sys/net/core/somaxconn file
[1751140433.875974] [flux-sample-9:2456 :0]            sock.c:513  UCX  WARN  unable to read somaxconn value from /proc/sys/net/core/somaxconn file
[1751140433.924206] [flux-sample-15:2457 :0]            sock.c:513  UCX  WARN  unable to read somaxconn value from /proc/sys/net/core/somaxconn file
[1751140433.827226] [flux-sample-10:2412 :0]            sock.c:513  UCX  WARN  unable to read somaxconn value from /proc/sys/net/core/somaxconn file
[1751140433.938841] [flux-sample-14:2546 :0]            sock.c:513  UCX  WARN  unable to read somaxconn value from /proc/sys/net/core/somaxconn file
[1751140433.921352] [flux-sample-12:2440 :0]            sock.c:513  UCX  WARN  unable to read somaxconn value from /proc/sys/net/core/somaxconn file
[1751140433.743674] [flux-sample-13:2436 :0]            sock.c:513  UCX  WARN  unable to read somaxconn value from /proc/sys/net/core/somaxconn file
[1751140433.942443] [flux-sample-8:2492 :0]            sock.c:513  UCX  WARN  unable to read somaxconn value from /proc/sys/net/core/somaxconn file
[1751140433.925176] [flux-sample-7:3749 :0]            sock.c:513  UCX  WARN  unable to read somaxconn value from /proc/sys/net/core/somaxconn file
[1751140433.923430] [flux-sample-9:2454 :0]            sock.c:513  UCX  WARN  unable to read somaxconn value from /proc/sys/net/core/somaxconn file
[1751140433.848963] [flux-sample-15:2452 :0]            sock.c:513  UCX  WARN  unable to read somaxconn value from /proc/sys/net/core/somaxconn file
[1751140433.824623] [flux-sample-10:2411 :0]            sock.c:513  UCX  WARN  unable to read somaxconn value from /proc/sys/net/core/somaxconn file
[1751140433.929855] [flux-sample-14:2544 :0]            sock.c:513  UCX  WARN  unable to read somaxconn value from /proc/sys/net/core/somaxconn file
[1751140433.921350] [flux-sample-12:2437 :0]            sock.c:513  UCX  WARN  unable to read somaxconn value from /proc/sys/net/core/somaxconn file
[1751140433.754169] [flux-sample-13:2434 :0]            sock.c:513  UCX  WARN  unable to read somaxconn value from /proc/sys/net/core/somaxconn file
[1751140433.938189] [flux-sample-8:2491 :0]            sock.c:513  UCX  WARN  unable to read somaxconn value from /proc/sys/net/core/somaxconn file
[1751140433.957255] [flux-sample-7:3747 :0]            sock.c:513  UCX  WARN  unable to read somaxconn value from /proc/sys/net/core/somaxconn file
[1751140433.907661] [flux-sample-9:2452 :0]            sock.c:513  UCX  WARN  unable to read somaxconn value from /proc/sys/net/core/somaxconn file
[1751140433.863421] [flux-sample-15:2451 :0]            sock.c:513  UCX  WARN  unable to read somaxconn value from /proc/sys/net/core/somaxconn file
[1751140433.826623] [flux-sample-10:2410 :0]            sock.c:513  UCX  WARN  unable to read somaxconn value from /proc/sys/net/core/somaxconn file
[1751140433.929987] [flux-sample-14:2542 :0]            sock.c:513  UCX  WARN  unable to read somaxconn value from /proc/sys/net/core/somaxconn file
[1751140433.925159] [flux-sample-12:2435 :0]            sock.c:513  UCX  WARN  unable to read somaxconn value from /proc/sys/net/core/somaxconn file
[1751140433.743042] [flux-sample-13:2431 :0]            sock.c:513  UCX  WARN  unable to read somaxconn value from /proc/sys/net/core/somaxconn file
[1751140433.935167] [flux-sample-8:2490 :0]            sock.c:513  UCX  WARN  unable to read somaxconn value from /proc/sys/net/core/somaxconn file
[1751140433.770755] [flux-sample-7:3741 :0]            sock.c:513  UCX  WARN  unable to read somaxconn value from /proc/sys/net/core/somaxconn file
[1751140433.909809] [flux-sample-9:2450 :0]            sock.c:513  UCX  WARN  unable to read somaxconn value from /proc/sys/net/core/somaxconn file
[1751140433.821473] [flux-sample-15:2449 :0]            sock.c:513  UCX  WARN  unable to read somaxconn value from /proc/sys/net/core/somaxconn file
[1751140433.823712] [flux-sample-10:2409 :0]            sock.c:513  UCX  WARN  unable to read somaxconn value from /proc/sys/net/core/somaxconn file
[1751140433.946648] [flux-sample-14:2540 :0]            sock.c:513  UCX  WARN  unable to read somaxconn value from /proc/sys/net/core/somaxconn file
[1751140433.940501] [flux-sample-12:2433 :0]            sock.c:513  UCX  WARN  unable to read somaxconn value from /proc/sys/net/core/somaxconn file
[1751140433.751341] [flux-sample-13:2429 :0]            sock.c:513  UCX  WARN  unable to read somaxconn value from /proc/sys/net/core/somaxconn file
[1751140433.947658] [flux-sample-8:2487 :0]            sock.c:513  UCX  WARN  unable to read somaxconn value from /proc/sys/net/core/somaxconn file
[1751140433.961300] [flux-sample-7:3737 :0]            sock.c:513  UCX  WARN  unable to read somaxconn value from /proc/sys/net/core/somaxconn file
[1751140433.912850] [flux-sample-9:2448 :0]            sock.c:513  UCX  WARN  unable to read somaxconn value from /proc/sys/net/core/somaxconn file
[1751140433.933717] [flux-sample-15:2446 :0]            sock.c:513  UCX  WARN  unable to read somaxconn value from /proc/sys/net/core/somaxconn file
[1751140433.839812] [flux-sample-10:2408 :0]            sock.c:513  UCX  WARN  unable to read somaxconn value from /proc/sys/net/core/somaxconn file
[1751140433.854683] [flux-sample-14:2538 :0]            sock.c:513  UCX  WARN  unable to read somaxconn value from /proc/sys/net/core/somaxconn file
[1751140433.782615] [flux-sample-12:2430 :0]            sock.c:513  UCX  WARN  unable to read somaxconn value from /proc/sys/net/core/somaxconn file
[1751140433.737785] [flux-sample-13:2427 :0]            sock.c:513  UCX  WARN  unable to read somaxconn value from /proc/sys/net/core/somaxconn file
[1751140433.918104] [flux-sample-8:2486 :0]            sock.c:513  UCX  WARN  unable to read somaxconn value from /proc/sys/net/core/somaxconn file
[1751140433.961890] [flux-sample-7:3736 :0]            sock.c:513  UCX  WARN  unable to read somaxconn value from /proc/sys/net/core/somaxconn file
[1751140433.879292] [flux-sample-9:2446 :0]            sock.c:513  UCX  WARN  unable to read somaxconn value from /proc/sys/net/core/somaxconn file
[1751140433.821473] [flux-sample-15:2444 :0]            sock.c:513  UCX  WARN  unable to read somaxconn value from /proc/sys/net/core/somaxconn file
[1751140433.827906] [flux-sample-10:2407 :0]            sock.c:513  UCX  WARN  unable to read somaxconn value from /proc/sys/net/core/somaxconn file
[1751140433.842816] [flux-sample-14:2536 :0]            sock.c:513  UCX  WARN  unable to read somaxconn value from /proc/sys/net/core/somaxconn file
[1751140433.789437] [flux-sample-12:2425 :0]            sock.c:513  UCX  WARN  unable to read somaxconn value from /proc/sys/net/core/somaxconn file
[1751140433.742768] [flux-sample-13:2425 :0]            sock.c:513  UCX  WARN  unable to read somaxconn value from /proc/sys/net/core/somaxconn file
[1751140433.916104] [flux-sample-8:2485 :0]            sock.c:513  UCX  WARN  unable to read somaxconn value from /proc/sys/net/core/somaxconn file
[1751140433.961890] [flux-sample-7:3732 :0]            sock.c:513  UCX  WARN  unable to read somaxconn value from /proc/sys/net/core/somaxconn file
[1751140433.930153] [flux-sample-9:2444 :0]            sock.c:513  UCX  WARN  unable to read somaxconn value from /proc/sys/net/core/somaxconn file
[1751140433.817098] [flux-sample-15:2442 :0]            sock.c:513  UCX  WARN  unable to read somaxconn value from /proc/sys/net/core/somaxconn file
[1751140433.901846] [flux-sample-11:2537 :0]            sock.c:513  UCX  WARN  unable to read somaxconn value from /proc/sys/net/core/somaxconn file
[1751140433.877489] [flux-sample-10:2406 :0]            sock.c:513  UCX  WARN  unable to read somaxconn value from /proc/sys/net/core/somaxconn file
[1751140433.879468] [flux-sample-14:2533 :0]            sock.c:513  UCX  WARN  unable to read somaxconn value from /proc/sys/net/core/somaxconn file
[1751140433.773104] [flux-sample-12:2418 :0]            sock.c:513  UCX  WARN  unable to read somaxconn value from /proc/sys/net/core/somaxconn file
[1751140433.867508] [flux-sample-13:2423 :0]            sock.c:513  UCX  WARN  unable to read somaxconn value from /proc/sys/net/core/somaxconn file
[1751140433.917195] [flux-sample-8:2482 :0]            sock.c:513  UCX  WARN  unable to read somaxconn value from /proc/sys/net/core/somaxconn file
[1751140433.939840] [flux-sample-7:3730 :0]            sock.c:513  UCX  WARN  unable to read somaxconn value from /proc/sys/net/core/somaxconn file
[1751140433.939602] [flux-sample-9:2441 :0]            sock.c:513  UCX  WARN  unable to read somaxconn value from /proc/sys/net/core/somaxconn file
[1751140433.930925] [flux-sample-15:2440 :0]            sock.c:513  UCX  WARN  unable to read somaxconn value from /proc/sys/net/core/somaxconn file
[1751140433.903978] [flux-sample-11:2536 :0]            sock.c:513  UCX  WARN  unable to read somaxconn value from /proc/sys/net/core/somaxconn file
[1751140433.826210] [flux-sample-10:2405 :0]            sock.c:513  UCX  WARN  unable to read somaxconn value from /proc/sys/net/core/somaxconn file
[1751140433.948482] [flux-sample-14:2531 :0]            sock.c:513  UCX  WARN  unable to read somaxconn value from /proc/sys/net/core/somaxconn file
[1751140433.927118] [flux-sample-12:2427 :0]            sock.c:513  UCX  WARN  unable to read somaxconn value from /proc/sys/net/core/somaxconn file
[1751140433.928220] [flux-sample-13:2421 :0]            sock.c:513  UCX  WARN  unable to read somaxconn value from /proc/sys/net/core/somaxconn file
[1751140433.938961] [flux-sample-8:2480 :0]            sock.c:513  UCX  WARN  unable to read somaxconn value from /proc/sys/net/core/somaxconn file
[1751140433.962933] [flux-sample-7:3726 :0]            sock.c:513  UCX  WARN  unable to read somaxconn value from /proc/sys/net/core/somaxconn file
[1751140433.939594] [flux-sample-9:2439 :0]            sock.c:513  UCX  WARN  unable to read somaxconn value from /proc/sys/net/core/somaxconn file
[1751140433.925231] [flux-sample-15:2436 :0]            sock.c:513  UCX  WARN  unable to read somaxconn value from /proc/sys/net/core/somaxconn file
[1751140433.903031] [flux-sample-11:2534 :0]            sock.c:513  UCX  WARN  unable to read somaxconn value from /proc/sys/net/core/somaxconn file
[1751140433.831047] [flux-sample-10:2404 :0]            sock.c:513  UCX  WARN  unable to read somaxconn value from /proc/sys/net/core/somaxconn file
[1751140433.948062] [flux-sample-14:2529 :0]            sock.c:513  UCX  WARN  unable to read somaxconn value from /proc/sys/net/core/somaxconn file
[1751140433.773104] [flux-sample-12:2423 :0]            sock.c:513  UCX  WARN  unable to read somaxconn value from /proc/sys/net/core/somaxconn file
[1751140433.888578] [flux-sample-13:2418 :0]            sock.c:513  UCX  WARN  unable to read somaxconn value from /proc/sys/net/core/somaxconn file
[1751140433.941229] [flux-sample-8:2478 :0]            sock.c:513  UCX  WARN  unable to read somaxconn value from /proc/sys/net/core/somaxconn file
[1751140433.940747] [flux-sample-7:3724 :0]            sock.c:513  UCX  WARN  unable to read somaxconn value from /proc/sys/net/core/somaxconn file
[1751140433.939594] [flux-sample-9:2438 :0]            sock.c:513  UCX  WARN  unable to read somaxconn value from /proc/sys/net/core/somaxconn file
[1751140433.925743] [flux-sample-15:2435 :0]            sock.c:513  UCX  WARN  unable to read somaxconn value from /proc/sys/net/core/somaxconn file
[1751140433.903486] [flux-sample-11:2532 :0]            sock.c:513  UCX  WARN  unable to read somaxconn value from /proc/sys/net/core/somaxconn file
[1751140433.823709] [flux-sample-10:2403 :0]            sock.c:513  UCX  WARN  unable to read somaxconn value from /proc/sys/net/core/somaxconn file
[1751140433.935931] [flux-sample-14:2526 :0]            sock.c:513  UCX  WARN  unable to read somaxconn value from /proc/sys/net/core/somaxconn file
[1751140433.926323] [flux-sample-12:2421 :0]            sock.c:513  UCX  WARN  unable to read somaxconn value from /proc/sys/net/core/somaxconn file
[1751140433.860203] [flux-sample-13:2416 :0]            sock.c:513  UCX  WARN  unable to read somaxconn value from /proc/sys/net/core/somaxconn file
[1751140433.933969] [flux-sample-8:2475 :0]            sock.c:513  UCX  WARN  unable to read somaxconn value from /proc/sys/net/core/somaxconn file
[1751140433.958102] [flux-sample-7:3721 :0]            sock.c:513  UCX  WARN  unable to read somaxconn value from /proc/sys/net/core/somaxconn file
[1751140433.940809] [flux-sample-9:2435 :0]            sock.c:513  UCX  WARN  unable to read somaxconn value from /proc/sys/net/core/somaxconn file
[1751140433.916914] [flux-sample-15:2433 :0]            sock.c:513  UCX  WARN  unable to read somaxconn value from /proc/sys/net/core/somaxconn file
[1751140433.899501] [flux-sample-11:2530 :0]            sock.c:513  UCX  WARN  unable to read somaxconn value from /proc/sys/net/core/somaxconn file
[1751140433.931509] [flux-sample-10:2470 :0]            sock.c:513  UCX  WARN  unable to read somaxconn value from /proc/sys/net/core/somaxconn file
[1751140433.839542] [flux-sample-14:2523 :0]            sock.c:513  UCX  WARN  unable to read somaxconn value from /proc/sys/net/core/somaxconn file
[1751140433.914489] [flux-sample-12:2417 :0]            sock.c:513  UCX  WARN  unable to read somaxconn value from /proc/sys/net/core/somaxconn file
[1751140433.878572] [flux-sample-13:2413 :0]            sock.c:513  UCX  WARN  unable to read somaxconn value from /proc/sys/net/core/somaxconn file
[1751140433.817888] [flux-sample-8:2473 :0]            sock.c:513  UCX  WARN  unable to read somaxconn value from /proc/sys/net/core/somaxconn file
[1751140433.959164] [flux-sample-7:3718 :0]            sock.c:513  UCX  WARN  unable to read somaxconn value from /proc/sys/net/core/somaxconn file
[1751140433.951073] [flux-sample-9:2433 :0]            sock.c:513  UCX  WARN  unable to read somaxconn value from /proc/sys/net/core/somaxconn file
[1751140433.821695] [flux-sample-15:2431 :0]            sock.c:513  UCX  WARN  unable to read somaxconn value from /proc/sys/net/core/somaxconn file
[1751140433.900499] [flux-sample-11:2528 :0]            sock.c:513  UCX  WARN  unable to read somaxconn value from /proc/sys/net/core/somaxconn file
[1751140433.880377] [flux-sample-11:2526 :0]            sock.c:513  UCX  WARN  unable to read somaxconn value from /proc/sys/net/core/somaxconn file
[1751140433.892037] [flux-sample-14:2522 :0]            sock.c:513  UCX  WARN  unable to read somaxconn value from /proc/sys/net/core/somaxconn file
[1751140433.771455] [flux-sample-12:2415 :0]            sock.c:513  UCX  WARN  unable to read somaxconn value from /proc/sys/net/core/somaxconn file
[1751140433.860634] [flux-sample-13:2412 :0]            sock.c:513  UCX  WARN  unable to read somaxconn value from /proc/sys/net/core/somaxconn file
[1751140433.819032] [flux-sample-8:2471 :0]            sock.c:513  UCX  WARN  unable to read somaxconn value from /proc/sys/net/core/somaxconn file
[1751140433.772129] [flux-sample-7:3742 :0]            sock.c:513  UCX  WARN  unable to read somaxconn value from /proc/sys/net/core/somaxconn file
[1751140433.938659] [flux-sample-9:2431 :0]            sock.c:513  UCX  WARN  unable to read somaxconn value from /proc/sys/net/core/somaxconn file
[1751140433.932711] [flux-sample-15:2430 :0]            sock.c:513  UCX  WARN  unable to read somaxconn value from /proc/sys/net/core/somaxconn file
[1751140433.880377] [flux-sample-11:2524 :0]            sock.c:513  UCX  WARN  unable to read somaxconn value from /proc/sys/net/core/somaxconn file
[1751140433.850088] [flux-sample-14:2520 :0]            sock.c:513  UCX  WARN  unable to read somaxconn value from /proc/sys/net/core/somaxconn file
[1751140433.779511] [flux-sample-12:2412 :0]            sock.c:513  UCX  WARN  unable to read somaxconn value from /proc/sys/net/core/somaxconn file
[1751140433.881166] [flux-sample-13:2411 :0]            sock.c:513  UCX  WARN  unable to read somaxconn value from /proc/sys/net/core/somaxconn file
[1751140433.817894] [flux-sample-8:2468 :0]            sock.c:513  UCX  WARN  unable to read somaxconn value from /proc/sys/net/core/somaxconn file
[1751140433.948274] [flux-sample-7:3739 :0]            sock.c:513  UCX  WARN  unable to read somaxconn value from /proc/sys/net/core/somaxconn file
[1751140433.913359] [flux-sample-9:2429 :0]            sock.c:513  UCX  WARN  unable to read somaxconn value from /proc/sys/net/core/somaxconn file
[1751140433.930928] [flux-sample-15:2428 :0]            sock.c:513  UCX  WARN  unable to read somaxconn value from /proc/sys/net/core/somaxconn file
[1751140433.913385] [flux-sample-11:2522 :0]            sock.c:513  UCX  WARN  unable to read somaxconn value from /proc/sys/net/core/somaxconn file
[1751140433.928739] [flux-sample-14:2519 :0]            sock.c:513  UCX  WARN  unable to read somaxconn value from /proc/sys/net/core/somaxconn file
[1751140433.786672] [flux-sample-12:2411 :0]            sock.c:513  UCX  WARN  unable to read somaxconn value from /proc/sys/net/core/somaxconn file
[1751140433.860946] [flux-sample-13:2410 :0]            sock.c:513  UCX  WARN  unable to read somaxconn value from /proc/sys/net/core/somaxconn file
[1751140433.787039] [flux-sample-8:2467 :0]            sock.c:513  UCX  WARN  unable to read somaxconn value from /proc/sys/net/core/somaxconn file
[1751140433.826024] [flux-sample-7:3733 :0]            sock.c:513  UCX  WARN  unable to read somaxconn value from /proc/sys/net/core/somaxconn file
[1751140433.889727] [flux-sample-9:2427 :0]            sock.c:513  UCX  WARN  unable to read somaxconn value from /proc/sys/net/core/somaxconn file
[1751140433.932103] [flux-sample-15:2425 :0]            sock.c:513  UCX  WARN  unable to read somaxconn value from /proc/sys/net/core/somaxconn file
[1751140433.871971] [flux-sample-11:2520 :0]            sock.c:513  UCX  WARN  unable to read somaxconn value from /proc/sys/net/core/somaxconn file
[1751140433.943983] [flux-sample-14:2518 :0]            sock.c:513  UCX  WARN  unable to read somaxconn value from /proc/sys/net/core/somaxconn file
[1751140433.773090] [flux-sample-12:2410 :0]            sock.c:513  UCX  WARN  unable to read somaxconn value from /proc/sys/net/core/somaxconn file
[1751140433.885718] [flux-sample-13:2409 :0]            sock.c:513  UCX  WARN  unable to read somaxconn value from /proc/sys/net/core/somaxconn file
[1751140433.787598] [flux-sample-8:2466 :0]            sock.c:513  UCX  WARN  unable to read somaxconn value from /proc/sys/net/core/somaxconn file
[1751140433.959393] [flux-sample-7:3722 :0]            sock.c:513  UCX  WARN  unable to read somaxconn value from /proc/sys/net/core/somaxconn file
[1751140433.877031] [flux-sample-9:2425 :0]            sock.c:513  UCX  WARN  unable to read somaxconn value from /proc/sys/net/core/somaxconn file
[1751140433.929169] [flux-sample-15:2424 :0]            sock.c:513  UCX  WARN  unable to read somaxconn value from /proc/sys/net/core/somaxconn file
[1751140433.888744] [flux-sample-11:2517 :0]            sock.c:513  UCX  WARN  unable to read somaxconn value from /proc/sys/net/core/somaxconn file
[1751140433.925138] [flux-sample-14:2516 :0]            sock.c:513  UCX  WARN  unable to read somaxconn value from /proc/sys/net/core/somaxconn file
[1751140433.773090] [flux-sample-12:2409 :0]            sock.c:513  UCX  WARN  unable to read somaxconn value from /proc/sys/net/core/somaxconn file
[1751140433.861109] [flux-sample-13:2408 :0]            sock.c:513  UCX  WARN  unable to read somaxconn value from /proc/sys/net/core/somaxconn file
[1751140433.810084] [flux-sample-8:2465 :0]            sock.c:513  UCX  WARN  unable to read somaxconn value from /proc/sys/net/core/somaxconn file
[1751140433.853867] [flux-sample-7:3717 :0]            sock.c:513  UCX  WARN  unable to read somaxconn value from /proc/sys/net/core/somaxconn file
[1751140433.928575] [flux-sample-9:2424 :0]            sock.c:513  UCX  WARN  unable to read somaxconn value from /proc/sys/net/core/somaxconn file
[1751140433.915416] [flux-sample-15:2421 :0]            sock.c:513  UCX  WARN  unable to read somaxconn value from /proc/sys/net/core/somaxconn file
[1751140433.796506] [flux-sample-11:2514 :0]            sock.c:513  UCX  WARN  unable to read somaxconn value from /proc/sys/net/core/somaxconn file
[1751140433.923060] [flux-sample-14:2514 :0]            sock.c:513  UCX  WARN  unable to read somaxconn value from /proc/sys/net/core/somaxconn file
[1751140433.771987] [flux-sample-12:2408 :0]            sock.c:513  UCX  WARN  unable to read somaxconn value from /proc/sys/net/core/somaxconn file
[1751140433.879946] [flux-sample-13:2407 :0]            sock.c:513  UCX  WARN  unable to read somaxconn value from /proc/sys/net/core/somaxconn file
[1751140433.789512] [flux-sample-8:2464 :0]            sock.c:513  UCX  WARN  unable to read somaxconn value from /proc/sys/net/core/somaxconn file
[1751140433.825706] [flux-sample-7:3716 :0]            sock.c:513  UCX  WARN  unable to read somaxconn value from /proc/sys/net/core/somaxconn file
[1751140433.820900] [flux-sample-9:2423 :0]            sock.c:513  UCX  WARN  unable to read somaxconn value from /proc/sys/net/core/somaxconn file
[1751140433.929941] [flux-sample-15:2418 :0]            sock.c:513  UCX  WARN  unable to read somaxconn value from /proc/sys/net/core/somaxconn file
[1751140433.796204] [flux-sample-11:2512 :0]            sock.c:513  UCX  WARN  unable to read somaxconn value from /proc/sys/net/core/somaxconn file
[1751140433.940008] [flux-sample-14:2511 :0]            sock.c:513  UCX  WARN  unable to read somaxconn value from /proc/sys/net/core/somaxconn file
[1751140433.771987] [flux-sample-12:2407 :0]            sock.c:513  UCX  WARN  unable to read somaxconn value from /proc/sys/net/core/somaxconn file
[1751140433.899224] [flux-sample-13:2406 :0]            sock.c:513  UCX  WARN  unable to read somaxconn value from /proc/sys/net/core/somaxconn file
[1751140433.787607] [flux-sample-8:2463 :0]            sock.c:513  UCX  WARN  unable to read somaxconn value from /proc/sys/net/core/somaxconn file
[1751140433.962180] [flux-sample-7:3715 :0]            sock.c:513  UCX  WARN  unable to read somaxconn value from /proc/sys/net/core/somaxconn file
[1751140433.858235] [flux-sample-9:2421 :0]            sock.c:513  UCX  WARN  unable to read somaxconn value from /proc/sys/net/core/somaxconn file
[1751140433.914722] [flux-sample-15:2417 :0]            sock.c:513  UCX  WARN  unable to read somaxconn value from /proc/sys/net/core/somaxconn file
[1751140433.884424] [flux-sample-11:2510 :0]            sock.c:513  UCX  WARN  unable to read somaxconn value from /proc/sys/net/core/somaxconn file
[1751140433.894601] [flux-sample-14:2510 :0]            sock.c:513  UCX  WARN  unable to read somaxconn value from /proc/sys/net/core/somaxconn file
[1751140433.927915] [flux-sample-12:2406 :0]            sock.c:513  UCX  WARN  unable to read somaxconn value from /proc/sys/net/core/somaxconn file
[1751140433.898709] [flux-sample-13:2405 :0]            sock.c:513  UCX  WARN  unable to read somaxconn value from /proc/sys/net/core/somaxconn file
[1751140433.804488] [flux-sample-8:2462 :0]            sock.c:513  UCX  WARN  unable to read somaxconn value from /proc/sys/net/core/somaxconn file
[1751140433.967255] [flux-sample-7:3714 :0]            sock.c:513  UCX  WARN  unable to read somaxconn value from /proc/sys/net/core/somaxconn file
[1751140433.926836] [flux-sample-9:2419 :0]            sock.c:513  UCX  WARN  unable to read somaxconn value from /proc/sys/net/core/somaxconn file
[1751140433.780671] [flux-sample-15:2413 :0]            sock.c:513  UCX  WARN  unable to read somaxconn value from /proc/sys/net/core/somaxconn file
[1751140433.886425] [flux-sample-11:2506 :0]            sock.c:513  UCX  WARN  unable to read somaxconn value from /proc/sys/net/core/somaxconn file
[1751140433.849478] [flux-sample-14:2508 :0]            sock.c:513  UCX  WARN  unable to read somaxconn value from /proc/sys/net/core/somaxconn file
[1751140433.773101] [flux-sample-12:2405 :0]            sock.c:513  UCX  WARN  unable to read somaxconn value from /proc/sys/net/core/somaxconn file
[1751140433.867012] [flux-sample-13:2404 :0]            sock.c:513  UCX  WARN  unable to read somaxconn value from /proc/sys/net/core/somaxconn file
[1751140433.789507] [flux-sample-8:2461 :0]            sock.c:513  UCX  WARN  unable to read somaxconn value from /proc/sys/net/core/somaxconn file
[1751140433.960006] [flux-sample-7:3713 :0]            sock.c:513  UCX  WARN  unable to read somaxconn value from /proc/sys/net/core/somaxconn file
[1751140433.808987] [flux-sample-9:2417 :0]            sock.c:513  UCX  WARN  unable to read somaxconn value from /proc/sys/net/core/somaxconn file
[1751140433.780674] [flux-sample-15:2412 :0]            sock.c:513  UCX  WARN  unable to read somaxconn value from /proc/sys/net/core/somaxconn file
[1751140433.882229] [flux-sample-11:2505 :0]            sock.c:513  UCX  WARN  unable to read somaxconn value from /proc/sys/net/core/somaxconn file
[1751140433.834054] [flux-sample-14:2506 :0]            sock.c:513  UCX  WARN  unable to read somaxconn value from /proc/sys/net/core/somaxconn file
[1751140433.773067] [flux-sample-12:2404 :0]            sock.c:513  UCX  WARN  unable to read somaxconn value from /proc/sys/net/core/somaxconn file
[1751140433.911512] [flux-sample-13:2403 :0]            sock.c:513  UCX  WARN  unable to read somaxconn value from /proc/sys/net/core/somaxconn file
[1751140433.788851] [flux-sample-8:2460 :0]            sock.c:513  UCX  WARN  unable to read somaxconn value from /proc/sys/net/core/somaxconn file
[1751140433.840505] [flux-sample-7:3712 :0]            sock.c:513  UCX  WARN  unable to read somaxconn value from /proc/sys/net/core/somaxconn file
[1751140433.808812] [flux-sample-9:2413 :0]            sock.c:513  UCX  WARN  unable to read somaxconn value from /proc/sys/net/core/somaxconn file
[1751140433.810718] [flux-sample-15:2411 :0]            sock.c:513  UCX  WARN  unable to read somaxconn value from /proc/sys/net/core/somaxconn file
[1751140433.884410] [flux-sample-11:2503 :0]            sock.c:513  UCX  WARN  unable to read somaxconn value from /proc/sys/net/core/somaxconn file
[1751140433.924331] [flux-sample-14:2502 :0]            sock.c:513  UCX  WARN  unable to read somaxconn value from /proc/sys/net/core/somaxconn file
[1751140433.773075] [flux-sample-12:2403 :0]            sock.c:513  UCX  WARN  unable to read somaxconn value from /proc/sys/net/core/somaxconn file
[1751140433.864734] [flux-sample-13:2454 :0]            sock.c:513  UCX  WARN  unable to read somaxconn value from /proc/sys/net/core/somaxconn file
[1751140433.806526] [flux-sample-8:2459 :0]            sock.c:513  UCX  WARN  unable to read somaxconn value from /proc/sys/net/core/somaxconn file
[1751140433.851843] [flux-sample-7:3711 :0]            sock.c:513  UCX  WARN  unable to read somaxconn value from /proc/sys/net/core/somaxconn file
[1751140433.810166] [flux-sample-9:2411 :0]            sock.c:513  UCX  WARN  unable to read somaxconn value from /proc/sys/net/core/somaxconn file
[1751140433.932102] [flux-sample-15:2409 :0]            sock.c:513  UCX  WARN  unable to read somaxconn value from /proc/sys/net/core/somaxconn file
[1751140433.888737] [flux-sample-11:2502 :0]            sock.c:513  UCX  WARN  unable to read somaxconn value from /proc/sys/net/core/somaxconn file
[1751140433.945587] [flux-sample-14:2499 :0]            sock.c:513  UCX  WARN  unable to read somaxconn value from /proc/sys/net/core/somaxconn file
[1751140433.762760] [flux-sample-15:2408 :0]            sock.c:513  UCX  WARN  unable to read somaxconn value from /proc/sys/net/core/somaxconn file
[1751140433.727623] [flux-sample-9:2410 :0]            sock.c:513  UCX  WARN  unable to read somaxconn value from /proc/sys/net/core/somaxconn file
[1751140433.942341] [flux-sample-7:3710 :0]            sock.c:513  UCX  WARN  unable to read somaxconn value from /proc/sys/net/core/somaxconn file
[1751140433.810714] [flux-sample-11:2500 :0]            sock.c:513  UCX  WARN  unable to read somaxconn value from /proc/sys/net/core/somaxconn file
[1751140433.814283] [flux-sample-14:2496 :0]            sock.c:513  UCX  WARN  unable to read somaxconn value from /proc/sys/net/core/somaxconn file
[1751140433.762753] [flux-sample-15:2407 :0]            sock.c:513  UCX  WARN  unable to read somaxconn value from /proc/sys/net/core/somaxconn file
[1751140433.727623] [flux-sample-9:2409 :0]            sock.c:513  UCX  WARN  unable to read somaxconn value from /proc/sys/net/core/somaxconn file
[1751140433.861110] [flux-sample-7:3709 :0]            sock.c:513  UCX  WARN  unable to read somaxconn value from /proc/sys/net/core/somaxconn file
[1751140433.809402] [flux-sample-11:2499 :0]            sock.c:513  UCX  WARN  unable to read somaxconn value from /proc/sys/net/core/somaxconn file
[1751140433.919367] [flux-sample-14:2493 :0]            sock.c:513  UCX  WARN  unable to read somaxconn value from /proc/sys/net/core/somaxconn file
[1751140433.762743] [flux-sample-15:2406 :0]            sock.c:513  UCX  WARN  unable to read somaxconn value from /proc/sys/net/core/somaxconn file
[1751140433.751889] [flux-sample-9:2408 :0]            sock.c:513  UCX  WARN  unable to read somaxconn value from /proc/sys/net/core/somaxconn file
[1751140433.939701] [flux-sample-7:3745 :0]            sock.c:513  UCX  WARN  unable to read somaxconn value from /proc/sys/net/core/somaxconn file
[1751140433.790641] [flux-sample-11:2496 :0]            sock.c:513  UCX  WARN  unable to read somaxconn value from /proc/sys/net/core/somaxconn file
[1751140433.947536] [flux-sample-14:2491 :0]            sock.c:513  UCX  WARN  unable to read somaxconn value from /proc/sys/net/core/somaxconn file
[1751140433.762758] [flux-sample-15:2405 :0]            sock.c:513  UCX  WARN  unable to read somaxconn value from /proc/sys/net/core/somaxconn file
[1751140433.751889] [flux-sample-9:2407 :0]            sock.c:513  UCX  WARN  unable to read somaxconn value from /proc/sys/net/core/somaxconn file
[1751140433.795398] [flux-sample-11:2493 :0]            sock.c:513  UCX  WARN  unable to read somaxconn value from /proc/sys/net/core/somaxconn file
[1751140433.939264] [flux-sample-14:2489 :0]            sock.c:513  UCX  WARN  unable to read somaxconn value from /proc/sys/net/core/somaxconn file
[1751140433.761977] [flux-sample-15:2404 :0]            sock.c:513  UCX  WARN  unable to read somaxconn value from /proc/sys/net/core/somaxconn file
[1751140433.752666] [flux-sample-9:2406 :0]            sock.c:513  UCX  WARN  unable to read somaxconn value from /proc/sys/net/core/somaxconn file
[1751140433.807635] [flux-sample-11:2490 :0]            sock.c:513  UCX  WARN  unable to read somaxconn value from /proc/sys/net/core/somaxconn file
[1751140433.935038] [flux-sample-14:2487 :0]            sock.c:513  UCX  WARN  unable to read somaxconn value from /proc/sys/net/core/somaxconn file
[1751140433.762767] [flux-sample-15:2410 :0]            sock.c:513  UCX  WARN  unable to read somaxconn value from /proc/sys/net/core/somaxconn file
[1751140433.727622] [flux-sample-9:2405 :0]            sock.c:513  UCX  WARN  unable to read somaxconn value from /proc/sys/net/core/somaxconn file
[1751140433.807809] [flux-sample-11:2487 :0]            sock.c:513  UCX  WARN  unable to read somaxconn value from /proc/sys/net/core/somaxconn file
[1751140433.951450] [flux-sample-14:2486 :0]            sock.c:513  UCX  WARN  unable to read somaxconn value from /proc/sys/net/core/somaxconn file
[1751140433.727620] [flux-sample-9:2404 :0]            sock.c:513  UCX  WARN  unable to read somaxconn value from /proc/sys/net/core/somaxconn file
[1751140433.792434] [flux-sample-11:2485 :0]            sock.c:513  UCX  WARN  unable to read somaxconn value from /proc/sys/net/core/somaxconn file
[1751140433.938067] [flux-sample-14:2484 :0]            sock.c:513  UCX  WARN  unable to read somaxconn value from /proc/sys/net/core/somaxconn file
[1751140433.810939] [flux-sample-9:2403 :0]            sock.c:513  UCX  WARN  unable to read somaxconn value from /proc/sys/net/core/somaxconn file
[1751140433.800482] [flux-sample-11:2483 :0]            sock.c:513  UCX  WARN  unable to read somaxconn value from /proc/sys/net/core/somaxconn file
[1751140433.933428] [flux-sample-14:2482 :0]            sock.c:513  UCX  WARN  unable to read somaxconn value from /proc/sys/net/core/somaxconn file
[1751140433.792431] [flux-sample-11:2481 :0]            sock.c:513  UCX  WARN  unable to read somaxconn value from /proc/sys/net/core/somaxconn file
[1751140433.936570] [flux-sample-14:2481 :0]            sock.c:513  UCX  WARN  unable to read somaxconn value from /proc/sys/net/core/somaxconn file
[1751140433.782697] [flux-sample-11:2480 :0]            sock.c:513  UCX  WARN  unable to read somaxconn value from /proc/sys/net/core/somaxconn file
[1751140433.938397] [flux-sample-14:2478 :0]            sock.c:513  UCX  WARN  unable to read somaxconn value from /proc/sys/net/core/somaxconn file
[1751140433.796508] [flux-sample-11:2478 :0]            sock.c:513  UCX  WARN  unable to read somaxconn value from /proc/sys/net/core/somaxconn file
[1751140433.942465] [flux-sample-14:2475 :0]            sock.c:513  UCX  WARN  unable to read somaxconn value from /proc/sys/net/core/somaxconn file
[1751140433.782697] [flux-sample-11:2475 :0]            sock.c:513  UCX  WARN  unable to read somaxconn value from /proc/sys/net/core/somaxconn file
[1751140433.825899] [flux-sample-14:2474 :0]            sock.c:513  UCX  WARN  unable to read somaxconn value from /proc/sys/net/core/somaxconn file
[1751140433.909534] [flux-sample-11:2474 :0]            sock.c:513  UCX  WARN  unable to read somaxconn value from /proc/sys/net/core/somaxconn file
[1751140433.874148] [flux-sample-14:2472 :0]            sock.c:513  UCX  WARN  unable to read somaxconn value from /proc/sys/net/core/somaxconn file
[1751140433.907660] [flux-sample-11:2470 :0]            sock.c:513  UCX  WARN  unable to read somaxconn value from /proc/sys/net/core/somaxconn file
[1751140433.926364] [flux-sample-14:2468 :0]            sock.c:513  UCX  WARN  unable to read somaxconn value from /proc/sys/net/core/somaxconn file
[1751140433.885160] [flux-sample-11:2468 :0]            sock.c:513  UCX  WARN  unable to read somaxconn value from /proc/sys/net/core/somaxconn file
[1751140433.798101] [flux-sample-14:2467 :0]            sock.c:513  UCX  WARN  unable to read somaxconn value from /proc/sys/net/core/somaxconn file
[1751140433.795409] [flux-sample-11:2467 :0]            sock.c:513  UCX  WARN  unable to read somaxconn value from /proc/sys/net/core/somaxconn file
[1751140433.798101] [flux-sample-14:2466 :0]            sock.c:513  UCX  WARN  unable to read somaxconn value from /proc/sys/net/core/somaxconn file
[1751140433.795524] [flux-sample-11:2466 :0]            sock.c:513  UCX  WARN  unable to read somaxconn value from /proc/sys/net/core/somaxconn file
[1751140433.888942] [flux-sample-14:2465 :0]            sock.c:513  UCX  WARN  unable to read somaxconn value from /proc/sys/net/core/somaxconn file
[1751140433.889391] [flux-sample-11:2465 :0]            sock.c:513  UCX  WARN  unable to read somaxconn value from /proc/sys/net/core/somaxconn file
[1751140433.795540] [flux-sample-14:2464 :0]            sock.c:513  UCX  WARN  unable to read somaxconn value from /proc/sys/net/core/somaxconn file
[1751140433.792433] [flux-sample-11:2464 :0]            sock.c:513  UCX  WARN  unable to read somaxconn value from /proc/sys/net/core/somaxconn file
[1751140433.796406] [flux-sample-14:2463 :0]            sock.c:513  UCX  WARN  unable to read somaxconn value from /proc/sys/net/core/somaxconn file
[1751140433.790155] [flux-sample-11:2463 :0]            sock.c:513  UCX  WARN  unable to read somaxconn value from /proc/sys/net/core/somaxconn file
[1751140433.795540] [flux-sample-14:2462 :0]            sock.c:513  UCX  WARN  unable to read somaxconn value from /proc/sys/net/core/somaxconn file
[1751140433.728528] [flux-sample-11:2462 :0]            sock.c:513  UCX  WARN  unable to read somaxconn value from /proc/sys/net/core/somaxconn file
[1751140433.796406] [flux-sample-14:2461 :0]            sock.c:513  UCX  WARN  unable to read somaxconn value from /proc/sys/net/core/somaxconn file
[1751140433.688491] [flux-sample-11:2461 :0]            sock.c:513  UCX  WARN  unable to read somaxconn value from /proc/sys/net/core/somaxconn file
[1751140433.796395] [flux-sample-14:2460 :0]            sock.c:513  UCX  WARN  unable to read somaxconn value from /proc/sys/net/core/somaxconn file
[1751140433.688492] [flux-sample-11:2460 :0]            sock.c:513  UCX  WARN  unable to read somaxconn value from /proc/sys/net/core/somaxconn file
[1751140433.796407] [flux-sample-14:2459 :0]            sock.c:513  UCX  WARN  unable to read somaxconn value from /proc/sys/net/core/somaxconn file
[1751140433.720393] [flux-sample-11:2459 :0]            sock.c:513  UCX  WARN  unable to read somaxconn value from /proc/sys/net/core/somaxconn file
4                      58.72
8                      56.86
16                     88.68
32                     73.49
64                    255.83
128                   140.92
256                   123.21
512                   341.44
1024                  145.09
2048                   92.38
4096                  144.47
8192                  308.19
16384                 251.53
32768                 277.92
65536                 313.02
131072                554.32
262144                703.09
524288               1479.62
1048576              3445.07
