[1751140309.881324] [flux-sample-0:4388 :0]            sock.c:513  UCX  WARN  unable to read somaxconn value from /proc/sys/net/core/somaxconn file
[1751140309.878468] [flux-sample-0:4386 :0]            sock.c:513  UCX  WARN  unable to read somaxconn value from /proc/sys/net/core/somaxconn file
[1751140309.878468] [flux-sample-0:4384 :0]            sock.c:513  UCX  WARN  unable to read somaxconn value from /proc/sys/net/core/somaxconn file
[1751140309.873257] [flux-sample-0:4382 :0]            sock.c:513  UCX  WARN  unable to read somaxconn value from /proc/sys/net/core/somaxconn file
[1751140309.890545] [flux-sample-0:4381 :0]            sock.c:513  UCX  WARN  unable to read somaxconn value from /proc/sys/net/core/somaxconn file
[1751140309.873257] [flux-sample-0:4379 :0]            sock.c:513  UCX  WARN  unable to read somaxconn value from /proc/sys/net/core/somaxconn file
[1751140309.868609] [flux-sample-0:4377 :0]            sock.c:513  UCX  WARN  unable to read somaxconn value from /proc/sys/net/core/somaxconn file
[1751140309.870837] [flux-sample-0:4375 :0]            sock.c:513  UCX  WARN  unable to read somaxconn value from /proc/sys/net/core/somaxconn file
[1751140309.870837] [flux-sample-0:4373 :0]            sock.c:513  UCX  WARN  unable to read somaxconn value from /proc/sys/net/core/somaxconn file
[1751140309.869858] [flux-sample-0:4371 :0]            sock.c:513  UCX  WARN  unable to read somaxconn value from /proc/sys/net/core/somaxconn file
[1751140309.809008] [flux-sample-0:4369 :0]            sock.c:513  UCX  WARN  unable to read somaxconn value from /proc/sys/net/core/somaxconn file
[1751140309.850123] [flux-sample-0:4367 :0]            sock.c:513  UCX  WARN  unable to read somaxconn value from /proc/sys/net/core/somaxconn file
[1751140309.795089] [flux-sample-0:4365 :0]            sock.c:513  UCX  WARN  unable to read somaxconn value from /proc/sys/net/core/somaxconn file
[1751140309.795089] [flux-sample-0:4363 :0]            sock.c:513  UCX  WARN  unable to read somaxconn value from /proc/sys/net/core/somaxconn file
[1751140309.854977] [flux-sample-0:4361 :0]            sock.c:513  UCX  WARN  unable to read somaxconn value from /proc/sys/net/core/somaxconn file
[1751140309.810080] [flux-sample-0:4358 :0]            sock.c:513  UCX  WARN  unable to read somaxconn value from /proc/sys/net/core/somaxconn file
[1751140309.860760] [flux-sample-0:4356 :0]            sock.c:513  UCX  WARN  unable to read somaxconn value from /proc/sys/net/core/somaxconn file
[1751140309.885641] [flux-sample-0:4354 :0]            sock.c:513  UCX  WARN  unable to read somaxconn value from /proc/sys/net/core/somaxconn file
[1751140309.842016] [flux-sample-0:4352 :0]            sock.c:513  UCX  WARN  unable to read somaxconn value from /proc/sys/net/core/somaxconn file
[1751140309.809435] [flux-sample-0:4349 :0]            sock.c:513  UCX  WARN  unable to read somaxconn value from /proc/sys/net/core/somaxconn file
[1751140309.851496] [flux-sample-0:4348 :0]            sock.c:513  UCX  WARN  unable to read somaxconn value from /proc/sys/net/core/somaxconn file
[1751140309.871576] [flux-sample-0:4346 :0]            sock.c:513  UCX  WARN  unable to read somaxconn value from /proc/sys/net/core/somaxconn file
[1751140309.871569] [flux-sample-0:4344 :0]            sock.c:513  UCX  WARN  unable to read somaxconn value from /proc/sys/net/core/somaxconn file
[1751140309.871579] [flux-sample-0:4341 :0]            sock.c:513  UCX  WARN  unable to read somaxconn value from /proc/sys/net/core/somaxconn file
[1751140309.879628] [flux-sample-0:4340 :0]            sock.c:513  UCX  WARN  unable to read somaxconn value from /proc/sys/net/core/somaxconn file
[1751140309.759448] [flux-sample-0:4313 :0]            sock.c:513  UCX  WARN  unable to read somaxconn value from /proc/sys/net/core/somaxconn file
[1751140309.878738] [flux-sample-0:4336 :0]            sock.c:513  UCX  WARN  unable to read somaxconn value from /proc/sys/net/core/somaxconn file
[1751140309.869335] [flux-sample-0:4333 :0]            sock.c:513  UCX  WARN  unable to read somaxconn value from /proc/sys/net/core/somaxconn file
[1751140309.870581] [flux-sample-0:4331 :0]            sock.c:513  UCX  WARN  unable to read somaxconn value from /proc/sys/net/core/somaxconn file
[1751140309.875205] [flux-sample-0:4327 :0]            sock.c:513  UCX  WARN  unable to read somaxconn value from /proc/sys/net/core/somaxconn file
[1751140309.884548] [flux-sample-0:4325 :0]            sock.c:513  UCX  WARN  unable to read somaxconn value from /proc/sys/net/core/somaxconn file
[1751140309.882769] [flux-sample-0:4322 :0]            sock.c:513  UCX  WARN  unable to read somaxconn value from /proc/sys/net/core/somaxconn file
[1751140309.884936] [flux-sample-0:4320 :0]            sock.c:513  UCX  WARN  unable to read somaxconn value from /proc/sys/net/core/somaxconn file
[1751140309.885648] [flux-sample-0:4319 :0]            sock.c:513  UCX  WARN  unable to read somaxconn value from /proc/sys/net/core/somaxconn file
[1751140309.887382] [flux-sample-0:4316 :0]            sock.c:513  UCX  WARN  unable to read somaxconn value from /proc/sys/net/core/somaxconn file
[1751140309.763840] [flux-sample-0:4309 :0]            sock.c:513  UCX  WARN  unable to read somaxconn value from /proc/sys/net/core/somaxconn file
[1751140309.774021] [flux-sample-0:4307 :0]            sock.c:513  UCX  WARN  unable to read somaxconn value from /proc/sys/net/core/somaxconn file
[1751140309.673908] [flux-sample-0:4306 :0]            sock.c:513  UCX  WARN  unable to read somaxconn value from /proc/sys/net/core/somaxconn file
[1751140309.673908] [flux-sample-0:4305 :0]            sock.c:513  UCX  WARN  unable to read somaxconn value from /proc/sys/net/core/somaxconn file
[1751140309.752074] [flux-sample-0:4304 :0]            sock.c:513  UCX  WARN  unable to read somaxconn value from /proc/sys/net/core/somaxconn file
[1751140309.673900] [flux-sample-0:4303 :0]            sock.c:513  UCX  WARN  unable to read somaxconn value from /proc/sys/net/core/somaxconn file
[1751140309.674170] [flux-sample-0:4302 :0]            sock.c:513  UCX  WARN  unable to read somaxconn value from /proc/sys/net/core/somaxconn file
[1751140309.675888] [flux-sample-0:4301 :0]            sock.c:513  UCX  WARN  unable to read somaxconn value from /proc/sys/net/core/somaxconn file
[1751140309.748945] [flux-sample-0:4300 :0]            sock.c:513  UCX  WARN  unable to read somaxconn value from /proc/sys/net/core/somaxconn file
[1751140309.688575] [flux-sample-0:4299 :0]            sock.c:513  UCX  WARN  unable to read somaxconn value from /proc/sys/net/core/somaxconn file
[1751140309.751267] [flux-sample-0:4298 :0]            sock.c:513  UCX  WARN  unable to read somaxconn value from /proc/sys/net/core/somaxconn file
[1751140309.909179] [flux-sample-1:4096 :0]            sock.c:513  UCX  WARN  unable to read somaxconn value from /proc/sys/net/core/somaxconn file

[1751140309.906880] [flux-sample-25:1004 :0]            sock.c:513  UCX  WARN  unable to read somaxconn value from /proc/sys/net/core/somaxconn file
# OSU MPI Allreduce Latency Test v7.5
[1751140309.844899] [flux-sample-25:992  :0]            sock.c:513  UCX  WARN  unable to read somaxconn value from /proc/sys/net/core/somaxconn file
# Datatype: MPI_INT.
[1751140309.840725] [flux-sample-25:990  :0]            sock.c:513  UCX  WARN  unable to read somaxconn value from /proc/sys/net/core/somaxconn file
# Size       Avg Latency(us)
[1751140309.837683] [flux-sample-25:987  :0]            sock.c:513  UCX  WARN  unable to read somaxconn value from /proc/sys/net/core/somaxconn file
[1751140309.840727] [flux-sample-25:985  :0]            sock.c:513  UCX  WARN  unable to read somaxconn value from /proc/sys/net/core/somaxconn file
[1751140309.839429] [flux-sample-25:983  :0]            sock.c:513  UCX  WARN  unable to read somaxconn value from /proc/sys/net/core/somaxconn file
[1751140309.848033] [flux-sample-25:981  :0]            sock.c:513  UCX  WARN  unable to read somaxconn value from /proc/sys/net/core/somaxconn file
[1751140309.844295] [flux-sample-25:980  :0]            sock.c:513  UCX  WARN  unable to read somaxconn value from /proc/sys/net/core/somaxconn file
[1751140309.848025] [flux-sample-25:979  :0]            sock.c:513  UCX  WARN  unable to read somaxconn value from /proc/sys/net/core/somaxconn file
[1751140309.846416] [flux-sample-25:976  :0]            sock.c:513  UCX  WARN  unable to read somaxconn value from /proc/sys/net/core/somaxconn file
[1751140309.878788] [flux-sample-25:1020 :0]            sock.c:513  UCX  WARN  unable to read somaxconn value from /proc/sys/net/core/somaxconn file
[1751140309.911331] [flux-sample-1:4093 :0]            sock.c:513  UCX  WARN  unable to read somaxconn value from /proc/sys/net/core/somaxconn file
[1751140309.878738] [flux-sample-0:4338 :0]            sock.c:513  UCX  WARN  unable to read somaxconn value from /proc/sys/net/core/somaxconn file
[1751140309.904750] [flux-sample-25:1019 :0]            sock.c:513  UCX  WARN  unable to read somaxconn value from /proc/sys/net/core/somaxconn file
[1751140309.862903] [flux-sample-5:3075 :0]            sock.c:513  UCX  WARN  unable to read somaxconn value from /proc/sys/net/core/somaxconn file
[1751140309.885828] [flux-sample-7:3075 :0]            sock.c:513  UCX  WARN  unable to read somaxconn value from /proc/sys/net/core/somaxconn file
[1751140309.854821] [flux-sample-11:2102 :0]            sock.c:513  UCX  WARN  unable to read somaxconn value from /proc/sys/net/core/somaxconn file
[1751140309.925091] [flux-sample-26:1101 :0]            sock.c:513  UCX  WARN  unable to read somaxconn value from /proc/sys/net/core/somaxconn file
[1751140309.944794] [flux-sample-9:2007 :0]            sock.c:513  UCX  WARN  unable to read somaxconn value from /proc/sys/net/core/somaxconn file
[1751140309.897069] [flux-sample-13:2059 :0]            sock.c:513  UCX  WARN  unable to read somaxconn value from /proc/sys/net/core/somaxconn file
[1751140309.914269] [flux-sample-22:1051 :0]            sock.c:513  UCX  WARN  unable to read somaxconn value from /proc/sys/net/core/somaxconn file
[1751140309.837269] [flux-sample-23:1002 :0]            sock.c:513  UCX  WARN  unable to read somaxconn value from /proc/sys/net/core/somaxconn file
[1751140309.837888] [flux-sample-30:954  :0]            sock.c:513  UCX  WARN  unable to read somaxconn value from /proc/sys/net/core/somaxconn file
[1751140309.854138] [flux-sample-14:2116 :0]            sock.c:513  UCX  WARN  unable to read somaxconn value from /proc/sys/net/core/somaxconn file
[1751140309.902154] [flux-sample-29:1101 :0]            sock.c:513  UCX  WARN  unable to read somaxconn value from /proc/sys/net/core/somaxconn file
[1751140309.916514] [flux-sample-24:1043 :0]            sock.c:513  UCX  WARN  unable to read somaxconn value from /proc/sys/net/core/somaxconn file
[1751140310.015874] [flux-sample-16:1044 :0]            sock.c:513  UCX  WARN  unable to read somaxconn value from /proc/sys/net/core/somaxconn file
[1751140309.876075] [flux-sample-19:973  :0]            sock.c:513  UCX  WARN  unable to read somaxconn value from /proc/sys/net/core/somaxconn file
[1751140309.887216] [flux-sample-27:1035 :0]            sock.c:513  UCX  WARN  unable to read somaxconn value from /proc/sys/net/core/somaxconn file
[1751140309.907999] [flux-sample-1:4089 :0]            sock.c:513  UCX  WARN  unable to read somaxconn value from /proc/sys/net/core/somaxconn file
[1751140309.902634] [flux-sample-25:1013 :0]            sock.c:513  UCX  WARN  unable to read somaxconn value from /proc/sys/net/core/somaxconn file
[1751140309.914065] [flux-sample-5:3073 :0]            sock.c:513  UCX  WARN  unable to read somaxconn value from /proc/sys/net/core/somaxconn file
[1751140309.901934] [flux-sample-7:3072 :0]            sock.c:513  UCX  WARN  unable to read somaxconn value from /proc/sys/net/core/somaxconn file
[1751140309.808178] [flux-sample-11:2101 :0]            sock.c:513  UCX  WARN  unable to read somaxconn value from /proc/sys/net/core/somaxconn file
[1751140309.892853] [flux-sample-26:1099 :0]            sock.c:513  UCX  WARN  unable to read somaxconn value from /proc/sys/net/core/somaxconn file
[1751140309.942366] [flux-sample-9:2005 :0]            sock.c:513  UCX  WARN  unable to read somaxconn value from /proc/sys/net/core/somaxconn file
[1751140309.856980] [flux-sample-15:2010 :0]            sock.c:513  UCX  WARN  unable to read somaxconn value from /proc/sys/net/core/somaxconn file
[1751140309.899951] [flux-sample-13:2058 :0]            sock.c:513  UCX  WARN  unable to read somaxconn value from /proc/sys/net/core/somaxconn file
[1751140309.892651] [flux-sample-27:1032 :0]            sock.c:513  UCX  WARN  unable to read somaxconn value from /proc/sys/net/core/somaxconn file
[1751140309.805961] [flux-sample-23:999  :0]            sock.c:513  UCX  WARN  unable to read somaxconn value from /proc/sys/net/core/somaxconn file
[1751140309.843657] [flux-sample-30:953  :0]            sock.c:513  UCX  WARN  unable to read somaxconn value from /proc/sys/net/core/somaxconn file
[1751140309.851931] [flux-sample-14:2114 :0]            sock.c:513  UCX  WARN  unable to read somaxconn value from /proc/sys/net/core/somaxconn file
[1751140309.893712] [flux-sample-29:1099 :0]            sock.c:513  UCX  WARN  unable to read somaxconn value from /proc/sys/net/core/somaxconn file
[1751140309.902394] [flux-sample-24:1039 :0]            sock.c:513  UCX  WARN  unable to read somaxconn value from /proc/sys/net/core/somaxconn file
[1751140309.992829] [flux-sample-16:1042 :0]            sock.c:513  UCX  WARN  unable to read somaxconn value from /proc/sys/net/core/somaxconn file
[1751140309.876886] [flux-sample-19:1044 :0]            sock.c:513  UCX  WARN  unable to read somaxconn value from /proc/sys/net/core/somaxconn file
[1751140309.910689] [flux-sample-1:4087 :0]            sock.c:513  UCX  WARN  unable to read somaxconn value from /proc/sys/net/core/somaxconn file
[1751140309.896717] [flux-sample-25:1009 :0]            sock.c:513  UCX  WARN  unable to read somaxconn value from /proc/sys/net/core/somaxconn file
[1751140309.885648] [flux-sample-0:4314 :0]            sock.c:513  UCX  WARN  unable to read somaxconn value from /proc/sys/net/core/somaxconn file
[1751140309.911997] [flux-sample-5:3070 :0]            sock.c:513  UCX  WARN  unable to read somaxconn value from /proc/sys/net/core/somaxconn file
[1751140309.907816] [flux-sample-7:3070 :0]            sock.c:513  UCX  WARN  unable to read somaxconn value from /proc/sys/net/core/somaxconn file
[1751140309.780141] [flux-sample-11:2115 :0]            sock.c:513  UCX  WARN  unable to read somaxconn value from /proc/sys/net/core/somaxconn file
[1751140309.901660] [flux-sample-26:1096 :0]            sock.c:513  UCX  WARN  unable to read somaxconn value from /proc/sys/net/core/somaxconn file
[1751140309.940725] [flux-sample-9:2001 :0]            sock.c:513  UCX  WARN  unable to read somaxconn value from /proc/sys/net/core/somaxconn file
[1751140309.840401] [flux-sample-15:2008 :0]            sock.c:513  UCX  WARN  unable to read somaxconn value from /proc/sys/net/core/somaxconn file
[1751140309.904437] [flux-sample-13:2055 :0]            sock.c:513  UCX  WARN  unable to read somaxconn value from /proc/sys/net/core/somaxconn file
[1751140309.896181] [flux-sample-27:1030 :0]            sock.c:513  UCX  WARN  unable to read somaxconn value from /proc/sys/net/core/somaxconn file
[1751140309.884248] [flux-sample-23:998  :0]            sock.c:513  UCX  WARN  unable to read somaxconn value from /proc/sys/net/core/somaxconn file
[1751140309.901967] [flux-sample-30:1044 :0]            sock.c:513  UCX  WARN  unable to read somaxconn value from /proc/sys/net/core/somaxconn file
[1751140309.851931] [flux-sample-14:2111 :0]            sock.c:513  UCX  WARN  unable to read somaxconn value from /proc/sys/net/core/somaxconn file
[1751140309.881941] [flux-sample-29:1096 :0]            sock.c:513  UCX  WARN  unable to read somaxconn value from /proc/sys/net/core/somaxconn file
[1751140309.877872] [flux-sample-24:1037 :0]            sock.c:513  UCX  WARN  unable to read somaxconn value from /proc/sys/net/core/somaxconn file
[1751140310.009172] [flux-sample-16:1040 :0]            sock.c:513  UCX  WARN  unable to read somaxconn value from /proc/sys/net/core/somaxconn file
[1751140309.870357] [flux-sample-19:1042 :0]            sock.c:513  UCX  WARN  unable to read somaxconn value from /proc/sys/net/core/somaxconn file
[1751140309.801665] [flux-sample-4:3075 :0]            sock.c:513  UCX  WARN  unable to read somaxconn value from /proc/sys/net/core/somaxconn file
[1751140309.864053] [flux-sample-2:4004 :0]            sock.c:513  UCX  WARN  unable to read somaxconn value from /proc/sys/net/core/somaxconn file
[1751140309.853770] [flux-sample-10:2033 :0]            sock.c:513  UCX  WARN  unable to read somaxconn value from /proc/sys/net/core/somaxconn file
[1751140309.854111] [flux-sample-3:4090 :0]            sock.c:513  UCX  WARN  unable to read somaxconn value from /proc/sys/net/core/somaxconn file
[1751140309.763594] [flux-sample-17:1016 :0]            sock.c:513  UCX  WARN  unable to read somaxconn value from /proc/sys/net/core/somaxconn file
[1751140309.919139] [flux-sample-21:1043 :0]            sock.c:513  UCX  WARN  unable to read somaxconn value from /proc/sys/net/core/somaxconn file
[1751140309.913106] [flux-sample-22:1101 :0]            sock.c:513  UCX  WARN  unable to read somaxconn value from /proc/sys/net/core/somaxconn file
[1751140309.892985] [flux-sample-12:2059 :0]            sock.c:513  UCX  WARN  unable to read somaxconn value from /proc/sys/net/core/somaxconn file
[1751140309.902414] [flux-sample-20:1045 :0]            sock.c:513  UCX  WARN  unable to read somaxconn value from /proc/sys/net/core/somaxconn file
[1751140309.910647] [flux-sample-8:2116 :0]            sock.c:513  UCX  WARN  unable to read somaxconn value from /proc/sys/net/core/somaxconn file
[1751140309.918699] [flux-sample-1:4084 :0]            sock.c:513  UCX  WARN  unable to read somaxconn value from /proc/sys/net/core/somaxconn file
[1751140309.888210] [flux-sample-25:1008 :0]            sock.c:513  UCX  WARN  unable to read somaxconn value from /proc/sys/net/core/somaxconn file
[1751140309.829377] [flux-sample-5:3065 :0]            sock.c:513  UCX  WARN  unable to read somaxconn value from /proc/sys/net/core/somaxconn file
[1751140309.908688] [flux-sample-7:3068 :0]            sock.c:513  UCX  WARN  unable to read somaxconn value from /proc/sys/net/core/somaxconn file
[1751140309.861139] [flux-sample-11:2112 :0]            sock.c:513  UCX  WARN  unable to read somaxconn value from /proc/sys/net/core/somaxconn file
[1751140309.902520] [flux-sample-26:1095 :0]            sock.c:513  UCX  WARN  unable to read somaxconn value from /proc/sys/net/core/somaxconn file
[1751140309.944797] [flux-sample-9:1998 :0]            sock.c:513  UCX  WARN  unable to read somaxconn value from /proc/sys/net/core/somaxconn file
[1751140309.838844] [flux-sample-15:2004 :0]            sock.c:513  UCX  WARN  unable to read somaxconn value from /proc/sys/net/core/somaxconn file
[1751140309.899975] [flux-sample-13:2053 :0]            sock.c:513  UCX  WARN  unable to read somaxconn value from /proc/sys/net/core/somaxconn file
[1751140309.892651] [flux-sample-27:1028 :0]            sock.c:513  UCX  WARN  unable to read somaxconn value from /proc/sys/net/core/somaxconn file
[1751140309.873857] [flux-sample-23:996  :0]            sock.c:513  UCX  WARN  unable to read somaxconn value from /proc/sys/net/core/somaxconn file
[1751140309.903389] [flux-sample-30:1041 :0]            sock.c:513  UCX  WARN  unable to read somaxconn value from /proc/sys/net/core/somaxconn file
[1751140309.792735] [flux-sample-14:2109 :0]            sock.c:513  UCX  WARN  unable to read somaxconn value from /proc/sys/net/core/somaxconn file
[1751140309.899520] [flux-sample-29:1094 :0]            sock.c:513  UCX  WARN  unable to read somaxconn value from /proc/sys/net/core/somaxconn file
[1751140309.919709] [flux-sample-24:1025 :0]            sock.c:513  UCX  WARN  unable to read somaxconn value from /proc/sys/net/core/somaxconn file
[1751140310.000996] [flux-sample-16:1039 :0]            sock.c:513  UCX  WARN  unable to read somaxconn value from /proc/sys/net/core/somaxconn file
[1751140309.870357] [flux-sample-19:1040 :0]            sock.c:513  UCX  WARN  unable to read somaxconn value from /proc/sys/net/core/somaxconn file
[1751140309.894241] [flux-sample-4:3072 :0]            sock.c:513  UCX  WARN  unable to read somaxconn value from /proc/sys/net/core/somaxconn file
[1751140309.900590] [flux-sample-2:4003 :0]            sock.c:513  UCX  WARN  unable to read somaxconn value from /proc/sys/net/core/somaxconn file
[1751140309.818541] [flux-sample-10:2031 :0]            sock.c:513  UCX  WARN  unable to read somaxconn value from /proc/sys/net/core/somaxconn file
[1751140309.888448] [flux-sample-3:4088 :0]            sock.c:513  UCX  WARN  unable to read somaxconn value from /proc/sys/net/core/somaxconn file
[1751140309.629129] [flux-sample-17:1015 :0]            sock.c:513  UCX  WARN  unable to read somaxconn value from /proc/sys/net/core/somaxconn file
[1751140309.921545] [flux-sample-21:1041 :0]            sock.c:513  UCX  WARN  unable to read somaxconn value from /proc/sys/net/core/somaxconn file
[1751140309.902178] [flux-sample-22:1098 :0]            sock.c:513  UCX  WARN  unable to read somaxconn value from /proc/sys/net/core/somaxconn file
[1751140309.871822] [flux-sample-12:2058 :0]            sock.c:513  UCX  WARN  unable to read somaxconn value from /proc/sys/net/core/somaxconn file
[1751140309.888373] [flux-sample-20:1042 :0]            sock.c:513  UCX  WARN  unable to read somaxconn value from /proc/sys/net/core/somaxconn file
[1751140309.898681] [flux-sample-8:2114 :0]            sock.c:513  UCX  WARN  unable to read somaxconn value from /proc/sys/net/core/somaxconn file
[1751140309.912500] [flux-sample-1:4082 :0]            sock.c:513  UCX  WARN  unable to read somaxconn value from /proc/sys/net/core/somaxconn file
[1751140309.823765] [flux-sample-25:1002 :0]            sock.c:513  UCX  WARN  unable to read somaxconn value from /proc/sys/net/core/somaxconn file
[1751140309.850452] [flux-sample-5:3063 :0]            sock.c:513  UCX  WARN  unable to read somaxconn value from /proc/sys/net/core/somaxconn file
[1751140309.903667] [flux-sample-7:3066 :0]            sock.c:513  UCX  WARN  unable to read somaxconn value from /proc/sys/net/core/somaxconn file
[1751140309.861835] [flux-sample-11:2110 :0]            sock.c:513  UCX  WARN  unable to read somaxconn value from /proc/sys/net/core/somaxconn file
[1751140309.892862] [flux-sample-26:1093 :0]            sock.c:513  UCX  WARN  unable to read somaxconn value from /proc/sys/net/core/somaxconn file
[1751140309.945794] [flux-sample-9:1995 :0]            sock.c:513  UCX  WARN  unable to read somaxconn value from /proc/sys/net/core/somaxconn file
[1751140309.855943] [flux-sample-15:2001 :0]            sock.c:513  UCX  WARN  unable to read somaxconn value from /proc/sys/net/core/somaxconn file
[1751140309.900890] [flux-sample-13:2051 :0]            sock.c:513  UCX  WARN  unable to read somaxconn value from /proc/sys/net/core/somaxconn file
[1751140309.895556] [flux-sample-27:1026 :0]            sock.c:513  UCX  WARN  unable to read somaxconn value from /proc/sys/net/core/somaxconn file
[1751140309.863326] [flux-sample-23:995  :0]            sock.c:513  UCX  WARN  unable to read somaxconn value from /proc/sys/net/core/somaxconn file
[1751140309.902747] [flux-sample-30:1039 :0]            sock.c:513  UCX  WARN  unable to read somaxconn value from /proc/sys/net/core/somaxconn file
[1751140309.848868] [flux-sample-14:2106 :0]            sock.c:513  UCX  WARN  unable to read somaxconn value from /proc/sys/net/core/somaxconn file
[1751140309.899520] [flux-sample-29:1092 :0]            sock.c:513  UCX  WARN  unable to read somaxconn value from /proc/sys/net/core/somaxconn file
[1751140309.887570] [flux-sample-24:1045 :0]            sock.c:513  UCX  WARN  unable to read somaxconn value from /proc/sys/net/core/somaxconn file
[1751140309.991760] [flux-sample-16:1037 :0]            sock.c:513  UCX  WARN  unable to read somaxconn value from /proc/sys/net/core/somaxconn file
[1751140309.870354] [flux-sample-19:1038 :0]            sock.c:513  UCX  WARN  unable to read somaxconn value from /proc/sys/net/core/somaxconn file
[1751140309.784563] [flux-sample-4:3069 :0]            sock.c:513  UCX  WARN  unable to read somaxconn value from /proc/sys/net/core/somaxconn file
[1751140309.906283] [flux-sample-2:4002 :0]            sock.c:513  UCX  WARN  unable to read somaxconn value from /proc/sys/net/core/somaxconn file
[1751140309.910267] [flux-sample-10:2029 :0]            sock.c:513  UCX  WARN  unable to read somaxconn value from /proc/sys/net/core/somaxconn file
[1751140309.853649] [flux-sample-3:4085 :0]            sock.c:513  UCX  WARN  unable to read somaxconn value from /proc/sys/net/core/somaxconn file
[1751140309.630266] [flux-sample-17:1014 :0]            sock.c:513  UCX  WARN  unable to read somaxconn value from /proc/sys/net/core/somaxconn file
[1751140309.922965] [flux-sample-21:1039 :0]            sock.c:513  UCX  WARN  unable to read somaxconn value from /proc/sys/net/core/somaxconn file
[1751140309.921220] [flux-sample-22:1096 :0]            sock.c:513  UCX  WARN  unable to read somaxconn value from /proc/sys/net/core/somaxconn file
[1751140309.896982] [flux-sample-12:2055 :0]            sock.c:513  UCX  WARN  unable to read somaxconn value from /proc/sys/net/core/somaxconn file
[1751140309.926252] [flux-sample-20:1040 :0]            sock.c:513  UCX  WARN  unable to read somaxconn value from /proc/sys/net/core/somaxconn file
[1751140309.882873] [flux-sample-8:2111 :0]            sock.c:513  UCX  WARN  unable to read somaxconn value from /proc/sys/net/core/somaxconn file
[1751140309.871494] [flux-sample-1:4080 :0]            sock.c:513  UCX  WARN  unable to read somaxconn value from /proc/sys/net/core/somaxconn file
[1751140309.850948] [flux-sample-25:1000 :0]            sock.c:513  UCX  WARN  unable to read somaxconn value from /proc/sys/net/core/somaxconn file
[1751140309.807775] [flux-sample-5:3061 :0]            sock.c:513  UCX  WARN  unable to read somaxconn value from /proc/sys/net/core/somaxconn file
[1751140309.907812] [flux-sample-7:3064 :0]            sock.c:513  UCX  WARN  unable to read somaxconn value from /proc/sys/net/core/somaxconn file
[1751140309.839374] [flux-sample-11:2107 :0]            sock.c:513  UCX  WARN  unable to read somaxconn value from /proc/sys/net/core/somaxconn file
[1751140309.906794] [flux-sample-26:1090 :0]            sock.c:513  UCX  WARN  unable to read somaxconn value from /proc/sys/net/core/somaxconn file
[1751140309.944784] [flux-sample-9:1993 :0]            sock.c:513  UCX  WARN  unable to read somaxconn value from /proc/sys/net/core/somaxconn file
[1751140309.883663] [flux-sample-15:1999 :0]            sock.c:513  UCX  WARN  unable to read somaxconn value from /proc/sys/net/core/somaxconn file
[1751140309.913598] [flux-sample-8:2109 :0]            sock.c:513  UCX  WARN  unable to read somaxconn value from /proc/sys/net/core/somaxconn file
[1751140309.836056] [flux-sample-27:1024 :0]            sock.c:513  UCX  WARN  unable to read somaxconn value from /proc/sys/net/core/somaxconn file
[1751140309.902982] [flux-sample-23:993  :0]            sock.c:513  UCX  WARN  unable to read somaxconn value from /proc/sys/net/core/somaxconn file
[1751140309.903382] [flux-sample-30:1036 :0]            sock.c:513  UCX  WARN  unable to read somaxconn value from /proc/sys/net/core/somaxconn file
[1751140309.853382] [flux-sample-14:2104 :0]            sock.c:513  UCX  WARN  unable to read somaxconn value from /proc/sys/net/core/somaxconn file
[1751140309.901058] [flux-sample-29:1090 :0]            sock.c:513  UCX  WARN  unable to read somaxconn value from /proc/sys/net/core/somaxconn file
[1751140309.906406] [flux-sample-24:1040 :0]            sock.c:513  UCX  WARN  unable to read somaxconn value from /proc/sys/net/core/somaxconn file
[1751140310.033410] [flux-sample-16:1034 :0]            sock.c:513  UCX  WARN  unable to read somaxconn value from /proc/sys/net/core/somaxconn file
[1751140309.853406] [flux-sample-19:1036 :0]            sock.c:513  UCX  WARN  unable to read somaxconn value from /proc/sys/net/core/somaxconn file
[1751140309.829703] [flux-sample-4:3067 :0]            sock.c:513  UCX  WARN  unable to read somaxconn value from /proc/sys/net/core/somaxconn file
[1751140309.904240] [flux-sample-2:4001 :0]            sock.c:513  UCX  WARN  unable to read somaxconn value from /proc/sys/net/core/somaxconn file
[1751140309.917649] [flux-sample-10:2026 :0]            sock.c:513  UCX  WARN  unable to read somaxconn value from /proc/sys/net/core/somaxconn file
[1751140309.889644] [flux-sample-3:4084 :0]            sock.c:513  UCX  WARN  unable to read somaxconn value from /proc/sys/net/core/somaxconn file
[1751140309.629360] [flux-sample-17:1012 :0]            sock.c:513  UCX  WARN  unable to read somaxconn value from /proc/sys/net/core/somaxconn file
[1751140309.916593] [flux-sample-21:1037 :0]            sock.c:513  UCX  WARN  unable to read somaxconn value from /proc/sys/net/core/somaxconn file
[1751140309.898697] [flux-sample-22:1094 :0]            sock.c:513  UCX  WARN  unable to read somaxconn value from /proc/sys/net/core/somaxconn file
[1751140309.797001] [flux-sample-12:2053 :0]            sock.c:513  UCX  WARN  unable to read somaxconn value from /proc/sys/net/core/somaxconn file
[1751140309.905605] [flux-sample-20:1038 :0]            sock.c:513  UCX  WARN  unable to read somaxconn value from /proc/sys/net/core/somaxconn file
[1751140309.869476] [flux-sample-18:1045 :0]            sock.c:513  UCX  WARN  unable to read somaxconn value from /proc/sys/net/core/somaxconn file
[1751140309.873366] [flux-sample-1:4078 :0]            sock.c:513  UCX  WARN  unable to read somaxconn value from /proc/sys/net/core/somaxconn file
[1751140309.804899] [flux-sample-25:997  :0]            sock.c:513  UCX  WARN  unable to read somaxconn value from /proc/sys/net/core/somaxconn file
[1751140309.899570] [flux-sample-5:3053 :0]            sock.c:513  UCX  WARN  unable to read somaxconn value from /proc/sys/net/core/somaxconn file
[1751140309.900990] [flux-sample-7:3063 :0]            sock.c:513  UCX  WARN  unable to read somaxconn value from /proc/sys/net/core/somaxconn file
[1751140309.837989] [flux-sample-11:2106 :0]            sock.c:513  UCX  WARN  unable to read somaxconn value from /proc/sys/net/core/somaxconn file
[1751140309.906632] [flux-sample-26:1088 :0]            sock.c:513  UCX  WARN  unable to read somaxconn value from /proc/sys/net/core/somaxconn file
[1751140309.943221] [flux-sample-9:1992 :0]            sock.c:513  UCX  WARN  unable to read somaxconn value from /proc/sys/net/core/somaxconn file
[1751140309.873009] [flux-sample-15:1997 :0]            sock.c:513  UCX  WARN  unable to read somaxconn value from /proc/sys/net/core/somaxconn file
[1751140309.913598] [flux-sample-8:2107 :0]            sock.c:513  UCX  WARN  unable to read somaxconn value from /proc/sys/net/core/somaxconn file
[1751140309.834423] [flux-sample-27:1023 :0]            sock.c:513  UCX  WARN  unable to read somaxconn value from /proc/sys/net/core/somaxconn file
[1751140309.902824] [flux-sample-23:992  :0]            sock.c:513  UCX  WARN  unable to read somaxconn value from /proc/sys/net/core/somaxconn file
[1751140309.901252] [flux-sample-30:1035 :0]            sock.c:513  UCX  WARN  unable to read somaxconn value from /proc/sys/net/core/somaxconn file
[1751140309.829976] [flux-sample-14:2103 :0]            sock.c:513  UCX  WARN  unable to read somaxconn value from /proc/sys/net/core/somaxconn file
[1751140309.893378] [flux-sample-29:1088 :0]            sock.c:513  UCX  WARN  unable to read somaxconn value from /proc/sys/net/core/somaxconn file
[1751140309.914715] [flux-sample-24:1034 :0]            sock.c:513  UCX  WARN  unable to read somaxconn value from /proc/sys/net/core/somaxconn file
[1751140309.896854] [flux-sample-28:1043 :0]            sock.c:513  UCX  WARN  unable to read somaxconn value from /proc/sys/net/core/somaxconn file
[1751140309.878904] [flux-sample-19:1034 :0]            sock.c:513  UCX  WARN  unable to read somaxconn value from /proc/sys/net/core/somaxconn file
[1751140309.876328] [flux-sample-4:3065 :0]            sock.c:513  UCX  WARN  unable to read somaxconn value from /proc/sys/net/core/somaxconn file
[1751140309.907155] [flux-sample-2:4090 :0]            sock.c:513  UCX  WARN  unable to read somaxconn value from /proc/sys/net/core/somaxconn file
[1751140309.914631] [flux-sample-10:2023 :0]            sock.c:513  UCX  WARN  unable to read somaxconn value from /proc/sys/net/core/somaxconn file
[1751140309.889036] [flux-sample-3:4081 :0]            sock.c:513  UCX  WARN  unable to read somaxconn value from /proc/sys/net/core/somaxconn file
[1751140309.850017] [flux-sample-17:1098 :0]            sock.c:513  UCX  WARN  unable to read somaxconn value from /proc/sys/net/core/somaxconn file
[1751140309.897021] [flux-sample-21:1036 :0]            sock.c:513  UCX  WARN  unable to read somaxconn value from /proc/sys/net/core/somaxconn file
[1751140309.900874] [flux-sample-22:1092 :0]            sock.c:513  UCX  WARN  unable to read somaxconn value from /proc/sys/net/core/somaxconn file
[1751140309.874844] [flux-sample-12:2050 :0]            sock.c:513  UCX  WARN  unable to read somaxconn value from /proc/sys/net/core/somaxconn file
[1751140309.889042] [flux-sample-20:1036 :0]            sock.c:513  UCX  WARN  unable to read somaxconn value from /proc/sys/net/core/somaxconn file
[1751140309.857186] [flux-sample-18:1042 :0]            sock.c:513  UCX  WARN  unable to read somaxconn value from /proc/sys/net/core/somaxconn file
[1751140309.899806] [flux-sample-6:3075 :0]            sock.c:513  UCX  WARN  unable to read somaxconn value from /proc/sys/net/core/somaxconn file
[1751140309.871494] [flux-sample-1:4076 :0]            sock.c:513  UCX  WARN  unable to read somaxconn value from /proc/sys/net/core/somaxconn file
[1751140309.804899] [flux-sample-25:994  :0]            sock.c:513  UCX  WARN  unable to read somaxconn value from /proc/sys/net/core/somaxconn file
[1751140309.899570] [flux-sample-5:3052 :0]            sock.c:513  UCX  WARN  unable to read somaxconn value from /proc/sys/net/core/somaxconn file
[1751140309.902155] [flux-sample-7:3060 :0]            sock.c:513  UCX  WARN  unable to read somaxconn value from /proc/sys/net/core/somaxconn file
[1751140309.861136] [flux-sample-11:2104 :0]            sock.c:513  UCX  WARN  unable to read somaxconn value from /proc/sys/net/core/somaxconn file
[1751140309.903827] [flux-sample-26:1086 :0]            sock.c:513  UCX  WARN  unable to read somaxconn value from /proc/sys/net/core/somaxconn file
[1751140309.941492] [flux-sample-9:1989 :0]            sock.c:513  UCX  WARN  unable to read somaxconn value from /proc/sys/net/core/somaxconn file
[1751140309.595960] [flux-sample-15:1968 :0]            sock.c:513  UCX  WARN  unable to read somaxconn value from /proc/sys/net/core/somaxconn file
[1751140309.891282] [flux-sample-8:2104 :0]            sock.c:513  UCX  WARN  unable to read somaxconn value from /proc/sys/net/core/somaxconn file
[1751140309.840097] [flux-sample-27:1020 :0]            sock.c:513  UCX  WARN  unable to read somaxconn value from /proc/sys/net/core/somaxconn file
[1751140309.902824] [flux-sample-23:991  :0]            sock.c:513  UCX  WARN  unable to read somaxconn value from /proc/sys/net/core/somaxconn file
[1751140309.902090] [flux-sample-30:1033 :0]            sock.c:513  UCX  WARN  unable to read somaxconn value from /proc/sys/net/core/somaxconn file
[1751140309.791455] [flux-sample-14:2101 :0]            sock.c:513  UCX  WARN  unable to read somaxconn value from /proc/sys/net/core/somaxconn file
[1751140309.896330] [flux-sample-29:1086 :0]            sock.c:513  UCX  WARN  unable to read somaxconn value from /proc/sys/net/core/somaxconn file
[1751140309.936692] [flux-sample-24:1031 :0]            sock.c:513  UCX  WARN  unable to read somaxconn value from /proc/sys/net/core/somaxconn file
[1751140309.898542] [flux-sample-28:1040 :0]            sock.c:513  UCX  WARN  unable to read somaxconn value from /proc/sys/net/core/somaxconn file
[1751140309.851689] [flux-sample-19:1032 :0]            sock.c:513  UCX  WARN  unable to read somaxconn value from /proc/sys/net/core/somaxconn file
[1751140309.876438] [flux-sample-4:3064 :0]            sock.c:513  UCX  WARN  unable to read somaxconn value from /proc/sys/net/core/somaxconn file
[1751140309.912028] [flux-sample-2:4087 :0]            sock.c:513  UCX  WARN  unable to read somaxconn value from /proc/sys/net/core/somaxconn file
[1751140309.780665] [flux-sample-10:2021 :0]            sock.c:513  UCX  WARN  unable to read somaxconn value from /proc/sys/net/core/somaxconn file
[1751140309.859889] [flux-sample-3:4079 :0]            sock.c:513  UCX  WARN  unable to read somaxconn value from /proc/sys/net/core/somaxconn file
[1751140309.878911] [flux-sample-17:1096 :0]            sock.c:513  UCX  WARN  unable to read somaxconn value from /proc/sys/net/core/somaxconn file
[1751140309.885292] [flux-sample-21:1034 :0]            sock.c:513  UCX  WARN  unable to read somaxconn value from /proc/sys/net/core/somaxconn file
[1751140309.902988] [flux-sample-22:1089 :0]            sock.c:513  UCX  WARN  unable to read somaxconn value from /proc/sys/net/core/somaxconn file
[1751140309.893900] [flux-sample-12:2048 :0]            sock.c:513  UCX  WARN  unable to read somaxconn value from /proc/sys/net/core/somaxconn file
[1751140309.891564] [flux-sample-20:1034 :0]            sock.c:513  UCX  WARN  unable to read somaxconn value from /proc/sys/net/core/somaxconn file
[1751140309.864720] [flux-sample-18:1040 :0]            sock.c:513  UCX  WARN  unable to read somaxconn value from /proc/sys/net/core/somaxconn file
[1751140309.778923] [flux-sample-6:3072 :0]            sock.c:513  UCX  WARN  unable to read somaxconn value from /proc/sys/net/core/somaxconn file
[1751140309.897662] [flux-sample-13:2049 :0]            sock.c:513  UCX  WARN  unable to read somaxconn value from /proc/sys/net/core/somaxconn file
[1751140309.848311] [flux-sample-1:4074 :0]            sock.c:513  UCX  WARN  unable to read somaxconn value from /proc/sys/net/core/somaxconn file
[1751140309.885787] [flux-sample-25:1015 :0]            sock.c:513  UCX  WARN  unable to read somaxconn value from /proc/sys/net/core/somaxconn file
[1751140309.833735] [flux-sample-5:3067 :0]            sock.c:513  UCX  WARN  unable to read somaxconn value from /proc/sys/net/core/somaxconn file
[1751140309.901551] [flux-sample-7:3059 :0]            sock.c:513  UCX  WARN  unable to read somaxconn value from /proc/sys/net/core/somaxconn file
[1751140309.811702] [flux-sample-11:2099 :0]            sock.c:513  UCX  WARN  unable to read somaxconn value from /proc/sys/net/core/somaxconn file
[1751140309.928843] [flux-sample-26:1084 :0]            sock.c:513  UCX  WARN  unable to read somaxconn value from /proc/sys/net/core/somaxconn file
[1751140309.942509] [flux-sample-9:1999 :0]            sock.c:513  UCX  WARN  unable to read somaxconn value from /proc/sys/net/core/somaxconn file
[1751140309.867586] [flux-sample-15:2060 :0]            sock.c:513  UCX  WARN  unable to read somaxconn value from /proc/sys/net/core/somaxconn file
[1751140309.890029] [flux-sample-8:2103 :0]            sock.c:513  UCX  WARN  unable to read somaxconn value from /proc/sys/net/core/somaxconn file
[1751140309.896044] [flux-sample-27:1018 :0]            sock.c:513  UCX  WARN  unable to read somaxconn value from /proc/sys/net/core/somaxconn file
[1751140309.900317] [flux-sample-23:988  :0]            sock.c:513  UCX  WARN  unable to read somaxconn value from /proc/sys/net/core/somaxconn file
[1751140309.899552] [flux-sample-30:1031 :0]            sock.c:513  UCX  WARN  unable to read somaxconn value from /proc/sys/net/core/somaxconn file
[1751140309.791472] [flux-sample-14:2099 :0]            sock.c:513  UCX  WARN  unable to read somaxconn value from /proc/sys/net/core/somaxconn file
[1751140309.903392] [flux-sample-29:1084 :0]            sock.c:513  UCX  WARN  unable to read somaxconn value from /proc/sys/net/core/somaxconn file
[1751140309.913962] [flux-sample-24:1028 :0]            sock.c:513  UCX  WARN  unable to read somaxconn value from /proc/sys/net/core/somaxconn file
[1751140309.899058] [flux-sample-28:1039 :0]            sock.c:513  UCX  WARN  unable to read somaxconn value from /proc/sys/net/core/somaxconn file
[1751140309.848550] [flux-sample-19:1030 :0]            sock.c:513  UCX  WARN  unable to read somaxconn value from /proc/sys/net/core/somaxconn file
[1751140309.896786] [flux-sample-4:3062 :0]            sock.c:513  UCX  WARN  unable to read somaxconn value from /proc/sys/net/core/somaxconn file
[1751140309.890840] [flux-sample-2:4085 :0]            sock.c:513  UCX  WARN  unable to read somaxconn value from /proc/sys/net/core/somaxconn file
[1751140309.879570] [flux-sample-10:2019 :0]            sock.c:513  UCX  WARN  unable to read somaxconn value from /proc/sys/net/core/somaxconn file
[1751140309.884528] [flux-sample-3:4063 :0]            sock.c:513  UCX  WARN  unable to read somaxconn value from /proc/sys/net/core/somaxconn file
[1751140309.870899] [flux-sample-17:1094 :0]            sock.c:513  UCX  WARN  unable to read somaxconn value from /proc/sys/net/core/somaxconn file
[1751140309.900829] [flux-sample-21:1032 :0]            sock.c:513  UCX  WARN  unable to read somaxconn value from /proc/sys/net/core/somaxconn file
[1751140309.902394] [flux-sample-22:1086 :0]            sock.c:513  UCX  WARN  unable to read somaxconn value from /proc/sys/net/core/somaxconn file
[1751140309.903648] [flux-sample-12:2046 :0]            sock.c:513  UCX  WARN  unable to read somaxconn value from /proc/sys/net/core/somaxconn file
[1751140309.884948] [flux-sample-20:1032 :0]            sock.c:513  UCX  WARN  unable to read somaxconn value from /proc/sys/net/core/somaxconn file
[1751140309.859510] [flux-sample-18:1037 :0]            sock.c:513  UCX  WARN  unable to read somaxconn value from /proc/sys/net/core/somaxconn file
[1751140309.769395] [flux-sample-6:3070 :0]            sock.c:513  UCX  WARN  unable to read somaxconn value from /proc/sys/net/core/somaxconn file
[1751140309.895500] [flux-sample-13:2046 :0]            sock.c:513  UCX  WARN  unable to read somaxconn value from /proc/sys/net/core/somaxconn file
[1751140309.860469] [flux-sample-1:4072 :0]            sock.c:513  UCX  WARN  unable to read somaxconn value from /proc/sys/net/core/somaxconn file
[1751140309.903825] [flux-sample-25:1010 :0]            sock.c:513  UCX  WARN  unable to read somaxconn value from /proc/sys/net/core/somaxconn file
[1751140309.914123] [flux-sample-5:3059 :0]            sock.c:513  UCX  WARN  unable to read somaxconn value from /proc/sys/net/core/somaxconn file
[1751140309.784492] [flux-sample-7:3056 :0]            sock.c:513  UCX  WARN  unable to read somaxconn value from /proc/sys/net/core/somaxconn file
[1751140309.858733] [flux-sample-11:2098 :0]            sock.c:513  UCX  WARN  unable to read somaxconn value from /proc/sys/net/core/somaxconn file
[1751140309.923889] [flux-sample-26:1082 :0]            sock.c:513  UCX  WARN  unable to read somaxconn value from /proc/sys/net/core/somaxconn file
[1751140309.930594] [flux-sample-9:2059 :0]            sock.c:513  UCX  WARN  unable to read somaxconn value from /proc/sys/net/core/somaxconn file
[1751140309.852290] [flux-sample-15:2057 :0]            sock.c:513  UCX  WARN  unable to read somaxconn value from /proc/sys/net/core/somaxconn file
[1751140309.883415] [flux-sample-8:2101 :0]            sock.c:513  UCX  WARN  unable to read somaxconn value from /proc/sys/net/core/somaxconn file
[1751140309.894753] [flux-sample-27:1016 :0]            sock.c:513  UCX  WARN  unable to read somaxconn value from /proc/sys/net/core/somaxconn file
[1751140309.902039] [flux-sample-23:986  :0]            sock.c:513  UCX  WARN  unable to read somaxconn value from /proc/sys/net/core/somaxconn file
[1751140309.911255] [flux-sample-30:1030 :0]            sock.c:513  UCX  WARN  unable to read somaxconn value from /proc/sys/net/core/somaxconn file
[1751140309.856027] [flux-sample-14:2097 :0]            sock.c:513  UCX  WARN  unable to read somaxconn value from /proc/sys/net/core/somaxconn file
[1751140309.901971] [flux-sample-29:1082 :0]            sock.c:513  UCX  WARN  unable to read somaxconn value from /proc/sys/net/core/somaxconn file
[1751140309.904015] [flux-sample-24:1022 :0]            sock.c:513  UCX  WARN  unable to read somaxconn value from /proc/sys/net/core/somaxconn file
[1751140309.897709] [flux-sample-28:1036 :0]            sock.c:513  UCX  WARN  unable to read somaxconn value from /proc/sys/net/core/somaxconn file
[1751140309.851689] [flux-sample-19:1028 :0]            sock.c:513  UCX  WARN  unable to read somaxconn value from /proc/sys/net/core/somaxconn file
[1751140309.893661] [flux-sample-4:3060 :0]            sock.c:513  UCX  WARN  unable to read somaxconn value from /proc/sys/net/core/somaxconn file
[1751140309.912300] [flux-sample-2:4084 :0]            sock.c:513  UCX  WARN  unable to read somaxconn value from /proc/sys/net/core/somaxconn file
[1751140309.779744] [flux-sample-10:2017 :0]            sock.c:513  UCX  WARN  unable to read somaxconn value from /proc/sys/net/core/somaxconn file
[1751140309.882834] [flux-sample-3:4061 :0]            sock.c:513  UCX  WARN  unable to read somaxconn value from /proc/sys/net/core/somaxconn file
[1751140309.853006] [flux-sample-17:1093 :0]            sock.c:513  UCX  WARN  unable to read somaxconn value from /proc/sys/net/core/somaxconn file
[1751140309.921851] [flux-sample-21:1029 :0]            sock.c:513  UCX  WARN  unable to read somaxconn value from /proc/sys/net/core/somaxconn file
[1751140309.899423] [flux-sample-22:1084 :0]            sock.c:513  UCX  WARN  unable to read somaxconn value from /proc/sys/net/core/somaxconn file
[1751140309.895419] [flux-sample-12:2044 :0]            sock.c:513  UCX  WARN  unable to read somaxconn value from /proc/sys/net/core/somaxconn file
[1751140309.887463] [flux-sample-20:1030 :0]            sock.c:513  UCX  WARN  unable to read somaxconn value from /proc/sys/net/core/somaxconn file
[1751140309.795279] [flux-sample-18:1035 :0]            sock.c:513  UCX  WARN  unable to read somaxconn value from /proc/sys/net/core/somaxconn file
[1751140309.897449] [flux-sample-6:3067 :0]            sock.c:513  UCX  WARN  unable to read somaxconn value from /proc/sys/net/core/somaxconn file
[1751140309.898760] [flux-sample-13:2044 :0]            sock.c:513  UCX  WARN  unable to read somaxconn value from /proc/sys/net/core/somaxconn file
[1751140309.914869] [flux-sample-1:4069 :0]            sock.c:513  UCX  WARN  unable to read somaxconn value from /proc/sys/net/core/somaxconn file
[1751140309.875558] [flux-sample-25:1045 :0]            sock.c:513  UCX  WARN  unable to read somaxconn value from /proc/sys/net/core/somaxconn file
[1751140309.766230] [flux-sample-5:3057 :0]            sock.c:513  UCX  WARN  unable to read somaxconn value from /proc/sys/net/core/somaxconn file
[1751140309.906861] [flux-sample-7:3054 :0]            sock.c:513  UCX  WARN  unable to read somaxconn value from /proc/sys/net/core/somaxconn file
[1751140309.838644] [flux-sample-11:2095 :0]            sock.c:513  UCX  WARN  unable to read somaxconn value from /proc/sys/net/core/somaxconn file
[1751140309.923863] [flux-sample-26:1080 :0]            sock.c:513  UCX  WARN  unable to read somaxconn value from /proc/sys/net/core/somaxconn file
[1751140309.941529] [flux-sample-9:2058 :0]            sock.c:513  UCX  WARN  unable to read somaxconn value from /proc/sys/net/core/somaxconn file
[1751140309.852758] [flux-sample-15:2055 :0]            sock.c:513  UCX  WARN  unable to read somaxconn value from /proc/sys/net/core/somaxconn file
[1751140309.899958] [flux-sample-8:2098 :0]            sock.c:513  UCX  WARN  unable to read somaxconn value from /proc/sys/net/core/somaxconn file
[1751140309.876690] [flux-sample-27:1014 :0]            sock.c:513  UCX  WARN  unable to read somaxconn value from /proc/sys/net/core/somaxconn file
[1751140309.900317] [flux-sample-23:985  :0]            sock.c:513  UCX  WARN  unable to read somaxconn value from /proc/sys/net/core/somaxconn file
[1751140309.898266] [flux-sample-30:1028 :0]            sock.c:513  UCX  WARN  unable to read somaxconn value from /proc/sys/net/core/somaxconn file
[1751140309.829957] [flux-sample-14:2095 :0]            sock.c:513  UCX  WARN  unable to read somaxconn value from /proc/sys/net/core/somaxconn file
[1751140309.892517] [flux-sample-29:1080 :0]            sock.c:513  UCX  WARN  unable to read somaxconn value from /proc/sys/net/core/somaxconn file
[1751140309.902063] [flux-sample-24:1021 :0]            sock.c:513  UCX  WARN  unable to read somaxconn value from /proc/sys/net/core/somaxconn file
[1751140309.898639] [flux-sample-28:1035 :0]            sock.c:513  UCX  WARN  unable to read somaxconn value from /proc/sys/net/core/somaxconn file
[1751140309.806361] [flux-sample-19:1025 :0]            sock.c:513  UCX  WARN  unable to read somaxconn value from /proc/sys/net/core/somaxconn file
[1751140309.903481] [flux-sample-4:3058 :0]            sock.c:513  UCX  WARN  unable to read somaxconn value from /proc/sys/net/core/somaxconn file
[1751140309.910415] [flux-sample-2:4082 :0]            sock.c:513  UCX  WARN  unable to read somaxconn value from /proc/sys/net/core/somaxconn file
[1751140309.787129] [flux-sample-10:2016 :0]            sock.c:513  UCX  WARN  unable to read somaxconn value from /proc/sys/net/core/somaxconn file
[1751140309.774071] [flux-sample-3:4048 :0]            sock.c:513  UCX  WARN  unable to read somaxconn value from /proc/sys/net/core/somaxconn file
[1751140309.859553] [flux-sample-17:1092 :0]            sock.c:513  UCX  WARN  unable to read somaxconn value from /proc/sys/net/core/somaxconn file
[1751140309.896354] [flux-sample-21:1027 :0]            sock.c:513  UCX  WARN  unable to read somaxconn value from /proc/sys/net/core/somaxconn file
[1751140309.899423] [flux-sample-22:1082 :0]            sock.c:513  UCX  WARN  unable to read somaxconn value from /proc/sys/net/core/somaxconn file
[1751140309.891179] [flux-sample-12:2043 :0]            sock.c:513  UCX  WARN  unable to read somaxconn value from /proc/sys/net/core/somaxconn file
[1751140309.887844] [flux-sample-20:1028 :0]            sock.c:513  UCX  WARN  unable to read somaxconn value from /proc/sys/net/core/somaxconn file
[1751140309.796790] [flux-sample-18:1033 :0]            sock.c:513  UCX  WARN  unable to read somaxconn value from /proc/sys/net/core/somaxconn file
[1751140309.895584] [flux-sample-6:3065 :0]            sock.c:513  UCX  WARN  unable to read somaxconn value from /proc/sys/net/core/somaxconn file
[1751140309.891327] [flux-sample-13:2042 :0]            sock.c:513  UCX  WARN  unable to read somaxconn value from /proc/sys/net/core/somaxconn file
[1751140309.911121] [flux-sample-1:4067 :0]            sock.c:513  UCX  WARN  unable to read somaxconn value from /proc/sys/net/core/somaxconn file
[1751140309.875558] [flux-sample-25:1043 :0]            sock.c:513  UCX  WARN  unable to read somaxconn value from /proc/sys/net/core/somaxconn file
[1751140309.911633] [flux-sample-5:3055 :0]            sock.c:513  UCX  WARN  unable to read somaxconn value from /proc/sys/net/core/somaxconn file
[1751140309.909816] [flux-sample-7:3052 :0]            sock.c:513  UCX  WARN  unable to read somaxconn value from /proc/sys/net/core/somaxconn file
[1751140309.861634] [flux-sample-11:2093 :0]            sock.c:513  UCX  WARN  unable to read somaxconn value from /proc/sys/net/core/somaxconn file
[1751140309.884966] [flux-sample-26:1078 :0]            sock.c:513  UCX  WARN  unable to read somaxconn value from /proc/sys/net/core/somaxconn file
[1751140309.931034] [flux-sample-9:2055 :0]            sock.c:513  UCX  WARN  unable to read somaxconn value from /proc/sys/net/core/somaxconn file
[1751140309.855246] [flux-sample-15:2053 :0]            sock.c:513  UCX  WARN  unable to read somaxconn value from /proc/sys/net/core/somaxconn file
[1751140309.914582] [flux-sample-8:2096 :0]            sock.c:513  UCX  WARN  unable to read somaxconn value from /proc/sys/net/core/somaxconn file
[1751140309.890123] [flux-sample-27:1013 :0]            sock.c:513  UCX  WARN  unable to read somaxconn value from /proc/sys/net/core/somaxconn file
[1751140309.896026] [flux-sample-23:981  :0]            sock.c:513  UCX  WARN  unable to read somaxconn value from /proc/sys/net/core/somaxconn file
[1751140309.901531] [flux-sample-30:1026 :0]            sock.c:513  UCX  WARN  unable to read somaxconn value from /proc/sys/net/core/somaxconn file
[1751140309.791364] [flux-sample-14:2093 :0]            sock.c:513  UCX  WARN  unable to read somaxconn value from /proc/sys/net/core/somaxconn file
[1751140309.857712] [flux-sample-29:1078 :0]            sock.c:513  UCX  WARN  unable to read somaxconn value from /proc/sys/net/core/somaxconn file
[1751140309.899579] [flux-sample-24:1020 :0]            sock.c:513  UCX  WARN  unable to read somaxconn value from /proc/sys/net/core/somaxconn file
[1751140309.900441] [flux-sample-28:1033 :0]            sock.c:513  UCX  WARN  unable to read somaxconn value from /proc/sys/net/core/somaxconn file
[1751140309.805725] [flux-sample-19:1023 :0]            sock.c:513  UCX  WARN  unable to read somaxconn value from /proc/sys/net/core/somaxconn file
[1751140309.884214] [flux-sample-4:3056 :0]            sock.c:513  UCX  WARN  unable to read somaxconn value from /proc/sys/net/core/somaxconn file
[1751140309.906005] [flux-sample-2:4079 :0]            sock.c:513  UCX  WARN  unable to read somaxconn value from /proc/sys/net/core/somaxconn file
[1751140309.878323] [flux-sample-10:2060 :0]            sock.c:513  UCX  WARN  unable to read somaxconn value from /proc/sys/net/core/somaxconn file
[1751140309.901472] [flux-sample-3:4077 :0]            sock.c:513  UCX  WARN  unable to read somaxconn value from /proc/sys/net/core/somaxconn file
[1751140309.872502] [flux-sample-17:1090 :0]            sock.c:513  UCX  WARN  unable to read somaxconn value from /proc/sys/net/core/somaxconn file
[1751140309.885827] [flux-sample-21:1025 :0]            sock.c:513  UCX  WARN  unable to read somaxconn value from /proc/sys/net/core/somaxconn file
[1751140309.902993] [flux-sample-22:1081 :0]            sock.c:513  UCX  WARN  unable to read somaxconn value from /proc/sys/net/core/somaxconn file
[1751140309.776975] [flux-sample-12:2040 :0]            sock.c:513  UCX  WARN  unable to read somaxconn value from /proc/sys/net/core/somaxconn file
[1751140309.863868] [flux-sample-20:1026 :0]            sock.c:513  UCX  WARN  unable to read somaxconn value from /proc/sys/net/core/somaxconn file
[1751140309.839301] [flux-sample-18:1032 :0]            sock.c:513  UCX  WARN  unable to read somaxconn value from /proc/sys/net/core/somaxconn file
[1751140309.892029] [flux-sample-6:3063 :0]            sock.c:513  UCX  WARN  unable to read somaxconn value from /proc/sys/net/core/somaxconn file
[1751140309.733358] [flux-sample-13:2041 :0]            sock.c:513  UCX  WARN  unable to read somaxconn value from /proc/sys/net/core/somaxconn file
[1751140309.754875] [flux-sample-1:4065 :0]            sock.c:513  UCX  WARN  unable to read somaxconn value from /proc/sys/net/core/somaxconn file
[1751140309.879245] [flux-sample-25:1040 :0]            sock.c:513  UCX  WARN  unable to read somaxconn value from /proc/sys/net/core/somaxconn file
[1751140309.786568] [flux-sample-5:3050 :0]            sock.c:513  UCX  WARN  unable to read somaxconn value from /proc/sys/net/core/somaxconn file
[1751140309.909674] [flux-sample-7:3050 :0]            sock.c:513  UCX  WARN  unable to read somaxconn value from /proc/sys/net/core/somaxconn file
[1751140309.838474] [flux-sample-11:2091 :0]            sock.c:513  UCX  WARN  unable to read somaxconn value from /proc/sys/net/core/somaxconn file
[1751140309.902074] [flux-sample-26:1076 :0]            sock.c:513  UCX  WARN  unable to read somaxconn value from /proc/sys/net/core/somaxconn file
[1751140309.939718] [flux-sample-9:2053 :0]            sock.c:513  UCX  WARN  unable to read somaxconn value from /proc/sys/net/core/somaxconn file
[1751140309.847233] [flux-sample-15:2051 :0]            sock.c:513  UCX  WARN  unable to read somaxconn value from /proc/sys/net/core/somaxconn file
[1751140309.912051] [flux-sample-8:2094 :0]            sock.c:513  UCX  WARN  unable to read somaxconn value from /proc/sys/net/core/somaxconn file
[1751140309.898067] [flux-sample-27:1010 :0]            sock.c:513  UCX  WARN  unable to read somaxconn value from /proc/sys/net/core/somaxconn file
[1751140309.890642] [flux-sample-23:976  :0]            sock.c:513  UCX  WARN  unable to read somaxconn value from /proc/sys/net/core/somaxconn file
[1751140309.870968] [flux-sample-30:1024 :0]            sock.c:513  UCX  WARN  unable to read somaxconn value from /proc/sys/net/core/somaxconn file
[1751140309.830711] [flux-sample-14:2091 :0]            sock.c:513  UCX  WARN  unable to read somaxconn value from /proc/sys/net/core/somaxconn file
[1751140309.904179] [flux-sample-29:1076 :0]            sock.c:513  UCX  WARN  unable to read somaxconn value from /proc/sys/net/core/somaxconn file
[1751140309.914734] [flux-sample-24:1019 :0]            sock.c:513  UCX  WARN  unable to read somaxconn value from /proc/sys/net/core/somaxconn file
[1751140309.902472] [flux-sample-28:1030 :0]            sock.c:513  UCX  WARN  unable to read somaxconn value from /proc/sys/net/core/somaxconn file
[1751140309.761512] [flux-sample-19:1021 :0]            sock.c:513  UCX  WARN  unable to read somaxconn value from /proc/sys/net/core/somaxconn file
[1751140309.902549] [flux-sample-4:3054 :0]            sock.c:513  UCX  WARN  unable to read somaxconn value from /proc/sys/net/core/somaxconn file
[1751140309.909807] [flux-sample-2:4077 :0]            sock.c:513  UCX  WARN  unable to read somaxconn value from /proc/sys/net/core/somaxconn file
[1751140309.878843] [flux-sample-10:2058 :0]            sock.c:513  UCX  WARN  unable to read somaxconn value from /proc/sys/net/core/somaxconn file
[1751140309.856398] [flux-sample-3:4074 :0]            sock.c:513  UCX  WARN  unable to read somaxconn value from /proc/sys/net/core/somaxconn file
[1751140309.876102] [flux-sample-17:1088 :0]            sock.c:513  UCX  WARN  unable to read somaxconn value from /proc/sys/net/core/somaxconn file
[1751140309.886446] [flux-sample-21:1023 :0]            sock.c:513  UCX  WARN  unable to read somaxconn value from /proc/sys/net/core/somaxconn file
[1751140309.782832] [flux-sample-22:1080 :0]            sock.c:513  UCX  WARN  unable to read somaxconn value from /proc/sys/net/core/somaxconn file
[1751140309.902667] [flux-sample-12:2038 :0]            sock.c:513  UCX  WARN  unable to read somaxconn value from /proc/sys/net/core/somaxconn file
[1751140309.903967] [flux-sample-20:1024 :0]            sock.c:513  UCX  WARN  unable to read somaxconn value from /proc/sys/net/core/somaxconn file
[1751140309.849081] [flux-sample-18:1030 :0]            sock.c:513  UCX  WARN  unable to read somaxconn value from /proc/sys/net/core/somaxconn file
[1751140309.874081] [flux-sample-6:3061 :0]            sock.c:513  UCX  WARN  unable to read somaxconn value from /proc/sys/net/core/somaxconn file
[1751140309.899978] [flux-sample-13:2039 :0]            sock.c:513  UCX  WARN  unable to read somaxconn value from /proc/sys/net/core/somaxconn file
[1751140309.911970] [flux-sample-1:4063 :0]            sock.c:513  UCX  WARN  unable to read somaxconn value from /proc/sys/net/core/somaxconn file
[1751140309.871377] [flux-sample-25:1038 :0]            sock.c:513  UCX  WARN  unable to read somaxconn value from /proc/sys/net/core/somaxconn file
[1751140309.911765] [flux-sample-5:3048 :0]            sock.c:513  UCX  WARN  unable to read somaxconn value from /proc/sys/net/core/somaxconn file
[1751140309.907811] [flux-sample-7:3048 :0]            sock.c:513  UCX  WARN  unable to read somaxconn value from /proc/sys/net/core/somaxconn file
[1751140309.845486] [flux-sample-11:2089 :0]            sock.c:513  UCX  WARN  unable to read somaxconn value from /proc/sys/net/core/somaxconn file
[1751140309.884964] [flux-sample-26:1074 :0]            sock.c:513  UCX  WARN  unable to read somaxconn value from /proc/sys/net/core/somaxconn file
[1751140309.910851] [flux-sample-9:2051 :0]            sock.c:513  UCX  WARN  unable to read somaxconn value from /proc/sys/net/core/somaxconn file
[1751140309.877293] [flux-sample-15:2049 :0]            sock.c:513  UCX  WARN  unable to read somaxconn value from /proc/sys/net/core/somaxconn file
[1751140309.773064] [flux-sample-8:2092 :0]            sock.c:513  UCX  WARN  unable to read somaxconn value from /proc/sys/net/core/somaxconn file
[1751140309.875972] [flux-sample-27:1008 :0]            sock.c:513  UCX  WARN  unable to read somaxconn value from /proc/sys/net/core/somaxconn file
[1751140309.904728] [flux-sample-23:974  :0]            sock.c:513  UCX  WARN  unable to read somaxconn value from /proc/sys/net/core/somaxconn file
[1751140309.869535] [flux-sample-30:1022 :0]            sock.c:513  UCX  WARN  unable to read somaxconn value from /proc/sys/net/core/somaxconn file
[1751140309.836443] [flux-sample-14:2089 :0]            sock.c:513  UCX  WARN  unable to read somaxconn value from /proc/sys/net/core/somaxconn file
[1751140309.903391] [flux-sample-29:1074 :0]            sock.c:513  UCX  WARN  unable to read somaxconn value from /proc/sys/net/core/somaxconn file
[1751140309.884100] [flux-sample-24:1018 :0]            sock.c:513  UCX  WARN  unable to read somaxconn value from /proc/sys/net/core/somaxconn file
[1751140309.900435] [flux-sample-28:1029 :0]            sock.c:513  UCX  WARN  unable to read somaxconn value from /proc/sys/net/core/somaxconn file
[1751140309.810666] [flux-sample-19:1019 :0]            sock.c:513  UCX  WARN  unable to read somaxconn value from /proc/sys/net/core/somaxconn file
[1751140309.832464] [flux-sample-4:3051 :0]            sock.c:513  UCX  WARN  unable to read somaxconn value from /proc/sys/net/core/somaxconn file
[1751140309.906285] [flux-sample-2:4074 :0]            sock.c:513  UCX  WARN  unable to read somaxconn value from /proc/sys/net/core/somaxconn file
[1751140309.902306] [flux-sample-10:2055 :0]            sock.c:513  UCX  WARN  unable to read somaxconn value from /proc/sys/net/core/somaxconn file
[1751140309.880092] [flux-sample-3:4072 :0]            sock.c:513  UCX  WARN  unable to read somaxconn value from /proc/sys/net/core/somaxconn file
[1751140309.762900] [flux-sample-17:1086 :0]            sock.c:513  UCX  WARN  unable to read somaxconn value from /proc/sys/net/core/somaxconn file
[1751140309.925398] [flux-sample-21:1022 :0]            sock.c:513  UCX  WARN  unable to read somaxconn value from /proc/sys/net/core/somaxconn file
[1751140309.853547] [flux-sample-22:1078 :0]            sock.c:513  UCX  WARN  unable to read somaxconn value from /proc/sys/net/core/somaxconn file
[1751140309.896982] [flux-sample-12:2035 :0]            sock.c:513  UCX  WARN  unable to read somaxconn value from /proc/sys/net/core/somaxconn file
[1751140309.863868] [flux-sample-20:1021 :0]            sock.c:513  UCX  WARN  unable to read somaxconn value from /proc/sys/net/core/somaxconn file
[1751140309.865146] [flux-sample-18:1027 :0]            sock.c:513  UCX  WARN  unable to read somaxconn value from /proc/sys/net/core/somaxconn file
[1751140309.874081] [flux-sample-6:3060 :0]            sock.c:513  UCX  WARN  unable to read somaxconn value from /proc/sys/net/core/somaxconn file
[1751140309.733358] [flux-sample-13:2037 :0]            sock.c:513  UCX  WARN  unable to read somaxconn value from /proc/sys/net/core/somaxconn file
[1751140309.920227] [flux-sample-1:4145 :0]            sock.c:513  UCX  WARN  unable to read somaxconn value from /proc/sys/net/core/somaxconn file
[1751140309.876869] [flux-sample-25:1036 :0]            sock.c:513  UCX  WARN  unable to read somaxconn value from /proc/sys/net/core/somaxconn file
[1751140309.910024] [flux-sample-5:3046 :0]            sock.c:513  UCX  WARN  unable to read somaxconn value from /proc/sys/net/core/somaxconn file
[1751140309.907811] [flux-sample-7:3047 :0]            sock.c:513  UCX  WARN  unable to read somaxconn value from /proc/sys/net/core/somaxconn file
[1751140309.841416] [flux-sample-11:2087 :0]            sock.c:513  UCX  WARN  unable to read somaxconn value from /proc/sys/net/core/somaxconn file
[1751140309.903824] [flux-sample-26:1071 :0]            sock.c:513  UCX  WARN  unable to read somaxconn value from /proc/sys/net/core/somaxconn file
[1751140309.907416] [flux-sample-9:2049 :0]            sock.c:513  UCX  WARN  unable to read somaxconn value from /proc/sys/net/core/somaxconn file
[1751140309.856743] [flux-sample-15:2046 :0]            sock.c:513  UCX  WARN  unable to read somaxconn value from /proc/sys/net/core/somaxconn file
[1751140309.861466] [flux-sample-8:2091 :0]            sock.c:513  UCX  WARN  unable to read somaxconn value from /proc/sys/net/core/somaxconn file
[1751140309.872474] [flux-sample-27:1005 :0]            sock.c:513  UCX  WARN  unable to read somaxconn value from /proc/sys/net/core/somaxconn file
[1751140309.903500] [flux-sample-23:971  :0]            sock.c:513  UCX  WARN  unable to read somaxconn value from /proc/sys/net/core/somaxconn file
[1751140309.904690] [flux-sample-30:1020 :0]            sock.c:513  UCX  WARN  unable to read somaxconn value from /proc/sys/net/core/somaxconn file
[1751140309.834643] [flux-sample-14:2087 :0]            sock.c:513  UCX  WARN  unable to read somaxconn value from /proc/sys/net/core/somaxconn file
[1751140309.863313] [flux-sample-29:1072 :0]            sock.c:513  UCX  WARN  unable to read somaxconn value from /proc/sys/net/core/somaxconn file
[1751140309.914734] [flux-sample-24:1016 :0]            sock.c:513  UCX  WARN  unable to read somaxconn value from /proc/sys/net/core/somaxconn file
[1751140309.900435] [flux-sample-28:1027 :0]            sock.c:513  UCX  WARN  unable to read somaxconn value from /proc/sys/net/core/somaxconn file
[1751140309.849315] [flux-sample-19:1018 :0]            sock.c:513  UCX  WARN  unable to read somaxconn value from /proc/sys/net/core/somaxconn file
[1751140309.884202] [flux-sample-4:3049 :0]            sock.c:513  UCX  WARN  unable to read somaxconn value from /proc/sys/net/core/somaxconn file
[1751140309.908382] [flux-sample-2:4072 :0]            sock.c:513  UCX  WARN  unable to read somaxconn value from /proc/sys/net/core/somaxconn file
[1751140309.898713] [flux-sample-10:2053 :0]            sock.c:513  UCX  WARN  unable to read somaxconn value from /proc/sys/net/core/somaxconn file
[1751140309.895923] [flux-sample-3:4070 :0]            sock.c:513  UCX  WARN  unable to read somaxconn value from /proc/sys/net/core/somaxconn file
[1751140309.762900] [flux-sample-17:1084 :0]            sock.c:513  UCX  WARN  unable to read somaxconn value from /proc/sys/net/core/somaxconn file
[1751140309.922987] [flux-sample-21:1019 :0]            sock.c:513  UCX  WARN  unable to read somaxconn value from /proc/sys/net/core/somaxconn file
[1751140309.782835] [flux-sample-22:1076 :0]            sock.c:513  UCX  WARN  unable to read somaxconn value from /proc/sys/net/core/somaxconn file
[1751140309.872051] [flux-sample-12:2033 :0]            sock.c:513  UCX  WARN  unable to read somaxconn value from /proc/sys/net/core/somaxconn file
[1751140309.861149] [flux-sample-20:1019 :0]            sock.c:513  UCX  WARN  unable to read somaxconn value from /proc/sys/net/core/somaxconn file
[1751140309.828320] [flux-sample-18:1024 :0]            sock.c:513  UCX  WARN  unable to read somaxconn value from /proc/sys/net/core/somaxconn file
[1751140309.896181] [flux-sample-6:3058 :0]            sock.c:513  UCX  WARN  unable to read somaxconn value from /proc/sys/net/core/somaxconn file
[1751140309.900874] [flux-sample-13:2035 :0]            sock.c:513  UCX  WARN  unable to read somaxconn value from /proc/sys/net/core/somaxconn file
[1751140309.802750] [flux-sample-1:4142 :0]            sock.c:513  UCX  WARN  unable to read somaxconn value from /proc/sys/net/core/somaxconn file
[1751140309.876865] [flux-sample-25:1034 :0]            sock.c:513  UCX  WARN  unable to read somaxconn value from /proc/sys/net/core/somaxconn file
[1751140309.904927] [flux-sample-5:3043 :0]            sock.c:513  UCX  WARN  unable to read somaxconn value from /proc/sys/net/core/somaxconn file
[1751140309.906265] [flux-sample-7:3044 :0]            sock.c:513  UCX  WARN  unable to read somaxconn value from /proc/sys/net/core/somaxconn file
[1751140309.858860] [flux-sample-11:2085 :0]            sock.c:513  UCX  WARN  unable to read somaxconn value from /proc/sys/net/core/somaxconn file
[1751140309.829871] [flux-sample-26:1069 :0]            sock.c:513  UCX  WARN  unable to read somaxconn value from /proc/sys/net/core/somaxconn file
[1751140309.867643] [flux-sample-9:2047 :0]            sock.c:513  UCX  WARN  unable to read somaxconn value from /proc/sys/net/core/somaxconn file
[1751140309.852757] [flux-sample-15:2044 :0]            sock.c:513  UCX  WARN  unable to read somaxconn value from /proc/sys/net/core/somaxconn file
[1751140309.881466] [flux-sample-8:2089 :0]            sock.c:513  UCX  WARN  unable to read somaxconn value from /proc/sys/net/core/somaxconn file
[1751140309.876684] [flux-sample-27:1003 :0]            sock.c:513  UCX  WARN  unable to read somaxconn value from /proc/sys/net/core/somaxconn file
[1751140309.901601] [flux-sample-23:968  :0]            sock.c:513  UCX  WARN  unable to read somaxconn value from /proc/sys/net/core/somaxconn file
[1751140309.904699] [flux-sample-30:1018 :0]            sock.c:513  UCX  WARN  unable to read somaxconn value from /proc/sys/net/core/somaxconn file
[1751140309.752760] [flux-sample-14:2085 :0]            sock.c:513  UCX  WARN  unable to read somaxconn value from /proc/sys/net/core/somaxconn file
[1751140309.900812] [flux-sample-29:1069 :0]            sock.c:513  UCX  WARN  unable to read somaxconn value from /proc/sys/net/core/somaxconn file
[1751140309.912378] [flux-sample-24:1013 :0]            sock.c:513  UCX  WARN  unable to read somaxconn value from /proc/sys/net/core/somaxconn file
[1751140309.880820] [flux-sample-28:1026 :0]            sock.c:513  UCX  WARN  unable to read somaxconn value from /proc/sys/net/core/somaxconn file
[1751140309.873051] [flux-sample-19:1016 :0]            sock.c:513  UCX  WARN  unable to read somaxconn value from /proc/sys/net/core/somaxconn file
[1751140309.897677] [flux-sample-4:3046 :0]            sock.c:513  UCX  WARN  unable to read somaxconn value from /proc/sys/net/core/somaxconn file
[1751140309.905355] [flux-sample-2:4070 :0]            sock.c:513  UCX  WARN  unable to read somaxconn value from /proc/sys/net/core/somaxconn file
[1751140309.868781] [flux-sample-10:2051 :0]            sock.c:513  UCX  WARN  unable to read somaxconn value from /proc/sys/net/core/somaxconn file
[1751140309.888439] [flux-sample-3:4068 :0]            sock.c:513  UCX  WARN  unable to read somaxconn value from /proc/sys/net/core/somaxconn file
[1751140309.785085] [flux-sample-17:1082 :0]            sock.c:513  UCX  WARN  unable to read somaxconn value from /proc/sys/net/core/somaxconn file
[1751140309.922995] [flux-sample-21:1017 :0]            sock.c:513  UCX  WARN  unable to read somaxconn value from /proc/sys/net/core/somaxconn file
[1751140309.841138] [flux-sample-22:1074 :0]            sock.c:513  UCX  WARN  unable to read somaxconn value from /proc/sys/net/core/somaxconn file
[1751140309.902841] [flux-sample-12:2032 :0]            sock.c:513  UCX  WARN  unable to read somaxconn value from /proc/sys/net/core/somaxconn file
[1751140309.907362] [flux-sample-20:1017 :0]            sock.c:513  UCX  WARN  unable to read somaxconn value from /proc/sys/net/core/somaxconn file
[1751140309.865936] [flux-sample-18:1022 :0]            sock.c:513  UCX  WARN  unable to read somaxconn value from /proc/sys/net/core/somaxconn file
[1751140309.894255] [flux-sample-6:3057 :0]            sock.c:513  UCX  WARN  unable to read somaxconn value from /proc/sys/net/core/somaxconn file
[1751140309.831099] [flux-sample-13:2033 :0]            sock.c:513  UCX  WARN  unable to read somaxconn value from /proc/sys/net/core/somaxconn file
[1751140309.832039] [flux-sample-31:1043 :0]            sock.c:513  UCX  WARN  unable to read somaxconn value from /proc/sys/net/core/somaxconn file
[1751140309.904582] [flux-sample-1:4140 :0]            sock.c:513  UCX  WARN  unable to read somaxconn value from /proc/sys/net/core/somaxconn file
[1751140309.890248] [flux-sample-25:1032 :0]            sock.c:513  UCX  WARN  unable to read somaxconn value from /proc/sys/net/core/somaxconn file
[1751140309.905445] [flux-sample-5:3041 :0]            sock.c:513  UCX  WARN  unable to read somaxconn value from /proc/sys/net/core/somaxconn file
[1751140309.787522] [flux-sample-7:3041 :0]            sock.c:513  UCX  WARN  unable to read somaxconn value from /proc/sys/net/core/somaxconn file
[1751140309.859704] [flux-sample-11:2082 :0]            sock.c:513  UCX  WARN  unable to read somaxconn value from /proc/sys/net/core/somaxconn file
[1751140309.808055] [flux-sample-26:1067 :0]            sock.c:513  UCX  WARN  unable to read somaxconn value from /proc/sys/net/core/somaxconn file
[1751140309.926134] [flux-sample-9:2045 :0]            sock.c:513  UCX  WARN  unable to read somaxconn value from /proc/sys/net/core/somaxconn file
[1751140309.853578] [flux-sample-15:2042 :0]            sock.c:513  UCX  WARN  unable to read somaxconn value from /proc/sys/net/core/somaxconn file
[1751140309.860168] [flux-sample-8:2085 :0]            sock.c:513  UCX  WARN  unable to read somaxconn value from /proc/sys/net/core/somaxconn file
[1751140309.915469] [flux-sample-27:1000 :0]            sock.c:513  UCX  WARN  unable to read somaxconn value from /proc/sys/net/core/somaxconn file
[1751140309.772258] [flux-sample-23:967  :0]            sock.c:513  UCX  WARN  unable to read somaxconn value from /proc/sys/net/core/somaxconn file
[1751140309.903380] [flux-sample-30:1016 :0]            sock.c:513  UCX  WARN  unable to read somaxconn value from /proc/sys/net/core/somaxconn file
[1751140309.829977] [flux-sample-14:2083 :0]            sock.c:513  UCX  WARN  unable to read somaxconn value from /proc/sys/net/core/somaxconn file
[1751140309.897895] [flux-sample-29:1067 :0]            sock.c:513  UCX  WARN  unable to read somaxconn value from /proc/sys/net/core/somaxconn file
[1751140309.913956] [flux-sample-24:1011 :0]            sock.c:513  UCX  WARN  unable to read somaxconn value from /proc/sys/net/core/somaxconn file
[1751140309.822378] [flux-sample-28:1024 :0]            sock.c:513  UCX  WARN  unable to read somaxconn value from /proc/sys/net/core/somaxconn file
[1751140309.871195] [flux-sample-19:1011 :0]            sock.c:513  UCX  WARN  unable to read somaxconn value from /proc/sys/net/core/somaxconn file
[1751140309.899735] [flux-sample-4:3042 :0]            sock.c:513  UCX  WARN  unable to read somaxconn value from /proc/sys/net/core/somaxconn file
[1751140309.907814] [flux-sample-2:4068 :0]            sock.c:513  UCX  WARN  unable to read somaxconn value from /proc/sys/net/core/somaxconn file
[1751140309.897164] [flux-sample-10:2049 :0]            sock.c:513  UCX  WARN  unable to read somaxconn value from /proc/sys/net/core/somaxconn file
[1751140309.885545] [flux-sample-3:4067 :0]            sock.c:513  UCX  WARN  unable to read somaxconn value from /proc/sys/net/core/somaxconn file
[1751140309.873990] [flux-sample-17:1079 :0]            sock.c:513  UCX  WARN  unable to read somaxconn value from /proc/sys/net/core/somaxconn file
[1751140309.897371] [flux-sample-21:1014 :0]            sock.c:513  UCX  WARN  unable to read somaxconn value from /proc/sys/net/core/somaxconn file
[1751140309.800216] [flux-sample-22:1072 :0]            sock.c:513  UCX  WARN  unable to read somaxconn value from /proc/sys/net/core/somaxconn file
[1751140309.904464] [flux-sample-12:2030 :0]            sock.c:513  UCX  WARN  unable to read somaxconn value from /proc/sys/net/core/somaxconn file
[1751140309.861145] [flux-sample-20:1015 :0]            sock.c:513  UCX  WARN  unable to read somaxconn value from /proc/sys/net/core/somaxconn file
[1751140309.802996] [flux-sample-18:1020 :0]            sock.c:513  UCX  WARN  unable to read somaxconn value from /proc/sys/net/core/somaxconn file
[1751140309.894255] [flux-sample-6:3054 :0]            sock.c:513  UCX  WARN  unable to read somaxconn value from /proc/sys/net/core/somaxconn file
[1751140309.892245] [flux-sample-13:2030 :0]            sock.c:513  UCX  WARN  unable to read somaxconn value from /proc/sys/net/core/somaxconn file
[1751140309.817744] [flux-sample-31:1040 :0]            sock.c:513  UCX  WARN  unable to read somaxconn value from /proc/sys/net/core/somaxconn file
[1751140309.806224] [flux-sample-1:4138 :0]            sock.c:513  UCX  WARN  unable to read somaxconn value from /proc/sys/net/core/somaxconn file
[1751140309.899154] [flux-sample-25:1030 :0]            sock.c:513  UCX  WARN  unable to read somaxconn value from /proc/sys/net/core/somaxconn file
[1751140309.914121] [flux-sample-5:3039 :0]            sock.c:513  UCX  WARN  unable to read somaxconn value from /proc/sys/net/core/somaxconn file
[1751140309.916840] [flux-sample-7:3038 :0]            sock.c:513  UCX  WARN  unable to read somaxconn value from /proc/sys/net/core/somaxconn file
[1751140309.859709] [flux-sample-11:2080 :0]            sock.c:513  UCX  WARN  unable to read somaxconn value from /proc/sys/net/core/somaxconn file
[1751140309.927523] [flux-sample-26:1064 :0]            sock.c:513  UCX  WARN  unable to read somaxconn value from /proc/sys/net/core/somaxconn file
[1751140309.884262] [flux-sample-9:2043 :0]            sock.c:513  UCX  WARN  unable to read somaxconn value from /proc/sys/net/core/somaxconn file
[1751140309.854001] [flux-sample-15:2041 :0]            sock.c:513  UCX  WARN  unable to read somaxconn value from /proc/sys/net/core/somaxconn file
[1751140309.910030] [flux-sample-8:2083 :0]            sock.c:513  UCX  WARN  unable to read somaxconn value from /proc/sys/net/core/somaxconn file
[1751140309.861859] [flux-sample-27:998  :0]            sock.c:513  UCX  WARN  unable to read somaxconn value from /proc/sys/net/core/somaxconn file
[1751140309.784608] [flux-sample-23:964  :0]            sock.c:513  UCX  WARN  unable to read somaxconn value from /proc/sys/net/core/somaxconn file
[1751140309.898733] [flux-sample-30:1013 :0]            sock.c:513  UCX  WARN  unable to read somaxconn value from /proc/sys/net/core/somaxconn file
[1751140309.856991] [flux-sample-14:2080 :0]            sock.c:513  UCX  WARN  unable to read somaxconn value from /proc/sys/net/core/somaxconn file
[1751140309.900815] [flux-sample-29:1064 :0]            sock.c:513  UCX  WARN  unable to read somaxconn value from /proc/sys/net/core/somaxconn file
[1751140309.915942] [flux-sample-24:1008 :0]            sock.c:513  UCX  WARN  unable to read somaxconn value from /proc/sys/net/core/somaxconn file
[1751140309.827439] [flux-sample-28:1022 :0]            sock.c:513  UCX  WARN  unable to read somaxconn value from /proc/sys/net/core/somaxconn file
[1751140309.852617] [flux-sample-19:1008 :0]            sock.c:513  UCX  WARN  unable to read somaxconn value from /proc/sys/net/core/somaxconn file
[1751140309.880274] [flux-sample-4:3040 :0]            sock.c:513  UCX  WARN  unable to read somaxconn value from /proc/sys/net/core/somaxconn file
[1751140309.898035] [flux-sample-2:4067 :0]            sock.c:513  UCX  WARN  unable to read somaxconn value from /proc/sys/net/core/somaxconn file
[1751140309.919155] [flux-sample-10:2047 :0]            sock.c:513  UCX  WARN  unable to read somaxconn value from /proc/sys/net/core/somaxconn file
[1751140309.890324] [flux-sample-3:4065 :0]            sock.c:513  UCX  WARN  unable to read somaxconn value from /proc/sys/net/core/somaxconn file
[1751140309.785088] [flux-sample-17:1077 :0]            sock.c:513  UCX  WARN  unable to read somaxconn value from /proc/sys/net/core/somaxconn file
[1751140309.924212] [flux-sample-21:1012 :0]            sock.c:513  UCX  WARN  unable to read somaxconn value from /proc/sys/net/core/somaxconn file
[1751140309.862356] [flux-sample-22:1070 :0]            sock.c:513  UCX  WARN  unable to read somaxconn value from /proc/sys/net/core/somaxconn file
[1751140309.882682] [flux-sample-12:2028 :0]            sock.c:513  UCX  WARN  unable to read somaxconn value from /proc/sys/net/core/somaxconn file
[1751140309.861159] [flux-sample-20:1013 :0]            sock.c:513  UCX  WARN  unable to read somaxconn value from /proc/sys/net/core/somaxconn file
[1751140309.837885] [flux-sample-18:1019 :0]            sock.c:513  UCX  WARN  unable to read somaxconn value from /proc/sys/net/core/somaxconn file
[1751140309.895268] [flux-sample-6:3052 :0]            sock.c:513  UCX  WARN  unable to read somaxconn value from /proc/sys/net/core/somaxconn file
[1751140309.734382] [flux-sample-13:2027 :0]            sock.c:513  UCX  WARN  unable to read somaxconn value from /proc/sys/net/core/somaxconn file
[1751140309.784593] [flux-sample-31:1039 :0]            sock.c:513  UCX  WARN  unable to read somaxconn value from /proc/sys/net/core/somaxconn file
[1751140309.861493] [flux-sample-1:4136 :0]            sock.c:513  UCX  WARN  unable to read somaxconn value from /proc/sys/net/core/somaxconn file
[1751140309.887606] [flux-sample-25:1028 :0]            sock.c:513  UCX  WARN  unable to read somaxconn value from /proc/sys/net/core/somaxconn file
[1751140309.819480] [flux-sample-5:3036 :0]            sock.c:513  UCX  WARN  unable to read somaxconn value from /proc/sys/net/core/somaxconn file
[1751140309.895475] [flux-sample-7:3035 :0]            sock.c:513  UCX  WARN  unable to read somaxconn value from /proc/sys/net/core/somaxconn file
[1751140309.780516] [flux-sample-11:2076 :0]            sock.c:513  UCX  WARN  unable to read somaxconn value from /proc/sys/net/core/somaxconn file
[1751140309.923921] [flux-sample-26:1062 :0]            sock.c:513  UCX  WARN  unable to read somaxconn value from /proc/sys/net/core/somaxconn file
[1751140309.897797] [flux-sample-9:2041 :0]            sock.c:513  UCX  WARN  unable to read somaxconn value from /proc/sys/net/core/somaxconn file
[1751140309.858435] [flux-sample-15:2039 :0]            sock.c:513  UCX  WARN  unable to read somaxconn value from /proc/sys/net/core/somaxconn file
[1751140309.919690] [flux-sample-8:2080 :0]            sock.c:513  UCX  WARN  unable to read somaxconn value from /proc/sys/net/core/somaxconn file
[1751140309.838054] [flux-sample-27:995  :0]            sock.c:513  UCX  WARN  unable to read somaxconn value from /proc/sys/net/core/somaxconn file
[1751140309.772258] [flux-sample-23:962  :0]            sock.c:513  UCX  WARN  unable to read somaxconn value from /proc/sys/net/core/somaxconn file
[1751140309.903397] [flux-sample-30:1010 :0]            sock.c:513  UCX  WARN  unable to read somaxconn value from /proc/sys/net/core/somaxconn file
[1751140309.851702] [flux-sample-14:2077 :0]            sock.c:513  UCX  WARN  unable to read somaxconn value from /proc/sys/net/core/somaxconn file
[1751140309.852403] [flux-sample-29:1062 :0]            sock.c:513  UCX  WARN  unable to read somaxconn value from /proc/sys/net/core/somaxconn file
[1751140309.907695] [flux-sample-24:1006 :0]            sock.c:513  UCX  WARN  unable to read somaxconn value from /proc/sys/net/core/somaxconn file
[1751140309.857091] [flux-sample-28:1020 :0]            sock.c:513  UCX  WARN  unable to read somaxconn value from /proc/sys/net/core/somaxconn file
[1751140309.847649] [flux-sample-19:1005 :0]            sock.c:513  UCX  WARN  unable to read somaxconn value from /proc/sys/net/core/somaxconn file
[1751140309.882285] [flux-sample-4:3038 :0]            sock.c:513  UCX  WARN  unable to read somaxconn value from /proc/sys/net/core/somaxconn file
[1751140309.858666] [flux-sample-2:4065 :0]            sock.c:513  UCX  WARN  unable to read somaxconn value from /proc/sys/net/core/somaxconn file
[1751140309.923088] [flux-sample-10:2045 :0]            sock.c:513  UCX  WARN  unable to read somaxconn value from /proc/sys/net/core/somaxconn file
[1751140309.883643] [flux-sample-3:4059 :0]            sock.c:513  UCX  WARN  unable to read somaxconn value from /proc/sys/net/core/somaxconn file
[1751140309.861042] [flux-sample-17:1076 :0]            sock.c:513  UCX  WARN  unable to read somaxconn value from /proc/sys/net/core/somaxconn file
[1751140309.921547] [flux-sample-21:1010 :0]            sock.c:513  UCX  WARN  unable to read somaxconn value from /proc/sys/net/core/somaxconn file
[1751140309.888360] [flux-sample-22:1067 :0]            sock.c:513  UCX  WARN  unable to read somaxconn value from /proc/sys/net/core/somaxconn file
[1751140309.841808] [flux-sample-12:2026 :0]            sock.c:513  UCX  WARN  unable to read somaxconn value from /proc/sys/net/core/somaxconn file
[1751140309.895054] [flux-sample-20:1011 :0]            sock.c:513  UCX  WARN  unable to read somaxconn value from /proc/sys/net/core/somaxconn file
[1751140309.865918] [flux-sample-18:1018 :0]            sock.c:513  UCX  WARN  unable to read somaxconn value from /proc/sys/net/core/somaxconn file
[1751140309.891493] [flux-sample-6:3050 :0]            sock.c:513  UCX  WARN  unable to read somaxconn value from /proc/sys/net/core/somaxconn file
[1751140309.899960] [flux-sample-13:2024 :0]            sock.c:513  UCX  WARN  unable to read somaxconn value from /proc/sys/net/core/somaxconn file
[1751140309.862983] [flux-sample-31:1038 :0]            sock.c:513  UCX  WARN  unable to read somaxconn value from /proc/sys/net/core/somaxconn file
[1751140309.930058] [flux-sample-1:4134 :0]            sock.c:513  UCX  WARN  unable to read somaxconn value from /proc/sys/net/core/somaxconn file
[1751140309.907069] [flux-sample-25:1026 :0]            sock.c:513  UCX  WARN  unable to read somaxconn value from /proc/sys/net/core/somaxconn file
[1751140309.823065] [flux-sample-5:3033 :0]            sock.c:513  UCX  WARN  unable to read somaxconn value from /proc/sys/net/core/somaxconn file
[1751140309.895366] [flux-sample-7:3033 :0]            sock.c:513  UCX  WARN  unable to read somaxconn value from /proc/sys/net/core/somaxconn file
[1751140309.834801] [flux-sample-11:2074 :0]            sock.c:513  UCX  WARN  unable to read somaxconn value from /proc/sys/net/core/somaxconn file
[1751140309.834329] [flux-sample-26:1058 :0]            sock.c:513  UCX  WARN  unable to read somaxconn value from /proc/sys/net/core/somaxconn file
[1751140309.896027] [flux-sample-9:2039 :0]            sock.c:513  UCX  WARN  unable to read somaxconn value from /proc/sys/net/core/somaxconn file
[1751140309.840864] [flux-sample-15:2037 :0]            sock.c:513  UCX  WARN  unable to read somaxconn value from /proc/sys/net/core/somaxconn file
[1751140309.909816] [flux-sample-8:2077 :0]            sock.c:513  UCX  WARN  unable to read somaxconn value from /proc/sys/net/core/somaxconn file
[1751140309.898206] [flux-sample-27:1044 :0]            sock.c:513  UCX  WARN  unable to read somaxconn value from /proc/sys/net/core/somaxconn file
[1751140309.754759] [flux-sample-23:961  :0]            sock.c:513  UCX  WARN  unable to read somaxconn value from /proc/sys/net/core/somaxconn file
[1751140309.894556] [flux-sample-30:1008 :0]            sock.c:513  UCX  WARN  unable to read somaxconn value from /proc/sys/net/core/somaxconn file
[1751140309.852603] [flux-sample-14:2075 :0]            sock.c:513  UCX  WARN  unable to read somaxconn value from /proc/sys/net/core/somaxconn file
[1751140309.851680] [flux-sample-29:1060 :0]            sock.c:513  UCX  WARN  unable to read somaxconn value from /proc/sys/net/core/somaxconn file
[1751140309.882710] [flux-sample-24:1004 :0]            sock.c:513  UCX  WARN  unable to read somaxconn value from /proc/sys/net/core/somaxconn file
[1751140309.791992] [flux-sample-28:1018 :0]            sock.c:513  UCX  WARN  unable to read somaxconn value from /proc/sys/net/core/somaxconn file
[1751140309.847649] [flux-sample-19:1002 :0]            sock.c:513  UCX  WARN  unable to read somaxconn value from /proc/sys/net/core/somaxconn file
[1751140309.881742] [flux-sample-4:3036 :0]            sock.c:513  UCX  WARN  unable to read somaxconn value from /proc/sys/net/core/somaxconn file
[1751140309.909148] [flux-sample-2:4063 :0]            sock.c:513  UCX  WARN  unable to read somaxconn value from /proc/sys/net/core/somaxconn file
[1751140309.898715] [flux-sample-10:2043 :0]            sock.c:513  UCX  WARN  unable to read somaxconn value from /proc/sys/net/core/somaxconn file
[1751140309.883643] [flux-sample-3:4056 :0]            sock.c:513  UCX  WARN  unable to read somaxconn value from /proc/sys/net/core/somaxconn file
[1751140309.874481] [flux-sample-17:1073 :0]            sock.c:513  UCX  WARN  unable to read somaxconn value from /proc/sys/net/core/somaxconn file
[1751140309.918824] [flux-sample-21:1007 :0]            sock.c:513  UCX  WARN  unable to read somaxconn value from /proc/sys/net/core/somaxconn file
[1751140309.879776] [flux-sample-22:1065 :0]            sock.c:513  UCX  WARN  unable to read somaxconn value from /proc/sys/net/core/somaxconn file
[1751140309.896954] [flux-sample-12:2023 :0]            sock.c:513  UCX  WARN  unable to read somaxconn value from /proc/sys/net/core/somaxconn file
[1751140309.861157] [flux-sample-20:1008 :0]            sock.c:513  UCX  WARN  unable to read somaxconn value from /proc/sys/net/core/somaxconn file
[1751140309.865910] [flux-sample-18:1015 :0]            sock.c:513  UCX  WARN  unable to read somaxconn value from /proc/sys/net/core/somaxconn file
[1751140309.871574] [flux-sample-6:3048 :0]            sock.c:513  UCX  WARN  unable to read somaxconn value from /proc/sys/net/core/somaxconn file
[1751140309.892248] [flux-sample-13:2022 :0]            sock.c:513  UCX  WARN  unable to read somaxconn value from /proc/sys/net/core/somaxconn file
[1751140309.871046] [flux-sample-31:1037 :0]            sock.c:513  UCX  WARN  unable to read somaxconn value from /proc/sys/net/core/somaxconn file
[1751140309.788046] [flux-sample-1:4132 :0]            sock.c:513  UCX  WARN  unable to read somaxconn value from /proc/sys/net/core/somaxconn file
[1751140309.902608] [flux-sample-25:1024 :0]            sock.c:513  UCX  WARN  unable to read somaxconn value from /proc/sys/net/core/somaxconn file
[1751140309.914122] [flux-sample-5:3031 :0]            sock.c:513  UCX  WARN  unable to read somaxconn value from /proc/sys/net/core/somaxconn file
[1751140309.910743] [flux-sample-7:3031 :0]            sock.c:513  UCX  WARN  unable to read somaxconn value from /proc/sys/net/core/somaxconn file
[1751140309.810450] [flux-sample-11:2072 :0]            sock.c:513  UCX  WARN  unable to read somaxconn value from /proc/sys/net/core/somaxconn file
[1751140309.833505] [flux-sample-26:1056 :0]            sock.c:513  UCX  WARN  unable to read somaxconn value from /proc/sys/net/core/somaxconn file
[1751140309.942374] [flux-sample-9:2037 :0]            sock.c:513  UCX  WARN  unable to read somaxconn value from /proc/sys/net/core/somaxconn file
[1751140309.847412] [flux-sample-15:2035 :0]            sock.c:513  UCX  WARN  unable to read somaxconn value from /proc/sys/net/core/somaxconn file
[1751140309.912632] [flux-sample-8:2075 :0]            sock.c:513  UCX  WARN  unable to read somaxconn value from /proc/sys/net/core/somaxconn file
[1751140309.888380] [flux-sample-27:1042 :0]            sock.c:513  UCX  WARN  unable to read somaxconn value from /proc/sys/net/core/somaxconn file
[1751140309.754768] [flux-sample-23:960  :0]            sock.c:513  UCX  WARN  unable to read somaxconn value from /proc/sys/net/core/somaxconn file
[1751140309.870060] [flux-sample-30:1005 :0]            sock.c:513  UCX  WARN  unable to read somaxconn value from /proc/sys/net/core/somaxconn file
[1751140309.830715] [flux-sample-14:2073 :0]            sock.c:513  UCX  WARN  unable to read somaxconn value from /proc/sys/net/core/somaxconn file
[1751140309.865452] [flux-sample-29:1058 :0]            sock.c:513  UCX  WARN  unable to read somaxconn value from /proc/sys/net/core/somaxconn file
[1751140309.911829] [flux-sample-24:1003 :0]            sock.c:513  UCX  WARN  unable to read somaxconn value from /proc/sys/net/core/somaxconn file
[1751140309.790468] [flux-sample-28:1016 :0]            sock.c:513  UCX  WARN  unable to read somaxconn value from /proc/sys/net/core/somaxconn file
[1751140309.811251] [flux-sample-19:999  :0]            sock.c:513  UCX  WARN  unable to read somaxconn value from /proc/sys/net/core/somaxconn file
[1751140309.904279] [flux-sample-4:3035 :0]            sock.c:513  UCX  WARN  unable to read somaxconn value from /proc/sys/net/core/somaxconn file
[1751140309.863422] [flux-sample-2:4059 :0]            sock.c:513  UCX  WARN  unable to read somaxconn value from /proc/sys/net/core/somaxconn file
[1751140309.836028] [flux-sample-10:2041 :0]            sock.c:513  UCX  WARN  unable to read somaxconn value from /proc/sys/net/core/somaxconn file
[1751140309.891412] [flux-sample-3:4053 :0]            sock.c:513  UCX  WARN  unable to read somaxconn value from /proc/sys/net/core/somaxconn file
[1751140309.786486] [flux-sample-17:1072 :0]            sock.c:513  UCX  WARN  unable to read somaxconn value from /proc/sys/net/core/somaxconn file
[1751140309.845248] [flux-sample-21:1006 :0]            sock.c:513  UCX  WARN  unable to read somaxconn value from /proc/sys/net/core/somaxconn file
[1751140309.781007] [flux-sample-22:1063 :0]            sock.c:513  UCX  WARN  unable to read somaxconn value from /proc/sys/net/core/somaxconn file
[1751140309.894487] [flux-sample-12:2020 :0]            sock.c:513  UCX  WARN  unable to read somaxconn value from /proc/sys/net/core/somaxconn file
[1751140309.850027] [flux-sample-20:1006 :0]            sock.c:513  UCX  WARN  unable to read somaxconn value from /proc/sys/net/core/somaxconn file
[1751140309.851095] [flux-sample-18:1012 :0]            sock.c:513  UCX  WARN  unable to read somaxconn value from /proc/sys/net/core/somaxconn file
[1751140309.871838] [flux-sample-6:3046 :0]            sock.c:513  UCX  WARN  unable to read somaxconn value from /proc/sys/net/core/somaxconn file
[1751140309.894024] [flux-sample-13:2018 :0]            sock.c:513  UCX  WARN  unable to read somaxconn value from /proc/sys/net/core/somaxconn file
[1751140309.853914] [flux-sample-31:1034 :0]            sock.c:513  UCX  WARN  unable to read somaxconn value from /proc/sys/net/core/somaxconn file
[1751140309.916467] [flux-sample-1:4131 :0]            sock.c:513  UCX  WARN  unable to read somaxconn value from /proc/sys/net/core/somaxconn file
[1751140309.902630] [flux-sample-25:1022 :0]            sock.c:513  UCX  WARN  unable to read somaxconn value from /proc/sys/net/core/somaxconn file
[1751140309.790984] [flux-sample-5:3029 :0]            sock.c:513  UCX  WARN  unable to read somaxconn value from /proc/sys/net/core/somaxconn file
[1751140309.909801] [flux-sample-7:3030 :0]            sock.c:513  UCX  WARN  unable to read somaxconn value from /proc/sys/net/core/somaxconn file
[1751140309.815270] [flux-sample-11:2071 :0]            sock.c:513  UCX  WARN  unable to read somaxconn value from /proc/sys/net/core/somaxconn file
[1751140309.812668] [flux-sample-26:1054 :0]            sock.c:513  UCX  WARN  unable to read somaxconn value from /proc/sys/net/core/somaxconn file
[1751140309.889759] [flux-sample-9:2035 :0]            sock.c:513  UCX  WARN  unable to read somaxconn value from /proc/sys/net/core/somaxconn file
[1751140309.846539] [flux-sample-15:2033 :0]            sock.c:513  UCX  WARN  unable to read somaxconn value from /proc/sys/net/core/somaxconn file
[1751140309.883408] [flux-sample-8:2074 :0]            sock.c:513  UCX  WARN  unable to read somaxconn value from /proc/sys/net/core/somaxconn file
[1751140309.894755] [flux-sample-27:1040 :0]            sock.c:513  UCX  WARN  unable to read somaxconn value from /proc/sys/net/core/somaxconn file
[1751140309.754761] [flux-sample-23:959  :0]            sock.c:513  UCX  WARN  unable to read somaxconn value from /proc/sys/net/core/somaxconn file
[1751140309.816408] [flux-sample-30:1003 :0]            sock.c:513  UCX  WARN  unable to read somaxconn value from /proc/sys/net/core/somaxconn file
[1751140309.848871] [flux-sample-14:2072 :0]            sock.c:513  UCX  WARN  unable to read somaxconn value from /proc/sys/net/core/somaxconn file
[1751140309.787612] [flux-sample-29:1056 :0]            sock.c:513  UCX  WARN  unable to read somaxconn value from /proc/sys/net/core/somaxconn file
[1751140309.770942] [flux-sample-24:1001 :0]            sock.c:513  UCX  WARN  unable to read somaxconn value from /proc/sys/net/core/somaxconn file
[1751140309.812294] [flux-sample-28:1014 :0]            sock.c:513  UCX  WARN  unable to read somaxconn value from /proc/sys/net/core/somaxconn file
[1751140309.806539] [flux-sample-19:997  :0]            sock.c:513  UCX  WARN  unable to read somaxconn value from /proc/sys/net/core/somaxconn file
[1751140309.905198] [flux-sample-4:3034 :0]            sock.c:513  UCX  WARN  unable to read somaxconn value from /proc/sys/net/core/somaxconn file
[1751140309.781570] [flux-sample-2:4057 :0]            sock.c:513  UCX  WARN  unable to read somaxconn value from /proc/sys/net/core/somaxconn file
[1751140309.867338] [flux-sample-10:2039 :0]            sock.c:513  UCX  WARN  unable to read somaxconn value from /proc/sys/net/core/somaxconn file
[1751140309.774100] [flux-sample-3:4051 :0]            sock.c:513  UCX  WARN  unable to read somaxconn value from /proc/sys/net/core/somaxconn file
[1751140309.853263] [flux-sample-17:1070 :0]            sock.c:513  UCX  WARN  unable to read somaxconn value from /proc/sys/net/core/somaxconn file
[1751140309.783826] [flux-sample-21:1002 :0]            sock.c:513  UCX  WARN  unable to read somaxconn value from /proc/sys/net/core/somaxconn file
[1751140309.781007] [flux-sample-22:1060 :0]            sock.c:513  UCX  WARN  unable to read somaxconn value from /proc/sys/net/core/somaxconn file
[1751140309.796869] [flux-sample-12:2016 :0]            sock.c:513  UCX  WARN  unable to read somaxconn value from /proc/sys/net/core/somaxconn file
[1751140309.851085] [flux-sample-20:1003 :0]            sock.c:513  UCX  WARN  unable to read somaxconn value from /proc/sys/net/core/somaxconn file
[1751140309.808904] [flux-sample-18:1010 :0]            sock.c:513  UCX  WARN  unable to read somaxconn value from /proc/sys/net/core/somaxconn file
[1751140309.889973] [flux-sample-6:3044 :0]            sock.c:513  UCX  WARN  unable to read somaxconn value from /proc/sys/net/core/somaxconn file
[1751140309.866030] [flux-sample-13:2017 :0]            sock.c:513  UCX  WARN  unable to read somaxconn value from /proc/sys/net/core/somaxconn file
[1751140309.851775] [flux-sample-31:1032 :0]            sock.c:513  UCX  WARN  unable to read somaxconn value from /proc/sys/net/core/somaxconn file
[1751140309.914510] [flux-sample-1:4129 :0]            sock.c:513  UCX  WARN  unable to read somaxconn value from /proc/sys/net/core/somaxconn file
[1751140309.850266] [flux-sample-25:974  :0]            sock.c:513  UCX  WARN  unable to read somaxconn value from /proc/sys/net/core/somaxconn file
[1751140309.818078] [flux-sample-5:3027 :0]            sock.c:513  UCX  WARN  unable to read somaxconn value from /proc/sys/net/core/somaxconn file
[1751140309.868924] [flux-sample-7:3029 :0]            sock.c:513  UCX  WARN  unable to read somaxconn value from /proc/sys/net/core/somaxconn file
[1751140309.816548] [flux-sample-11:2070 :0]            sock.c:513  UCX  WARN  unable to read somaxconn value from /proc/sys/net/core/somaxconn file
[1751140309.923922] [flux-sample-26:1051 :0]            sock.c:513  UCX  WARN  unable to read somaxconn value from /proc/sys/net/core/somaxconn file
[1751140309.909215] [flux-sample-9:2033 :0]            sock.c:513  UCX  WARN  unable to read somaxconn value from /proc/sys/net/core/somaxconn file
[1751140309.847226] [flux-sample-15:2031 :0]            sock.c:513  UCX  WARN  unable to read somaxconn value from /proc/sys/net/core/somaxconn file
[1751140309.918466] [flux-sample-8:2072 :0]            sock.c:513  UCX  WARN  unable to read somaxconn value from /proc/sys/net/core/somaxconn file
[1751140309.887216] [flux-sample-27:1038 :0]            sock.c:513  UCX  WARN  unable to read somaxconn value from /proc/sys/net/core/somaxconn file
[1751140309.634226] [flux-sample-23:958  :0]            sock.c:513  UCX  WARN  unable to read somaxconn value from /proc/sys/net/core/somaxconn file
[1751140309.813991] [flux-sample-30:1001 :0]            sock.c:513  UCX  WARN  unable to read somaxconn value from /proc/sys/net/core/somaxconn file
[1751140309.740600] [flux-sample-14:2071 :0]            sock.c:513  UCX  WARN  unable to read somaxconn value from /proc/sys/net/core/somaxconn file
[1751140309.787612] [flux-sample-29:1053 :0]            sock.c:513  UCX  WARN  unable to read somaxconn value from /proc/sys/net/core/somaxconn file
[1751140309.770942] [flux-sample-24:998  :0]            sock.c:513  UCX  WARN  unable to read somaxconn value from /proc/sys/net/core/somaxconn file
[1751140309.872152] [flux-sample-28:1011 :0]            sock.c:513  UCX  WARN  unable to read somaxconn value from /proc/sys/net/core/somaxconn file
[1751140309.899230] [flux-sample-19:996  :0]            sock.c:513  UCX  WARN  unable to read somaxconn value from /proc/sys/net/core/somaxconn file
[1751140309.904279] [flux-sample-4:3032 :0]            sock.c:513  UCX  WARN  unable to read somaxconn value from /proc/sys/net/core/somaxconn file
[1751140309.777028] [flux-sample-2:4054 :0]            sock.c:513  UCX  WARN  unable to read somaxconn value from /proc/sys/net/core/somaxconn file
[1751140309.913376] [flux-sample-10:2035 :0]            sock.c:513  UCX  WARN  unable to read somaxconn value from /proc/sys/net/core/somaxconn file
[1751140309.774085] [flux-sample-3:4045 :0]            sock.c:513  UCX  WARN  unable to read somaxconn value from /proc/sys/net/core/somaxconn file
[1751140309.860107] [flux-sample-17:1068 :0]            sock.c:513  UCX  WARN  unable to read somaxconn value from /proc/sys/net/core/somaxconn file
[1751140309.773113] [flux-sample-21:1001 :0]            sock.c:513  UCX  WARN  unable to read somaxconn value from /proc/sys/net/core/somaxconn file
[1751140309.864101] [flux-sample-22:1059 :0]            sock.c:513  UCX  WARN  unable to read somaxconn value from /proc/sys/net/core/somaxconn file
[1751140309.794917] [flux-sample-12:2014 :0]            sock.c:513  UCX  WARN  unable to read somaxconn value from /proc/sys/net/core/somaxconn file
[1751140309.854754] [flux-sample-20:1000 :0]            sock.c:513  UCX  WARN  unable to read somaxconn value from /proc/sys/net/core/somaxconn file
[1751140309.866843] [flux-sample-18:1008 :0]            sock.c:513  UCX  WARN  unable to read somaxconn value from /proc/sys/net/core/somaxconn file
[1751140309.890802] [flux-sample-6:3042 :0]            sock.c:513  UCX  WARN  unable to read somaxconn value from /proc/sys/net/core/somaxconn file
[1751140309.895495] [flux-sample-13:2014 :0]            sock.c:513  UCX  WARN  unable to read somaxconn value from /proc/sys/net/core/somaxconn file
[1751140309.858555] [flux-sample-31:1030 :0]            sock.c:513  UCX  WARN  unable to read somaxconn value from /proc/sys/net/core/somaxconn file
[1751140309.879956] [flux-sample-1:4127 :0]            sock.c:513  UCX  WARN  unable to read somaxconn value from /proc/sys/net/core/somaxconn file
[1751140309.740017] [flux-sample-25:972  :0]            sock.c:513  UCX  WARN  unable to read somaxconn value from /proc/sys/net/core/somaxconn file
[1751140309.904411] [flux-sample-5:3025 :0]            sock.c:513  UCX  WARN  unable to read somaxconn value from /proc/sys/net/core/somaxconn file
[1751140309.910879] [flux-sample-7:3027 :0]            sock.c:513  UCX  WARN  unable to read somaxconn value from /proc/sys/net/core/somaxconn file
[1751140309.782162] [flux-sample-11:2063 :0]            sock.c:513  UCX  WARN  unable to read somaxconn value from /proc/sys/net/core/somaxconn file
[1751140309.811663] [flux-sample-26:1050 :0]            sock.c:513  UCX  WARN  unable to read somaxconn value from /proc/sys/net/core/somaxconn file
[1751140309.889759] [flux-sample-9:2030 :0]            sock.c:513  UCX  WARN  unable to read somaxconn value from /proc/sys/net/core/somaxconn file
[1751140309.876797] [flux-sample-15:2028 :0]            sock.c:513  UCX  WARN  unable to read somaxconn value from /proc/sys/net/core/somaxconn file
[1751140309.773491] [flux-sample-8:2071 :0]            sock.c:513  UCX  WARN  unable to read somaxconn value from /proc/sys/net/core/somaxconn file
[1751140309.909506] [flux-sample-27:1037 :0]            sock.c:513  UCX  WARN  unable to read somaxconn value from /proc/sys/net/core/somaxconn file
[1751140309.634226] [flux-sample-23:957  :0]            sock.c:513  UCX  WARN  unable to read somaxconn value from /proc/sys/net/core/somaxconn file
[1751140309.844896] [flux-sample-30:1000 :0]            sock.c:513  UCX  WARN  unable to read somaxconn value from /proc/sys/net/core/somaxconn file
[1751140309.735557] [flux-sample-14:2069 :0]            sock.c:513  UCX  WARN  unable to read somaxconn value from /proc/sys/net/core/somaxconn file
[1751140309.900822] [flux-sample-29:1052 :0]            sock.c:513  UCX  WARN  unable to read somaxconn value from /proc/sys/net/core/somaxconn file
[1751140309.917450] [flux-sample-24:996  :0]            sock.c:513  UCX  WARN  unable to read somaxconn value from /proc/sys/net/core/somaxconn file
[1751140309.810219] [flux-sample-28:1010 :0]            sock.c:513  UCX  WARN  unable to read somaxconn value from /proc/sys/net/core/somaxconn file
[1751140309.795376] [flux-sample-19:994  :0]            sock.c:513  UCX  WARN  unable to read somaxconn value from /proc/sys/net/core/somaxconn file
[1751140309.894753] [flux-sample-4:3030 :0]            sock.c:513  UCX  WARN  unable to read somaxconn value from /proc/sys/net/core/somaxconn file
[1751140309.760733] [flux-sample-2:4051 :0]            sock.c:513  UCX  WARN  unable to read somaxconn value from /proc/sys/net/core/somaxconn file
[1751140309.908732] [flux-sample-10:2015 :0]            sock.c:513  UCX  WARN  unable to read somaxconn value from /proc/sys/net/core/somaxconn file
[1751140309.768821] [flux-sample-3:4043 :0]            sock.c:513  UCX  WARN  unable to read somaxconn value from /proc/sys/net/core/somaxconn file
[1751140309.871922] [flux-sample-17:1065 :0]            sock.c:513  UCX  WARN  unable to read somaxconn value from /proc/sys/net/core/somaxconn file
[1751140309.784115] [flux-sample-21:999  :0]            sock.c:513  UCX  WARN  unable to read somaxconn value from /proc/sys/net/core/somaxconn file
[1751140309.794757] [flux-sample-22:1058 :0]            sock.c:513  UCX  WARN  unable to read somaxconn value from /proc/sys/net/core/somaxconn file
[1751140309.790719] [flux-sample-12:2013 :0]            sock.c:513  UCX  WARN  unable to read somaxconn value from /proc/sys/net/core/somaxconn file
[1751140309.861382] [flux-sample-20:999  :0]            sock.c:513  UCX  WARN  unable to read somaxconn value from /proc/sys/net/core/somaxconn file
[1751140309.757430] [flux-sample-18:1006 :0]            sock.c:513  UCX  WARN  unable to read somaxconn value from /proc/sys/net/core/somaxconn file
[1751140309.873182] [flux-sample-6:3039 :0]            sock.c:513  UCX  WARN  unable to read somaxconn value from /proc/sys/net/core/somaxconn file
[1751140309.861956] [flux-sample-13:2013 :0]            sock.c:513  UCX  WARN  unable to read somaxconn value from /proc/sys/net/core/somaxconn file
[1751140309.858835] [flux-sample-31:1028 :0]            sock.c:513  UCX  WARN  unable to read somaxconn value from /proc/sys/net/core/somaxconn file
[1751140309.886085] [flux-sample-1:4125 :0]            sock.c:513  UCX  WARN  unable to read somaxconn value from /proc/sys/net/core/somaxconn file
[1751140309.740016] [flux-sample-25:969  :0]            sock.c:513  UCX  WARN  unable to read somaxconn value from /proc/sys/net/core/somaxconn file
[1751140309.806116] [flux-sample-5:3024 :0]            sock.c:513  UCX  WARN  unable to read somaxconn value from /proc/sys/net/core/somaxconn file
[1751140309.789343] [flux-sample-7:3025 :0]            sock.c:513  UCX  WARN  unable to read somaxconn value from /proc/sys/net/core/somaxconn file
[1751140309.798541] [flux-sample-11:2060 :0]            sock.c:513  UCX  WARN  unable to read somaxconn value from /proc/sys/net/core/somaxconn file
[1751140309.910109] [flux-sample-26:1048 :0]            sock.c:513  UCX  WARN  unable to read somaxconn value from /proc/sys/net/core/somaxconn file
[1751140309.943209] [flux-sample-9:2027 :0]            sock.c:513  UCX  WARN  unable to read somaxconn value from /proc/sys/net/core/somaxconn file
[1751140309.854605] [flux-sample-15:2026 :0]            sock.c:513  UCX  WARN  unable to read somaxconn value from /proc/sys/net/core/somaxconn file
[1751140309.873551] [flux-sample-8:2069 :0]            sock.c:513  UCX  WARN  unable to read somaxconn value from /proc/sys/net/core/somaxconn file
[1751140309.908861] [flux-sample-27:993  :0]            sock.c:513  UCX  WARN  unable to read somaxconn value from /proc/sys/net/core/somaxconn file
[1751140309.816010] [flux-sample-23:956  :0]            sock.c:513  UCX  WARN  unable to read somaxconn value from /proc/sys/net/core/somaxconn file
[1751140309.840861] [flux-sample-30:999  :0]            sock.c:513  UCX  WARN  unable to read somaxconn value from /proc/sys/net/core/somaxconn file
[1751140309.855307] [flux-sample-14:2066 :0]            sock.c:513  UCX  WARN  unable to read somaxconn value from /proc/sys/net/core/somaxconn file
[1751140309.734363] [flux-sample-29:1049 :0]            sock.c:513  UCX  WARN  unable to read somaxconn value from /proc/sys/net/core/somaxconn file
[1751140309.883465] [flux-sample-24:993  :0]            sock.c:513  UCX  WARN  unable to read somaxconn value from /proc/sys/net/core/somaxconn file
[1751140309.888271] [flux-sample-28:1006 :0]            sock.c:513  UCX  WARN  unable to read somaxconn value from /proc/sys/net/core/somaxconn file
[1751140309.873024] [flux-sample-19:993  :0]            sock.c:513  UCX  WARN  unable to read somaxconn value from /proc/sys/net/core/somaxconn file
[1751140309.892223] [flux-sample-4:3029 :0]            sock.c:513  UCX  WARN  unable to read somaxconn value from /proc/sys/net/core/somaxconn file
[1751140309.910957] [flux-sample-2:4050 :0]            sock.c:513  UCX  WARN  unable to read somaxconn value from /proc/sys/net/core/somaxconn file
[1751140309.902767] [flux-sample-10:2037 :0]            sock.c:513  UCX  WARN  unable to read somaxconn value from /proc/sys/net/core/somaxconn file
[1751140309.768562] [flux-sample-3:4041 :0]            sock.c:513  UCX  WARN  unable to read somaxconn value from /proc/sys/net/core/somaxconn file
[1751140309.853714] [flux-sample-17:1062 :0]            sock.c:513  UCX  WARN  unable to read somaxconn value from /proc/sys/net/core/somaxconn file
[1751140309.815815] [flux-sample-21:998  :0]            sock.c:513  UCX  WARN  unable to read somaxconn value from /proc/sys/net/core/somaxconn file
[1751140309.777819] [flux-sample-22:1055 :0]            sock.c:513  UCX  WARN  unable to read somaxconn value from /proc/sys/net/core/somaxconn file
[1751140309.894734] [flux-sample-12:2011 :0]            sock.c:513  UCX  WARN  unable to read somaxconn value from /proc/sys/net/core/somaxconn file
[1751140309.861158] [flux-sample-20:998  :0]            sock.c:513  UCX  WARN  unable to read somaxconn value from /proc/sys/net/core/somaxconn file
[1751140309.750207] [flux-sample-18:1005 :0]            sock.c:513  UCX  WARN  unable to read somaxconn value from /proc/sys/net/core/somaxconn file
[1751140309.872457] [flux-sample-6:3036 :0]            sock.c:513  UCX  WARN  unable to read somaxconn value from /proc/sys/net/core/somaxconn file
[1751140309.894893] [flux-sample-13:2012 :0]            sock.c:513  UCX  WARN  unable to read somaxconn value from /proc/sys/net/core/somaxconn file
[1751140309.854416] [flux-sample-31:1027 :0]            sock.c:513  UCX  WARN  unable to read somaxconn value from /proc/sys/net/core/somaxconn file
[1751140309.845902] [flux-sample-1:4123 :0]            sock.c:513  UCX  WARN  unable to read somaxconn value from /proc/sys/net/core/somaxconn file
[1751140309.749270] [flux-sample-25:967  :0]            sock.c:513  UCX  WARN  unable to read somaxconn value from /proc/sys/net/core/somaxconn file
[1751140309.833400] [flux-sample-5:3021 :0]            sock.c:513  UCX  WARN  unable to read somaxconn value from /proc/sys/net/core/somaxconn file
[1751140309.746812] [flux-sample-7:3023 :0]            sock.c:513  UCX  WARN  unable to read somaxconn value from /proc/sys/net/core/somaxconn file
[1751140309.819009] [flux-sample-11:2052 :0]            sock.c:513  UCX  WARN  unable to read somaxconn value from /proc/sys/net/core/somaxconn file
[1751140309.901204] [flux-sample-26:1047 :0]            sock.c:513  UCX  WARN  unable to read somaxconn value from /proc/sys/net/core/somaxconn file
[1751140309.908548] [flux-sample-9:2025 :0]            sock.c:513  UCX  WARN  unable to read somaxconn value from /proc/sys/net/core/somaxconn file
[1751140309.874133] [flux-sample-15:2023 :0]            sock.c:513  UCX  WARN  unable to read somaxconn value from /proc/sys/net/core/somaxconn file
[1751140309.884717] [flux-sample-8:2067 :0]            sock.c:513  UCX  WARN  unable to read somaxconn value from /proc/sys/net/core/somaxconn file
[1751140309.909646] [flux-sample-27:992  :0]            sock.c:513  UCX  WARN  unable to read somaxconn value from /proc/sys/net/core/somaxconn file
[1751140309.673420] [flux-sample-23:955  :0]            sock.c:513  UCX  WARN  unable to read somaxconn value from /proc/sys/net/core/somaxconn file
[1751140309.842803] [flux-sample-30:997  :0]            sock.c:513  UCX  WARN  unable to read somaxconn value from /proc/sys/net/core/somaxconn file
[1751140309.738966] [flux-sample-14:2063 :0]            sock.c:513  UCX  WARN  unable to read somaxconn value from /proc/sys/net/core/somaxconn file
[1751140309.737578] [flux-sample-29:1047 :0]            sock.c:513  UCX  WARN  unable to read somaxconn value from /proc/sys/net/core/somaxconn file
[1751140309.905225] [flux-sample-24:989  :0]            sock.c:513  UCX  WARN  unable to read somaxconn value from /proc/sys/net/core/somaxconn file
[1751140309.820846] [flux-sample-28:1003 :0]            sock.c:513  UCX  WARN  unable to read somaxconn value from /proc/sys/net/core/somaxconn file
[1751140309.879111] [flux-sample-19:992  :0]            sock.c:513  UCX  WARN  unable to read somaxconn value from /proc/sys/net/core/somaxconn file
[1751140309.883960] [flux-sample-4:3026 :0]            sock.c:513  UCX  WARN  unable to read somaxconn value from /proc/sys/net/core/somaxconn file
[1751140309.882537] [flux-sample-2:4049 :0]            sock.c:513  UCX  WARN  unable to read somaxconn value from /proc/sys/net/core/somaxconn file
[1751140309.907321] [flux-sample-10:2010 :0]            sock.c:513  UCX  WARN  unable to read somaxconn value from /proc/sys/net/core/somaxconn file
[1751140309.773267] [flux-sample-3:4038 :0]            sock.c:513  UCX  WARN  unable to read somaxconn value from /proc/sys/net/core/somaxconn file
[1751140309.857678] [flux-sample-17:1058 :0]            sock.c:513  UCX  WARN  unable to read somaxconn value from /proc/sys/net/core/somaxconn file
[1751140309.827798] [flux-sample-21:997  :0]            sock.c:513  UCX  WARN  unable to read somaxconn value from /proc/sys/net/core/somaxconn file
[1751140309.792263] [flux-sample-22:1053 :0]            sock.c:513  UCX  WARN  unable to read somaxconn value from /proc/sys/net/core/somaxconn file
[1751140309.769686] [flux-sample-12:2009 :0]            sock.c:513  UCX  WARN  unable to read somaxconn value from /proc/sys/net/core/somaxconn file
[1751140309.858949] [flux-sample-20:995  :0]            sock.c:513  UCX  WARN  unable to read somaxconn value from /proc/sys/net/core/somaxconn file
[1751140309.789017] [flux-sample-18:1004 :0]            sock.c:513  UCX  WARN  unable to read somaxconn value from /proc/sys/net/core/somaxconn file
[1751140309.776133] [flux-sample-6:3033 :0]            sock.c:513  UCX  WARN  unable to read somaxconn value from /proc/sys/net/core/somaxconn file
[1751140309.862455] [flux-sample-13:2011 :0]            sock.c:513  UCX  WARN  unable to read somaxconn value from /proc/sys/net/core/somaxconn file
[1751140309.858822] [flux-sample-31:1024 :0]            sock.c:513  UCX  WARN  unable to read somaxconn value from /proc/sys/net/core/somaxconn file
[1751140309.907234] [flux-sample-1:4121 :0]            sock.c:513  UCX  WARN  unable to read somaxconn value from /proc/sys/net/core/somaxconn file
[1751140309.764879] [flux-sample-25:964  :0]            sock.c:513  UCX  WARN  unable to read somaxconn value from /proc/sys/net/core/somaxconn file
[1751140309.810240] [flux-sample-5:3020 :0]            sock.c:513  UCX  WARN  unable to read somaxconn value from /proc/sys/net/core/somaxconn file
[1751140309.744855] [flux-sample-7:3021 :0]            sock.c:513  UCX  WARN  unable to read somaxconn value from /proc/sys/net/core/somaxconn file
[1751140309.717414] [flux-sample-11:2047 :0]            sock.c:513  UCX  WARN  unable to read somaxconn value from /proc/sys/net/core/somaxconn file
[1751140309.903171] [flux-sample-26:1046 :0]            sock.c:513  UCX  WARN  unable to read somaxconn value from /proc/sys/net/core/somaxconn file
[1751140309.878328] [flux-sample-9:2023 :0]            sock.c:513  UCX  WARN  unable to read somaxconn value from /proc/sys/net/core/somaxconn file
[1751140309.847232] [flux-sample-15:2021 :0]            sock.c:513  UCX  WARN  unable to read somaxconn value from /proc/sys/net/core/somaxconn file
[1751140309.873694] [flux-sample-8:2064 :0]            sock.c:513  UCX  WARN  unable to read somaxconn value from /proc/sys/net/core/somaxconn file
[1751140309.909782] [flux-sample-27:991  :0]            sock.c:513  UCX  WARN  unable to read somaxconn value from /proc/sys/net/core/somaxconn file
[1751140309.800529] [flux-sample-23:954  :0]            sock.c:513  UCX  WARN  unable to read somaxconn value from /proc/sys/net/core/somaxconn file
[1751140309.808836] [flux-sample-30:994  :0]            sock.c:513  UCX  WARN  unable to read somaxconn value from /proc/sys/net/core/somaxconn file
[1751140309.854175] [flux-sample-14:2060 :0]            sock.c:513  UCX  WARN  unable to read somaxconn value from /proc/sys/net/core/somaxconn file
[1751140309.734049] [flux-sample-29:1045 :0]            sock.c:513  UCX  WARN  unable to read somaxconn value from /proc/sys/net/core/somaxconn file
[1751140309.922612] [flux-sample-24:986  :0]            sock.c:513  UCX  WARN  unable to read somaxconn value from /proc/sys/net/core/somaxconn file
[1751140309.829693] [flux-sample-28:1000 :0]            sock.c:513  UCX  WARN  unable to read somaxconn value from /proc/sys/net/core/somaxconn file
[1751140309.873014] [flux-sample-19:989  :0]            sock.c:513  UCX  WARN  unable to read somaxconn value from /proc/sys/net/core/somaxconn file
[1751140309.902534] [flux-sample-4:3024 :0]            sock.c:513  UCX  WARN  unable to read somaxconn value from /proc/sys/net/core/somaxconn file
[1751140309.774326] [flux-sample-2:4048 :0]            sock.c:513  UCX  WARN  unable to read somaxconn value from /proc/sys/net/core/somaxconn file
[1751140309.896546] [flux-sample-10:2008 :0]            sock.c:513  UCX  WARN  unable to read somaxconn value from /proc/sys/net/core/somaxconn file
[1751140309.770959] [flux-sample-3:4036 :0]            sock.c:513  UCX  WARN  unable to read somaxconn value from /proc/sys/net/core/somaxconn file
[1751140309.853006] [flux-sample-17:1056 :0]            sock.c:513  UCX  WARN  unable to read somaxconn value from /proc/sys/net/core/somaxconn file
[1751140309.784503] [flux-sample-21:996  :0]            sock.c:513  UCX  WARN  unable to read somaxconn value from /proc/sys/net/core/somaxconn file
[1751140309.878973] [flux-sample-22:1048 :0]            sock.c:513  UCX  WARN  unable to read somaxconn value from /proc/sys/net/core/somaxconn file
[1751140309.896920] [flux-sample-12:2007 :0]            sock.c:513  UCX  WARN  unable to read somaxconn value from /proc/sys/net/core/somaxconn file
[1751140309.905009] [flux-sample-20:993  :0]            sock.c:513  UCX  WARN  unable to read somaxconn value from /proc/sys/net/core/somaxconn file
[1751140309.810063] [flux-sample-18:1000 :0]            sock.c:513  UCX  WARN  unable to read somaxconn value from /proc/sys/net/core/somaxconn file
[1751140309.787256] [flux-sample-6:3031 :0]            sock.c:513  UCX  WARN  unable to read somaxconn value from /proc/sys/net/core/somaxconn file
[1751140309.733579] [flux-sample-13:2010 :0]            sock.c:513  UCX  WARN  unable to read somaxconn value from /proc/sys/net/core/somaxconn file
[1751140309.832595] [flux-sample-31:1022 :0]            sock.c:513  UCX  WARN  unable to read somaxconn value from /proc/sys/net/core/somaxconn file
[1751140310.001159] [flux-sample-16:1032 :0]            sock.c:513  UCX  WARN  unable to read somaxconn value from /proc/sys/net/core/somaxconn file
[1751140309.917688] [flux-sample-1:4119 :0]            sock.c:513  UCX  WARN  unable to read somaxconn value from /proc/sys/net/core/somaxconn file
[1751140309.847248] [flux-sample-25:962  :0]            sock.c:513  UCX  WARN  unable to read somaxconn value from /proc/sys/net/core/somaxconn file
[1751140309.912968] [flux-sample-5:3017 :0]            sock.c:513  UCX  WARN  unable to read somaxconn value from /proc/sys/net/core/somaxconn file
[1751140309.744854] [flux-sample-7:3019 :0]            sock.c:513  UCX  WARN  unable to read somaxconn value from /proc/sys/net/core/somaxconn file
[1751140309.824436] [flux-sample-11:2039 :0]            sock.c:513  UCX  WARN  unable to read somaxconn value from /proc/sys/net/core/somaxconn file
[1751140309.907884] [flux-sample-26:1044 :0]            sock.c:513  UCX  WARN  unable to read somaxconn value from /proc/sys/net/core/somaxconn file
[1751140309.889976] [flux-sample-9:2021 :0]            sock.c:513  UCX  WARN  unable to read somaxconn value from /proc/sys/net/core/somaxconn file
[1751140309.840294] [flux-sample-15:2019 :0]            sock.c:513  UCX  WARN  unable to read somaxconn value from /proc/sys/net/core/somaxconn file
[1751140309.874609] [flux-sample-8:2062 :0]            sock.c:513  UCX  WARN  unable to read somaxconn value from /proc/sys/net/core/somaxconn file
[1751140309.906510] [flux-sample-27:990  :0]            sock.c:513  UCX  WARN  unable to read somaxconn value from /proc/sys/net/core/somaxconn file
[1751140309.673420] [flux-sample-23:953  :0]            sock.c:513  UCX  WARN  unable to read somaxconn value from /proc/sys/net/core/somaxconn file
[1751140309.839771] [flux-sample-30:992  :0]            sock.c:513  UCX  WARN  unable to read somaxconn value from /proc/sys/net/core/somaxconn file
[1751140309.855321] [flux-sample-14:2058 :0]            sock.c:513  UCX  WARN  unable to read somaxconn value from /proc/sys/net/core/somaxconn file
[1751140309.864625] [flux-sample-29:1043 :0]            sock.c:513  UCX  WARN  unable to read somaxconn value from /proc/sys/net/core/somaxconn file
[1751140309.913958] [flux-sample-24:985  :0]            sock.c:513  UCX  WARN  unable to read somaxconn value from /proc/sys/net/core/somaxconn file
[1751140309.885051] [flux-sample-28:998  :0]            sock.c:513  UCX  WARN  unable to read somaxconn value from /proc/sys/net/core/somaxconn file
[1751140309.867502] [flux-sample-19:987  :0]            sock.c:513  UCX  WARN  unable to read somaxconn value from /proc/sys/net/core/somaxconn file
[1751140309.903473] [flux-sample-4:3022 :0]            sock.c:513  UCX  WARN  unable to read somaxconn value from /proc/sys/net/core/somaxconn file
[1751140309.779892] [flux-sample-2:4046 :0]            sock.c:513  UCX  WARN  unable to read somaxconn value from /proc/sys/net/core/somaxconn file
[1751140309.910256] [flux-sample-10:2005 :0]            sock.c:513  UCX  WARN  unable to read somaxconn value from /proc/sys/net/core/somaxconn file
[1751140309.774106] [flux-sample-3:4034 :0]            sock.c:513  UCX  WARN  unable to read somaxconn value from /proc/sys/net/core/somaxconn file
[1751140309.850012] [flux-sample-17:1053 :0]            sock.c:513  UCX  WARN  unable to read somaxconn value from /proc/sys/net/core/somaxconn file
[1751140309.922987] [flux-sample-21:993  :0]            sock.c:513  UCX  WARN  unable to read somaxconn value from /proc/sys/net/core/somaxconn file
[1751140309.900169] [flux-sample-22:1045 :0]            sock.c:513  UCX  WARN  unable to read somaxconn value from /proc/sys/net/core/somaxconn file
[1751140309.875324] [flux-sample-12:2005 :0]            sock.c:513  UCX  WARN  unable to read somaxconn value from /proc/sys/net/core/somaxconn file
[1751140309.921195] [flux-sample-20:992  :0]            sock.c:513  UCX  WARN  unable to read somaxconn value from /proc/sys/net/core/somaxconn file
[1751140309.843407] [flux-sample-18:996  :0]            sock.c:513  UCX  WARN  unable to read somaxconn value from /proc/sys/net/core/somaxconn file
[1751140309.904809] [flux-sample-6:3029 :0]            sock.c:513  UCX  WARN  unable to read somaxconn value from /proc/sys/net/core/somaxconn file
[1751140309.822852] [flux-sample-13:2009 :0]            sock.c:513  UCX  WARN  unable to read somaxconn value from /proc/sys/net/core/somaxconn file
[1751140309.873175] [flux-sample-31:1020 :0]            sock.c:513  UCX  WARN  unable to read somaxconn value from /proc/sys/net/core/somaxconn file
[1751140310.013745] [flux-sample-16:1030 :0]            sock.c:513  UCX  WARN  unable to read somaxconn value from /proc/sys/net/core/somaxconn file
[1751140309.857358] [flux-sample-1:4117 :0]            sock.c:513  UCX  WARN  unable to read somaxconn value from /proc/sys/net/core/somaxconn file
[1751140309.778208] [flux-sample-25:961  :0]            sock.c:513  UCX  WARN  unable to read somaxconn value from /proc/sys/net/core/somaxconn file
[1751140309.912952] [flux-sample-5:3014 :0]            sock.c:513  UCX  WARN  unable to read somaxconn value from /proc/sys/net/core/somaxconn file
[1751140309.855785] [flux-sample-7:3016 :0]            sock.c:513  UCX  WARN  unable to read somaxconn value from /proc/sys/net/core/somaxconn file
[1751140309.849016] [flux-sample-11:2036 :0]            sock.c:513  UCX  WARN  unable to read somaxconn value from /proc/sys/net/core/somaxconn file
[1751140309.903177] [flux-sample-26:1042 :0]            sock.c:513  UCX  WARN  unable to read somaxconn value from /proc/sys/net/core/somaxconn file
[1751140309.927837] [flux-sample-9:2019 :0]            sock.c:513  UCX  WARN  unable to read somaxconn value from /proc/sys/net/core/somaxconn file
[1751140309.855257] [flux-sample-15:2018 :0]            sock.c:513  UCX  WARN  unable to read somaxconn value from /proc/sys/net/core/somaxconn file
[1751140309.899962] [flux-sample-8:2059 :0]            sock.c:513  UCX  WARN  unable to read somaxconn value from /proc/sys/net/core/somaxconn file
[1751140309.908184] [flux-sample-27:987  :0]            sock.c:513  UCX  WARN  unable to read somaxconn value from /proc/sys/net/core/somaxconn file
[1751140309.868408] [flux-sample-23:1045 :0]            sock.c:513  UCX  WARN  unable to read somaxconn value from /proc/sys/net/core/somaxconn file
[1751140309.808132] [flux-sample-30:989  :0]            sock.c:513  UCX  WARN  unable to read somaxconn value from /proc/sys/net/core/somaxconn file
[1751140309.854168] [flux-sample-14:2055 :0]            sock.c:513  UCX  WARN  unable to read somaxconn value from /proc/sys/net/core/somaxconn file
[1751140309.734363] [flux-sample-29:1040 :0]            sock.c:513  UCX  WARN  unable to read somaxconn value from /proc/sys/net/core/somaxconn file
[1751140309.912506] [flux-sample-24:983  :0]            sock.c:513  UCX  WARN  unable to read somaxconn value from /proc/sys/net/core/somaxconn file
[1751140309.876516] [flux-sample-28:995  :0]            sock.c:513  UCX  WARN  unable to read somaxconn value from /proc/sys/net/core/somaxconn file
[1751140309.871195] [flux-sample-19:985  :0]            sock.c:513  UCX  WARN  unable to read somaxconn value from /proc/sys/net/core/somaxconn file
[1751140309.900516] [flux-sample-4:3018 :0]            sock.c:513  UCX  WARN  unable to read somaxconn value from /proc/sys/net/core/somaxconn file
[1751140309.912305] [flux-sample-2:4045 :0]            sock.c:513  UCX  WARN  unable to read somaxconn value from /proc/sys/net/core/somaxconn file
[1751140309.817398] [flux-sample-10:2003 :0]            sock.c:513  UCX  WARN  unable to read somaxconn value from /proc/sys/net/core/somaxconn file
[1751140309.782170] [flux-sample-3:4029 :0]            sock.c:513  UCX  WARN  unable to read somaxconn value from /proc/sys/net/core/somaxconn file
[1751140309.844797] [flux-sample-17:1051 :0]            sock.c:513  UCX  WARN  unable to read somaxconn value from /proc/sys/net/core/somaxconn file
[1751140309.921550] [flux-sample-21:992  :0]            sock.c:513  UCX  WARN  unable to read somaxconn value from /proc/sys/net/core/somaxconn file
[1751140309.890250] [flux-sample-22:1043 :0]            sock.c:513  UCX  WARN  unable to read somaxconn value from /proc/sys/net/core/somaxconn file
[1751140309.896994] [flux-sample-12:2002 :0]            sock.c:513  UCX  WARN  unable to read somaxconn value from /proc/sys/net/core/somaxconn file
[1751140309.901179] [flux-sample-20:990  :0]            sock.c:513  UCX  WARN  unable to read somaxconn value from /proc/sys/net/core/somaxconn file
[1751140309.866105] [flux-sample-18:994  :0]            sock.c:513  UCX  WARN  unable to read somaxconn value from /proc/sys/net/core/somaxconn file
[1751140309.782672] [flux-sample-6:3027 :0]            sock.c:513  UCX  WARN  unable to read somaxconn value from /proc/sys/net/core/somaxconn file
[1751140309.826730] [flux-sample-13:2007 :0]            sock.c:513  UCX  WARN  unable to read somaxconn value from /proc/sys/net/core/somaxconn file
[1751140309.853021] [flux-sample-31:1018 :0]            sock.c:513  UCX  WARN  unable to read somaxconn value from /proc/sys/net/core/somaxconn file
[1751140310.037192] [flux-sample-16:1028 :0]            sock.c:513  UCX  WARN  unable to read somaxconn value from /proc/sys/net/core/somaxconn file
[1751140309.933899] [flux-sample-1:4115 :0]            sock.c:513  UCX  WARN  unable to read somaxconn value from /proc/sys/net/core/somaxconn file
[1751140309.843214] [flux-sample-25:960  :0]            sock.c:513  UCX  WARN  unable to read somaxconn value from /proc/sys/net/core/somaxconn file
[1751140309.908215] [flux-sample-5:3011 :0]            sock.c:513  UCX  WARN  unable to read somaxconn value from /proc/sys/net/core/somaxconn file
[1751140309.788825] [flux-sample-7:3014 :0]            sock.c:513  UCX  WARN  unable to read somaxconn value from /proc/sys/net/core/somaxconn file
[1751140309.859227] [flux-sample-11:2033 :0]            sock.c:513  UCX  WARN  unable to read somaxconn value from /proc/sys/net/core/somaxconn file
[1751140309.923917] [flux-sample-26:1040 :0]            sock.c:513  UCX  WARN  unable to read somaxconn value from /proc/sys/net/core/somaxconn file
[1751140309.909875] [flux-sample-9:2017 :0]            sock.c:513  UCX  WARN  unable to read somaxconn value from /proc/sys/net/core/somaxconn file
[1751140309.845585] [flux-sample-15:2016 :0]            sock.c:513  UCX  WARN  unable to read somaxconn value from /proc/sys/net/core/somaxconn file
[1751140309.907384] [flux-sample-8:2057 :0]            sock.c:513  UCX  WARN  unable to read somaxconn value from /proc/sys/net/core/somaxconn file
[1751140309.909498] [flux-sample-27:984  :0]            sock.c:513  UCX  WARN  unable to read somaxconn value from /proc/sys/net/core/somaxconn file
[1751140309.855877] [flux-sample-23:1043 :0]            sock.c:513  UCX  WARN  unable to read somaxconn value from /proc/sys/net/core/somaxconn file
[1751140309.844738] [flux-sample-30:986  :0]            sock.c:513  UCX  WARN  unable to read somaxconn value from /proc/sys/net/core/somaxconn file
[1751140309.854160] [flux-sample-14:2052 :0]            sock.c:513  UCX  WARN  unable to read somaxconn value from /proc/sys/net/core/somaxconn file
[1751140309.734363] [flux-sample-29:1038 :0]            sock.c:513  UCX  WARN  unable to read somaxconn value from /proc/sys/net/core/somaxconn file
[1751140309.918453] [flux-sample-24:980  :0]            sock.c:513  UCX  WARN  unable to read somaxconn value from /proc/sys/net/core/somaxconn file
[1751140309.886299] [flux-sample-28:993  :0]            sock.c:513  UCX  WARN  unable to read somaxconn value from /proc/sys/net/core/somaxconn file
[1751140309.875892] [flux-sample-19:982  :0]            sock.c:513  UCX  WARN  unable to read somaxconn value from /proc/sys/net/core/somaxconn file
[1751140309.919550] [flux-sample-4:3016 :0]            sock.c:513  UCX  WARN  unable to read somaxconn value from /proc/sys/net/core/somaxconn file
[1751140309.889532] [flux-sample-2:4042 :0]            sock.c:513  UCX  WARN  unable to read somaxconn value from /proc/sys/net/core/somaxconn file
[1751140309.906057] [flux-sample-10:2001 :0]            sock.c:513  UCX  WARN  unable to read somaxconn value from /proc/sys/net/core/somaxconn file
[1751140309.769818] [flux-sample-3:4028 :0]            sock.c:513  UCX  WARN  unable to read somaxconn value from /proc/sys/net/core/somaxconn file
[1751140309.877101] [flux-sample-17:1049 :0]            sock.c:513  UCX  WARN  unable to read somaxconn value from /proc/sys/net/core/somaxconn file
[1751140309.922298] [flux-sample-21:989  :0]            sock.c:513  UCX  WARN  unable to read somaxconn value from /proc/sys/net/core/somaxconn file
[1751140309.889819] [flux-sample-22:1040 :0]            sock.c:513  UCX  WARN  unable to read somaxconn value from /proc/sys/net/core/somaxconn file
[1751140309.895384] [flux-sample-12:2000 :0]            sock.c:513  UCX  WARN  unable to read somaxconn value from /proc/sys/net/core/somaxconn file
[1751140309.905583] [flux-sample-20:987  :0]            sock.c:513  UCX  WARN  unable to read somaxconn value from /proc/sys/net/core/somaxconn file
[1751140309.867647] [flux-sample-18:991  :0]            sock.c:513  UCX  WARN  unable to read somaxconn value from /proc/sys/net/core/somaxconn file
[1751140309.789876] [flux-sample-6:3025 :0]            sock.c:513  UCX  WARN  unable to read somaxconn value from /proc/sys/net/core/somaxconn file
[1751140309.806835] [flux-sample-13:2005 :0]            sock.c:513  UCX  WARN  unable to read somaxconn value from /proc/sys/net/core/somaxconn file
[1751140310.010714] [flux-sample-16:1027 :0]            sock.c:513  UCX  WARN  unable to read somaxconn value from /proc/sys/net/core/somaxconn file
[1751140309.902564] [flux-sample-1:4113 :0]            sock.c:513  UCX  WARN  unable to read somaxconn value from /proc/sys/net/core/somaxconn file
[1751140309.811581] [flux-sample-25:959  :0]            sock.c:513  UCX  WARN  unable to read somaxconn value from /proc/sys/net/core/somaxconn file
[1751140309.910020] [flux-sample-5:3009 :0]            sock.c:513  UCX  WARN  unable to read somaxconn value from /proc/sys/net/core/somaxconn file
[1751140309.781646] [flux-sample-7:3012 :0]            sock.c:513  UCX  WARN  unable to read somaxconn value from /proc/sys/net/core/somaxconn file
[1751140309.613410] [flux-sample-11:2028 :0]            sock.c:513  UCX  WARN  unable to read somaxconn value from /proc/sys/net/core/somaxconn file
[1751140309.928089] [flux-sample-26:1037 :0]            sock.c:513  UCX  WARN  unable to read somaxconn value from /proc/sys/net/core/somaxconn file
[1751140309.944803] [flux-sample-9:2015 :0]            sock.c:513  UCX  WARN  unable to read somaxconn value from /proc/sys/net/core/somaxconn file
[1751140309.844732] [flux-sample-15:2015 :0]            sock.c:513  UCX  WARN  unable to read somaxconn value from /proc/sys/net/core/somaxconn file
[1751140310.009178] [flux-sample-16:1025 :0]            sock.c:513  UCX  WARN  unable to read somaxconn value from /proc/sys/net/core/somaxconn file
[1751140309.894472] [flux-sample-27:982  :0]            sock.c:513  UCX  WARN  unable to read somaxconn value from /proc/sys/net/core/somaxconn file
[1751140309.866183] [flux-sample-23:1040 :0]            sock.c:513  UCX  WARN  unable to read somaxconn value from /proc/sys/net/core/somaxconn file
[1751140309.845809] [flux-sample-13:2003 :0]            sock.c:513  UCX  WARN  unable to read somaxconn value from /proc/sys/net/core/somaxconn file
[1751140309.857939] [flux-sample-14:2051 :0]            sock.c:513  UCX  WARN  unable to read somaxconn value from /proc/sys/net/core/somaxconn file
[1751140309.905076] [flux-sample-29:1037 :0]            sock.c:513  UCX  WARN  unable to read somaxconn value from /proc/sys/net/core/somaxconn file
[1751140309.771597] [flux-sample-24:979  :0]            sock.c:513  UCX  WARN  unable to read somaxconn value from /proc/sys/net/core/somaxconn file
[1751140309.862535] [flux-sample-28:992  :0]            sock.c:513  UCX  WARN  unable to read somaxconn value from /proc/sys/net/core/somaxconn file
[1751140309.877975] [flux-sample-19:980  :0]            sock.c:513  UCX  WARN  unable to read somaxconn value from /proc/sys/net/core/somaxconn file
[1751140309.919971] [flux-sample-4:3014 :0]            sock.c:513  UCX  WARN  unable to read somaxconn value from /proc/sys/net/core/somaxconn file
[1751140309.806819] [flux-sample-2:4039 :0]            sock.c:513  UCX  WARN  unable to read somaxconn value from /proc/sys/net/core/somaxconn file
[1751140309.878329] [flux-sample-10:1997 :0]            sock.c:513  UCX  WARN  unable to read somaxconn value from /proc/sys/net/core/somaxconn file
[1751140309.885554] [flux-sample-3:4026 :0]            sock.c:513  UCX  WARN  unable to read somaxconn value from /proc/sys/net/core/somaxconn file
[1751140309.869427] [flux-sample-6:3024 :0]            sock.c:513  UCX  WARN  unable to read somaxconn value from /proc/sys/net/core/somaxconn file
[1751140309.857180] [flux-sample-18:989  :0]            sock.c:513  UCX  WARN  unable to read somaxconn value from /proc/sys/net/core/somaxconn file
[1751140309.878512] [flux-sample-1:4109 :0]            sock.c:513  UCX  WARN  unable to read somaxconn value from /proc/sys/net/core/somaxconn file
[1751140309.825537] [flux-sample-25:958  :0]            sock.c:513  UCX  WARN  unable to read somaxconn value from /proc/sys/net/core/somaxconn file
[1751140309.912409] [flux-sample-5:3006 :0]            sock.c:513  UCX  WARN  unable to read somaxconn value from /proc/sys/net/core/somaxconn file
[1751140309.829531] [flux-sample-7:3008 :0]            sock.c:513  UCX  WARN  unable to read somaxconn value from /proc/sys/net/core/somaxconn file
[1751140309.859832] [flux-sample-11:2069 :0]            sock.c:513  UCX  WARN  unable to read somaxconn value from /proc/sys/net/core/somaxconn file
[1751140309.926069] [flux-sample-26:1034 :0]            sock.c:513  UCX  WARN  unable to read somaxconn value from /proc/sys/net/core/somaxconn file
[1751140309.896010] [flux-sample-9:2012 :0]            sock.c:513  UCX  WARN  unable to read somaxconn value from /proc/sys/net/core/somaxconn file
[1751140309.844732] [flux-sample-15:2013 :0]            sock.c:513  UCX  WARN  unable to read somaxconn value from /proc/sys/net/core/somaxconn file
[1751140310.011462] [flux-sample-16:1023 :0]            sock.c:513  UCX  WARN  unable to read somaxconn value from /proc/sys/net/core/somaxconn file
[1751140309.905887] [flux-sample-27:975  :0]            sock.c:513  UCX  WARN  unable to read somaxconn value from /proc/sys/net/core/somaxconn file
[1751140309.898645] [flux-sample-23:1038 :0]            sock.c:513  UCX  WARN  unable to read somaxconn value from /proc/sys/net/core/somaxconn file
[1751140309.810260] [flux-sample-13:2000 :0]            sock.c:513  UCX  WARN  unable to read somaxconn value from /proc/sys/net/core/somaxconn file
[1751140309.845754] [flux-sample-14:2048 :0]            sock.c:513  UCX  WARN  unable to read somaxconn value from /proc/sys/net/core/somaxconn file
[1751140309.772578] [flux-sample-29:1034 :0]            sock.c:513  UCX  WARN  unable to read somaxconn value from /proc/sys/net/core/somaxconn file
[1751140309.913944] [flux-sample-24:977  :0]            sock.c:513  UCX  WARN  unable to read somaxconn value from /proc/sys/net/core/somaxconn file
[1751140309.818853] [flux-sample-28:991  :0]            sock.c:513  UCX  WARN  unable to read somaxconn value from /proc/sys/net/core/somaxconn file
[1751140309.876891] [flux-sample-19:977  :0]            sock.c:513  UCX  WARN  unable to read somaxconn value from /proc/sys/net/core/somaxconn file
[1751140309.918675] [flux-sample-4:3010 :0]            sock.c:513  UCX  WARN  unable to read somaxconn value from /proc/sys/net/core/somaxconn file
[1751140309.866185] [flux-sample-2:4036 :0]            sock.c:513  UCX  WARN  unable to read somaxconn value from /proc/sys/net/core/somaxconn file
[1751140309.909638] [flux-sample-10:1995 :0]            sock.c:513  UCX  WARN  unable to read somaxconn value from /proc/sys/net/core/somaxconn file
[1751140309.881275] [flux-sample-3:4025 :0]            sock.c:513  UCX  WARN  unable to read somaxconn value from /proc/sys/net/core/somaxconn file
[1751140309.898719] [flux-sample-6:3021 :0]            sock.c:513  UCX  WARN  unable to read somaxconn value from /proc/sys/net/core/somaxconn file
[1751140309.857181] [flux-sample-18:988  :0]            sock.c:513  UCX  WARN  unable to read somaxconn value from /proc/sys/net/core/somaxconn file
[1751140309.847642] [flux-sample-17:1048 :0]            sock.c:513  UCX  WARN  unable to read somaxconn value from /proc/sys/net/core/somaxconn file
[1751140309.920382] [flux-sample-21:984  :0]            sock.c:513  UCX  WARN  unable to read somaxconn value from /proc/sys/net/core/somaxconn file
[1751140309.887878] [flux-sample-22:1037 :0]            sock.c:513  UCX  WARN  unable to read somaxconn value from /proc/sys/net/core/somaxconn file
[1751140309.893472] [flux-sample-12:1999 :0]            sock.c:513  UCX  WARN  unable to read somaxconn value from /proc/sys/net/core/somaxconn file
[1751140309.837150] [flux-sample-30:984  :0]            sock.c:513  UCX  WARN  unable to read somaxconn value from /proc/sys/net/core/somaxconn file
[1751140309.883909] [flux-sample-1:4107 :0]            sock.c:513  UCX  WARN  unable to read somaxconn value from /proc/sys/net/core/somaxconn file
[1751140309.848006] [flux-sample-25:957  :0]            sock.c:513  UCX  WARN  unable to read somaxconn value from /proc/sys/net/core/somaxconn file
[1751140309.912974] [flux-sample-5:3004 :0]            sock.c:513  UCX  WARN  unable to read somaxconn value from /proc/sys/net/core/somaxconn file
[1751140309.829531] [flux-sample-7:3005 :0]            sock.c:513  UCX  WARN  unable to read somaxconn value from /proc/sys/net/core/somaxconn file
[1751140309.803639] [flux-sample-11:2066 :0]            sock.c:513  UCX  WARN  unable to read somaxconn value from /proc/sys/net/core/somaxconn file
[1751140309.925853] [flux-sample-26:1031 :0]            sock.c:513  UCX  WARN  unable to read somaxconn value from /proc/sys/net/core/somaxconn file
[1751140309.908077] [flux-sample-9:2009 :0]            sock.c:513  UCX  WARN  unable to read somaxconn value from /proc/sys/net/core/somaxconn file
[1751140309.876121] [flux-sample-15:1995 :0]            sock.c:513  UCX  WARN  unable to read somaxconn value from /proc/sys/net/core/somaxconn file
[1751140309.994508] [flux-sample-16:1021 :0]            sock.c:513  UCX  WARN  unable to read somaxconn value from /proc/sys/net/core/somaxconn file
[1751140309.875148] [flux-sample-27:974  :0]            sock.c:513  UCX  WARN  unable to read somaxconn value from /proc/sys/net/core/somaxconn file
[1751140309.859711] [flux-sample-23:1036 :0]            sock.c:513  UCX  WARN  unable to read somaxconn value from /proc/sys/net/core/somaxconn file
[1751140309.824823] [flux-sample-13:1997 :0]            sock.c:513  UCX  WARN  unable to read somaxconn value from /proc/sys/net/core/somaxconn file
[1751140309.854183] [flux-sample-14:2047 :0]            sock.c:513  UCX  WARN  unable to read somaxconn value from /proc/sys/net/core/somaxconn file
[1751140309.738173] [flux-sample-29:1032 :0]            sock.c:513  UCX  WARN  unable to read somaxconn value from /proc/sys/net/core/somaxconn file
[1751140309.915955] [flux-sample-24:974  :0]            sock.c:513  UCX  WARN  unable to read somaxconn value from /proc/sys/net/core/somaxconn file
[1751140309.892795] [flux-sample-28:989  :0]            sock.c:513  UCX  WARN  unable to read somaxconn value from /proc/sys/net/core/somaxconn file
[1751140309.891358] [flux-sample-19:975  :0]            sock.c:513  UCX  WARN  unable to read somaxconn value from /proc/sys/net/core/somaxconn file
[1751140309.785681] [flux-sample-4:3009 :0]            sock.c:513  UCX  WARN  unable to read somaxconn value from /proc/sys/net/core/somaxconn file
[1751140309.807245] [flux-sample-2:4033 :0]            sock.c:513  UCX  WARN  unable to read somaxconn value from /proc/sys/net/core/somaxconn file
[1751140309.909638] [flux-sample-10:1992 :0]            sock.c:513  UCX  WARN  unable to read somaxconn value from /proc/sys/net/core/somaxconn file
[1751140309.855600] [flux-sample-3:4022 :0]            sock.c:513  UCX  WARN  unable to read somaxconn value from /proc/sys/net/core/somaxconn file
[1751140309.868197] [flux-sample-6:3019 :0]            sock.c:513  UCX  WARN  unable to read somaxconn value from /proc/sys/net/core/somaxconn file
[1751140309.860541] [flux-sample-18:987  :0]            sock.c:513  UCX  WARN  unable to read somaxconn value from /proc/sys/net/core/somaxconn file
[1751140309.875607] [flux-sample-17:1047 :0]            sock.c:513  UCX  WARN  unable to read somaxconn value from /proc/sys/net/core/somaxconn file
[1751140309.924222] [flux-sample-21:982  :0]            sock.c:513  UCX  WARN  unable to read somaxconn value from /proc/sys/net/core/somaxconn file
[1751140309.899442] [flux-sample-22:1036 :0]            sock.c:513  UCX  WARN  unable to read somaxconn value from /proc/sys/net/core/somaxconn file
[1751140309.895383] [flux-sample-12:1996 :0]            sock.c:513  UCX  WARN  unable to read somaxconn value from /proc/sys/net/core/somaxconn file
[1751140309.817783] [flux-sample-30:982  :0]            sock.c:513  UCX  WARN  unable to read somaxconn value from /proc/sys/net/core/somaxconn file
[1751140309.906891] [flux-sample-20:985  :0]            sock.c:513  UCX  WARN  unable to read somaxconn value from /proc/sys/net/core/somaxconn file
[1751140309.910837] [flux-sample-8:2054 :0]            sock.c:513  UCX  WARN  unable to read somaxconn value from /proc/sys/net/core/somaxconn file
[1751140309.887293] [flux-sample-1:4105 :0]            sock.c:513  UCX  WARN  unable to read somaxconn value from /proc/sys/net/core/somaxconn file
[1751140309.821889] [flux-sample-25:956  :0]            sock.c:513  UCX  WARN  unable to read somaxconn value from /proc/sys/net/core/somaxconn file
[1751140309.910783] [flux-sample-5:3002 :0]            sock.c:513  UCX  WARN  unable to read somaxconn value from /proc/sys/net/core/somaxconn file
[1751140309.748409] [flux-sample-7:3003 :0]            sock.c:513  UCX  WARN  unable to read somaxconn value from /proc/sys/net/core/somaxconn file
[1751140309.720049] [flux-sample-11:2057 :0]            sock.c:513  UCX  WARN  unable to read somaxconn value from /proc/sys/net/core/somaxconn file
[1751140309.777151] [flux-sample-26:1029 :0]            sock.c:513  UCX  WARN  unable to read somaxconn value from /proc/sys/net/core/somaxconn file
[1751140309.861688] [flux-sample-9:1988 :0]            sock.c:513  UCX  WARN  unable to read somaxconn value from /proc/sys/net/core/somaxconn file
[1751140309.876121] [flux-sample-15:1993 :0]            sock.c:513  UCX  WARN  unable to read somaxconn value from /proc/sys/net/core/somaxconn file
[1751140309.984755] [flux-sample-16:1018 :0]            sock.c:513  UCX  WARN  unable to read somaxconn value from /proc/sys/net/core/somaxconn file
[1751140309.879076] [flux-sample-27:971  :0]            sock.c:513  UCX  WARN  unable to read somaxconn value from /proc/sys/net/core/somaxconn file
[1751140309.850495] [flux-sample-23:1034 :0]            sock.c:513  UCX  WARN  unable to read somaxconn value from /proc/sys/net/core/somaxconn file
[1751140309.829839] [flux-sample-13:1994 :0]            sock.c:513  UCX  WARN  unable to read somaxconn value from /proc/sys/net/core/somaxconn file
[1751140309.855313] [flux-sample-14:2045 :0]            sock.c:513  UCX  WARN  unable to read somaxconn value from /proc/sys/net/core/somaxconn file
[1751140309.735936] [flux-sample-29:1030 :0]            sock.c:513  UCX  WARN  unable to read somaxconn value from /proc/sys/net/core/somaxconn file
[1751140309.809034] [flux-sample-24:973  :0]            sock.c:513  UCX  WARN  unable to read somaxconn value from /proc/sys/net/core/somaxconn file
[1751140309.885618] [flux-sample-28:988  :0]            sock.c:513  UCX  WARN  unable to read somaxconn value from /proc/sys/net/core/somaxconn file
[1751140309.876888] [flux-sample-19:971  :0]            sock.c:513  UCX  WARN  unable to read somaxconn value from /proc/sys/net/core/somaxconn file
[1751140309.874062] [flux-sample-4:3007 :0]            sock.c:513  UCX  WARN  unable to read somaxconn value from /proc/sys/net/core/somaxconn file
[1751140309.770048] [flux-sample-2:4031 :0]            sock.c:513  UCX  WARN  unable to read somaxconn value from /proc/sys/net/core/somaxconn file
[1751140309.900386] [flux-sample-10:1991 :0]            sock.c:513  UCX  WARN  unable to read somaxconn value from /proc/sys/net/core/somaxconn file
[1751140309.885818] [flux-sample-3:4020 :0]            sock.c:513  UCX  WARN  unable to read somaxconn value from /proc/sys/net/core/somaxconn file
[1751140309.876459] [flux-sample-6:3017 :0]            sock.c:513  UCX  WARN  unable to read somaxconn value from /proc/sys/net/core/somaxconn file
[1751140309.843616] [flux-sample-18:986  :0]            sock.c:513  UCX  WARN  unable to read somaxconn value from /proc/sys/net/core/somaxconn file
[1751140309.868242] [flux-sample-17:1046 :0]            sock.c:513  UCX  WARN  unable to read somaxconn value from /proc/sys/net/core/somaxconn file
[1751140309.924075] [flux-sample-21:980  :0]            sock.c:513  UCX  WARN  unable to read somaxconn value from /proc/sys/net/core/somaxconn file
[1751140309.904781] [flux-sample-22:1033 :0]            sock.c:513  UCX  WARN  unable to read somaxconn value from /proc/sys/net/core/somaxconn file
[1751140309.883620] [flux-sample-12:1994 :0]            sock.c:513  UCX  WARN  unable to read somaxconn value from /proc/sys/net/core/somaxconn file
[1751140309.843663] [flux-sample-30:981  :0]            sock.c:513  UCX  WARN  unable to read somaxconn value from /proc/sys/net/core/somaxconn file
[1751140309.862685] [flux-sample-20:981  :0]            sock.c:513  UCX  WARN  unable to read somaxconn value from /proc/sys/net/core/somaxconn file
[1751140309.886951] [flux-sample-8:2052 :0]            sock.c:513  UCX  WARN  unable to read somaxconn value from /proc/sys/net/core/somaxconn file
[1751140309.860049] [flux-sample-31:1015 :0]            sock.c:513  UCX  WARN  unable to read somaxconn value from /proc/sys/net/core/somaxconn file
[1751140309.907243] [flux-sample-1:4103 :0]            sock.c:513  UCX  WARN  unable to read somaxconn value from /proc/sys/net/core/somaxconn file
[1751140309.902637] [flux-sample-25:955  :0]            sock.c:513  UCX  WARN  unable to read somaxconn value from /proc/sys/net/core/somaxconn file
[1751140309.912734] [flux-sample-5:3001 :0]            sock.c:513  UCX  WARN  unable to read somaxconn value from /proc/sys/net/core/somaxconn file
[1751140309.744839] [flux-sample-7:3002 :0]            sock.c:513  UCX  WARN  unable to read somaxconn value from /proc/sys/net/core/somaxconn file
[1751140309.803864] [flux-sample-11:2055 :0]            sock.c:513  UCX  WARN  unable to read somaxconn value from /proc/sys/net/core/somaxconn file
[1751140309.841923] [flux-sample-26:1026 :0]            sock.c:513  UCX  WARN  unable to read somaxconn value from /proc/sys/net/core/somaxconn file
[1751140309.944764] [flux-sample-9:1986 :0]            sock.c:513  UCX  WARN  unable to read somaxconn value from /proc/sys/net/core/somaxconn file
[1751140309.876121] [flux-sample-15:1991 :0]            sock.c:513  UCX  WARN  unable to read somaxconn value from /proc/sys/net/core/somaxconn file
[1751140309.870856] [flux-sample-16:1015 :0]            sock.c:513  UCX  WARN  unable to read somaxconn value from /proc/sys/net/core/somaxconn file
[1751140309.897130] [flux-sample-27:970  :0]            sock.c:513  UCX  WARN  unable to read somaxconn value from /proc/sys/net/core/somaxconn file
[1751140309.882356] [flux-sample-23:1032 :0]            sock.c:513  UCX  WARN  unable to read somaxconn value from /proc/sys/net/core/somaxconn file
[1751140309.830486] [flux-sample-13:1991 :0]            sock.c:513  UCX  WARN  unable to read somaxconn value from /proc/sys/net/core/somaxconn file
[1751140309.855311] [flux-sample-14:2042 :0]            sock.c:513  UCX  WARN  unable to read somaxconn value from /proc/sys/net/core/somaxconn file
[1751140309.735936] [flux-sample-29:1027 :0]            sock.c:513  UCX  WARN  unable to read somaxconn value from /proc/sys/net/core/somaxconn file
[1751140309.771589] [flux-sample-24:971  :0]            sock.c:513  UCX  WARN  unable to read somaxconn value from /proc/sys/net/core/somaxconn file
[1751140309.827919] [flux-sample-28:986  :0]            sock.c:513  UCX  WARN  unable to read somaxconn value from /proc/sys/net/core/somaxconn file
[1751140309.877531] [flux-sample-19:969  :0]            sock.c:513  UCX  WARN  unable to read somaxconn value from /proc/sys/net/core/somaxconn file
[1751140309.896786] [flux-sample-4:3004 :0]            sock.c:513  UCX  WARN  unable to read somaxconn value from /proc/sys/net/core/somaxconn file
[1751140309.767278] [flux-sample-2:4029 :0]            sock.c:513  UCX  WARN  unable to read somaxconn value from /proc/sys/net/core/somaxconn file
[1751140309.907816] [flux-sample-10:1988 :0]            sock.c:513  UCX  WARN  unable to read somaxconn value from /proc/sys/net/core/somaxconn file
[1751140309.892826] [flux-sample-3:4018 :0]            sock.c:513  UCX  WARN  unable to read somaxconn value from /proc/sys/net/core/somaxconn file
[1751140309.791319] [flux-sample-6:3014 :0]            sock.c:513  UCX  WARN  unable to read somaxconn value from /proc/sys/net/core/somaxconn file
[1751140309.875222] [flux-sample-18:985  :0]            sock.c:513  UCX  WARN  unable to read somaxconn value from /proc/sys/net/core/somaxconn file
[1751140309.869357] [flux-sample-17:1044 :0]            sock.c:513  UCX  WARN  unable to read somaxconn value from /proc/sys/net/core/somaxconn file
[1751140309.841083] [flux-sample-21:977  :0]            sock.c:513  UCX  WARN  unable to read somaxconn value from /proc/sys/net/core/somaxconn file
[1751140309.889375] [flux-sample-22:1030 :0]            sock.c:513  UCX  WARN  unable to read somaxconn value from /proc/sys/net/core/somaxconn file
[1751140309.883620] [flux-sample-12:1991 :0]            sock.c:513  UCX  WARN  unable to read somaxconn value from /proc/sys/net/core/somaxconn file
[1751140309.810037] [flux-sample-30:979  :0]            sock.c:513  UCX  WARN  unable to read somaxconn value from /proc/sys/net/core/somaxconn file
[1751140309.858349] [flux-sample-20:978  :0]            sock.c:513  UCX  WARN  unable to read somaxconn value from /proc/sys/net/core/somaxconn file
[1751140309.770380] [flux-sample-8:2050 :0]            sock.c:513  UCX  WARN  unable to read somaxconn value from /proc/sys/net/core/somaxconn file
[1751140309.859488] [flux-sample-31:1013 :0]            sock.c:513  UCX  WARN  unable to read somaxconn value from /proc/sys/net/core/somaxconn file
[1751140309.863576] [flux-sample-1:4102 :0]            sock.c:513  UCX  WARN  unable to read somaxconn value from /proc/sys/net/core/somaxconn file
[1751140309.848777] [flux-sample-25:954  :0]            sock.c:513  UCX  WARN  unable to read somaxconn value from /proc/sys/net/core/somaxconn file
[1751140309.910783] [flux-sample-5:2998 :0]            sock.c:513  UCX  WARN  unable to read somaxconn value from /proc/sys/net/core/somaxconn file
[1751140309.744850] [flux-sample-7:2999 :0]            sock.c:513  UCX  WARN  unable to read somaxconn value from /proc/sys/net/core/somaxconn file
[1751140309.728619] [flux-sample-11:2051 :0]            sock.c:513  UCX  WARN  unable to read somaxconn value from /proc/sys/net/core/somaxconn file
[1751140309.928846] [flux-sample-26:1024 :0]            sock.c:513  UCX  WARN  unable to read somaxconn value from /proc/sys/net/core/somaxconn file
[1751140309.941529] [flux-sample-9:1983 :0]            sock.c:513  UCX  WARN  unable to read somaxconn value from /proc/sys/net/core/somaxconn file
[1751140309.855271] [flux-sample-15:1990 :0]            sock.c:513  UCX  WARN  unable to read somaxconn value from /proc/sys/net/core/somaxconn file
[1751140309.865460] [flux-sample-16:1013 :0]            sock.c:513  UCX  WARN  unable to read somaxconn value from /proc/sys/net/core/somaxconn file
[1751140309.836581] [flux-sample-27:968  :0]            sock.c:513  UCX  WARN  unable to read somaxconn value from /proc/sys/net/core/somaxconn file
[1751140309.881218] [flux-sample-23:1030 :0]            sock.c:513  UCX  WARN  unable to read somaxconn value from /proc/sys/net/core/somaxconn file
[1751140309.822112] [flux-sample-13:1988 :0]            sock.c:513  UCX  WARN  unable to read somaxconn value from /proc/sys/net/core/somaxconn file
[1751140309.862782] [flux-sample-14:2040 :0]            sock.c:513  UCX  WARN  unable to read somaxconn value from /proc/sys/net/core/somaxconn file
[1751140309.741912] [flux-sample-29:1024 :0]            sock.c:513  UCX  WARN  unable to read somaxconn value from /proc/sys/net/core/somaxconn file
[1751140309.771584] [flux-sample-24:969  :0]            sock.c:513  UCX  WARN  unable to read somaxconn value from /proc/sys/net/core/somaxconn file
[1751140309.889401] [flux-sample-28:982  :0]            sock.c:513  UCX  WARN  unable to read somaxconn value from /proc/sys/net/core/somaxconn file
[1751140309.750432] [flux-sample-19:967  :0]            sock.c:513  UCX  WARN  unable to read somaxconn value from /proc/sys/net/core/somaxconn file
[1751140309.909732] [flux-sample-4:3003 :0]            sock.c:513  UCX  WARN  unable to read somaxconn value from /proc/sys/net/core/somaxconn file
[1751140309.770218] [flux-sample-2:4026 :0]            sock.c:513  UCX  WARN  unable to read somaxconn value from /proc/sys/net/core/somaxconn file
[1751140309.912388] [flux-sample-10:1986 :0]            sock.c:513  UCX  WARN  unable to read somaxconn value from /proc/sys/net/core/somaxconn file
[1751140309.884879] [flux-sample-3:4016 :0]            sock.c:513  UCX  WARN  unable to read somaxconn value from /proc/sys/net/core/somaxconn file
[1751140309.924218] [flux-sample-6:3011 :0]            sock.c:513  UCX  WARN  unable to read somaxconn value from /proc/sys/net/core/somaxconn file
[1751140309.863882] [flux-sample-18:983  :0]            sock.c:513  UCX  WARN  unable to read somaxconn value from /proc/sys/net/core/somaxconn file
[1751140309.873060] [flux-sample-17:1041 :0]            sock.c:513  UCX  WARN  unable to read somaxconn value from /proc/sys/net/core/somaxconn file
[1751140309.888180] [flux-sample-21:975  :0]            sock.c:513  UCX  WARN  unable to read somaxconn value from /proc/sys/net/core/somaxconn file
[1751140309.916672] [flux-sample-22:1029 :0]            sock.c:513  UCX  WARN  unable to read somaxconn value from /proc/sys/net/core/somaxconn file
[1751140309.896966] [flux-sample-12:1989 :0]            sock.c:513  UCX  WARN  unable to read somaxconn value from /proc/sys/net/core/somaxconn file
[1751140309.810180] [flux-sample-30:976  :0]            sock.c:513  UCX  WARN  unable to read somaxconn value from /proc/sys/net/core/somaxconn file
[1751140309.859479] [flux-sample-20:976  :0]            sock.c:513  UCX  WARN  unable to read somaxconn value from /proc/sys/net/core/somaxconn file
[1751140309.770126] [flux-sample-8:2049 :0]            sock.c:513  UCX  WARN  unable to read somaxconn value from /proc/sys/net/core/somaxconn file
[1751140309.854562] [flux-sample-31:1011 :0]            sock.c:513  UCX  WARN  unable to read somaxconn value from /proc/sys/net/core/somaxconn file
[1751140309.902065] [flux-sample-1:4100 :0]            sock.c:513  UCX  WARN  unable to read somaxconn value from /proc/sys/net/core/somaxconn file
[1751140309.848777] [flux-sample-25:953  :0]            sock.c:513  UCX  WARN  unable to read somaxconn value from /proc/sys/net/core/somaxconn file
[1751140309.766232] [flux-sample-5:2996 :0]            sock.c:513  UCX  WARN  unable to read somaxconn value from /proc/sys/net/core/somaxconn file
[1751140309.910758] [flux-sample-7:2998 :0]            sock.c:513  UCX  WARN  unable to read somaxconn value from /proc/sys/net/core/somaxconn file
[1751140309.717839] [flux-sample-11:2049 :0]            sock.c:513  UCX  WARN  unable to read somaxconn value from /proc/sys/net/core/somaxconn file
[1751140309.772200] [flux-sample-26:1022 :0]            sock.c:513  UCX  WARN  unable to read somaxconn value from /proc/sys/net/core/somaxconn file
[1751140309.802111] [flux-sample-9:1982 :0]            sock.c:513  UCX  WARN  unable to read somaxconn value from /proc/sys/net/core/somaxconn file
[1751140309.851154] [flux-sample-15:1987 :0]            sock.c:513  UCX  WARN  unable to read somaxconn value from /proc/sys/net/core/somaxconn file
[1751140309.865460] [flux-sample-16:1011 :0]            sock.c:513  UCX  WARN  unable to read somaxconn value from /proc/sys/net/core/somaxconn file
[1751140309.831260] [flux-sample-27:966  :0]            sock.c:513  UCX  WARN  unable to read somaxconn value from /proc/sys/net/core/somaxconn file
[1751140309.881660] [flux-sample-23:1028 :0]            sock.c:513  UCX  WARN  unable to read somaxconn value from /proc/sys/net/core/somaxconn file
[1751140309.822111] [flux-sample-13:1986 :0]            sock.c:513  UCX  WARN  unable to read somaxconn value from /proc/sys/net/core/somaxconn file
[1751140309.732520] [flux-sample-14:2038 :0]            sock.c:513  UCX  WARN  unable to read somaxconn value from /proc/sys/net/core/somaxconn file
[1751140309.902154] [flux-sample-29:1023 :0]            sock.c:513  UCX  WARN  unable to read somaxconn value from /proc/sys/net/core/somaxconn file
[1751140309.766726] [flux-sample-24:967  :0]            sock.c:513  UCX  WARN  unable to read somaxconn value from /proc/sys/net/core/somaxconn file
[1751140309.888263] [flux-sample-28:980  :0]            sock.c:513  UCX  WARN  unable to read somaxconn value from /proc/sys/net/core/somaxconn file
[1751140309.736846] [flux-sample-19:965  :0]            sock.c:513  UCX  WARN  unable to read somaxconn value from /proc/sys/net/core/somaxconn file
[1751140309.896790] [flux-sample-4:3001 :0]            sock.c:513  UCX  WARN  unable to read somaxconn value from /proc/sys/net/core/somaxconn file
[1751140309.799786] [flux-sample-2:4025 :0]            sock.c:513  UCX  WARN  unable to read somaxconn value from /proc/sys/net/core/somaxconn file
[1751140309.910814] [flux-sample-10:1984 :0]            sock.c:513  UCX  WARN  unable to read somaxconn value from /proc/sys/net/core/somaxconn file
[1751140309.874843] [flux-sample-3:4013 :0]            sock.c:513  UCX  WARN  unable to read somaxconn value from /proc/sys/net/core/somaxconn file
[1751140309.886232] [flux-sample-6:3010 :0]            sock.c:513  UCX  WARN  unable to read somaxconn value from /proc/sys/net/core/somaxconn file
[1751140309.859716] [flux-sample-18:979  :0]            sock.c:513  UCX  WARN  unable to read somaxconn value from /proc/sys/net/core/somaxconn file
[1751140309.874716] [flux-sample-17:1038 :0]            sock.c:513  UCX  WARN  unable to read somaxconn value from /proc/sys/net/core/somaxconn file
[1751140309.868529] [flux-sample-21:973  :0]            sock.c:513  UCX  WARN  unable to read somaxconn value from /proc/sys/net/core/somaxconn file
[1751140309.900195] [flux-sample-22:1027 :0]            sock.c:513  UCX  WARN  unable to read somaxconn value from /proc/sys/net/core/somaxconn file
[1751140309.896994] [flux-sample-12:1988 :0]            sock.c:513  UCX  WARN  unable to read somaxconn value from /proc/sys/net/core/somaxconn file
[1751140309.808835] [flux-sample-30:974  :0]            sock.c:513  UCX  WARN  unable to read somaxconn value from /proc/sys/net/core/somaxconn file
[1751140309.876343] [flux-sample-20:975  :0]            sock.c:513  UCX  WARN  unable to read somaxconn value from /proc/sys/net/core/somaxconn file
[1751140309.882680] [flux-sample-8:2048 :0]            sock.c:513  UCX  WARN  unable to read somaxconn value from /proc/sys/net/core/somaxconn file
[1751140309.852180] [flux-sample-31:1009 :0]            sock.c:513  UCX  WARN  unable to read somaxconn value from /proc/sys/net/core/somaxconn file
[1751140309.907452] [flux-sample-1:4099 :0]            sock.c:513  UCX  WARN  unable to read somaxconn value from /proc/sys/net/core/somaxconn file
[1751140309.845994] [flux-sample-31:1007 :0]            sock.c:513  UCX  WARN  unable to read somaxconn value from /proc/sys/net/core/somaxconn file
[1751140309.765010] [flux-sample-5:2993 :0]            sock.c:513  UCX  WARN  unable to read somaxconn value from /proc/sys/net/core/somaxconn file
[1751140309.910758] [flux-sample-7:2994 :0]            sock.c:513  UCX  WARN  unable to read somaxconn value from /proc/sys/net/core/somaxconn file
[1751140309.719371] [flux-sample-11:2046 :0]            sock.c:513  UCX  WARN  unable to read somaxconn value from /proc/sys/net/core/somaxconn file
[1751140309.926663] [flux-sample-26:1019 :0]            sock.c:513  UCX  WARN  unable to read somaxconn value from /proc/sys/net/core/somaxconn file
[1751140309.802129] [flux-sample-9:1980 :0]            sock.c:513  UCX  WARN  unable to read somaxconn value from /proc/sys/net/core/somaxconn file
[1751140309.851572] [flux-sample-15:1984 :0]            sock.c:513  UCX  WARN  unable to read somaxconn value from /proc/sys/net/core/somaxconn file
[1751140309.865817] [flux-sample-16:1009 :0]            sock.c:513  UCX  WARN  unable to read somaxconn value from /proc/sys/net/core/somaxconn file
[1751140309.853386] [flux-sample-27:963  :0]            sock.c:513  UCX  WARN  unable to read somaxconn value from /proc/sys/net/core/somaxconn file
[1751140309.882348] [flux-sample-23:1026 :0]            sock.c:513  UCX  WARN  unable to read somaxconn value from /proc/sys/net/core/somaxconn file
[1751140309.822841] [flux-sample-13:1983 :0]            sock.c:513  UCX  WARN  unable to read somaxconn value from /proc/sys/net/core/somaxconn file
[1751140309.720938] [flux-sample-14:2035 :0]            sock.c:513  UCX  WARN  unable to read somaxconn value from /proc/sys/net/core/somaxconn file
[1751140309.903363] [flux-sample-29:1021 :0]            sock.c:513  UCX  WARN  unable to read somaxconn value from /proc/sys/net/core/somaxconn file
[1751140309.798648] [flux-sample-24:965  :0]            sock.c:513  UCX  WARN  unable to read somaxconn value from /proc/sys/net/core/somaxconn file
[1751140309.809431] [flux-sample-28:977  :0]            sock.c:513  UCX  WARN  unable to read somaxconn value from /proc/sys/net/core/somaxconn file
[1751140309.736846] [flux-sample-19:963  :0]            sock.c:513  UCX  WARN  unable to read somaxconn value from /proc/sys/net/core/somaxconn file
[1751140309.918677] [flux-sample-4:2998 :0]            sock.c:513  UCX  WARN  unable to read somaxconn value from /proc/sys/net/core/somaxconn file
[1751140309.765297] [flux-sample-2:4023 :0]            sock.c:513  UCX  WARN  unable to read somaxconn value from /proc/sys/net/core/somaxconn file
[1751140309.788006] [flux-sample-10:1982 :0]            sock.c:513  UCX  WARN  unable to read somaxconn value from /proc/sys/net/core/somaxconn file
[1751140309.774112] [flux-sample-3:4011 :0]            sock.c:513  UCX  WARN  unable to read somaxconn value from /proc/sys/net/core/somaxconn file
[1751140309.903243] [flux-sample-6:3007 :0]            sock.c:513  UCX  WARN  unable to read somaxconn value from /proc/sys/net/core/somaxconn file
[1751140309.874756] [flux-sample-18:977  :0]            sock.c:513  UCX  WARN  unable to read somaxconn value from /proc/sys/net/core/somaxconn file
[1751140309.858936] [flux-sample-17:1035 :0]            sock.c:513  UCX  WARN  unable to read somaxconn value from /proc/sys/net/core/somaxconn file
[1751140309.910225] [flux-sample-21:971  :0]            sock.c:513  UCX  WARN  unable to read somaxconn value from /proc/sys/net/core/somaxconn file
[1751140309.900205] [flux-sample-22:1024 :0]            sock.c:513  UCX  WARN  unable to read somaxconn value from /proc/sys/net/core/somaxconn file
[1751140309.896994] [flux-sample-12:1984 :0]            sock.c:513  UCX  WARN  unable to read somaxconn value from /proc/sys/net/core/somaxconn file
[1751140309.807453] [flux-sample-30:971  :0]            sock.c:513  UCX  WARN  unable to read somaxconn value from /proc/sys/net/core/somaxconn file
[1751140309.855322] [flux-sample-20:971  :0]            sock.c:513  UCX  WARN  unable to read somaxconn value from /proc/sys/net/core/somaxconn file
[1751140309.773511] [flux-sample-8:2047 :0]            sock.c:513  UCX  WARN  unable to read somaxconn value from /proc/sys/net/core/somaxconn file
[1751140309.773723] [flux-sample-1:4062 :0]            sock.c:513  UCX  WARN  unable to read somaxconn value from /proc/sys/net/core/somaxconn file
[1751140309.855030] [flux-sample-31:1005 :0]            sock.c:513  UCX  WARN  unable to read somaxconn value from /proc/sys/net/core/somaxconn file
[1751140309.771341] [flux-sample-5:2992 :0]            sock.c:513  UCX  WARN  unable to read somaxconn value from /proc/sys/net/core/somaxconn file
[1751140309.909795] [flux-sample-7:2993 :0]            sock.c:513  UCX  WARN  unable to read somaxconn value from /proc/sys/net/core/somaxconn file
[1751140309.719371] [flux-sample-11:2044 :0]            sock.c:513  UCX  WARN  unable to read somaxconn value from /proc/sys/net/core/somaxconn file
[1751140309.772201] [flux-sample-26:1018 :0]            sock.c:513  UCX  WARN  unable to read somaxconn value from /proc/sys/net/core/somaxconn file
[1751140309.823893] [flux-sample-9:1977 :0]            sock.c:513  UCX  WARN  unable to read somaxconn value from /proc/sys/net/core/somaxconn file
[1751140309.719494] [flux-sample-15:1983 :0]            sock.c:513  UCX  WARN  unable to read somaxconn value from /proc/sys/net/core/somaxconn file
[1751140310.005868] [flux-sample-16:1005 :0]            sock.c:513  UCX  WARN  unable to read somaxconn value from /proc/sys/net/core/somaxconn file
[1751140309.833958] [flux-sample-27:962  :0]            sock.c:513  UCX  WARN  unable to read somaxconn value from /proc/sys/net/core/somaxconn file
[1751140309.894766] [flux-sample-23:1023 :0]            sock.c:513  UCX  WARN  unable to read somaxconn value from /proc/sys/net/core/somaxconn file
[1751140309.897239] [flux-sample-13:1981 :0]            sock.c:513  UCX  WARN  unable to read somaxconn value from /proc/sys/net/core/somaxconn file
[1751140309.720938] [flux-sample-14:2033 :0]            sock.c:513  UCX  WARN  unable to read somaxconn value from /proc/sys/net/core/somaxconn file
[1751140309.904306] [flux-sample-29:1018 :0]            sock.c:513  UCX  WARN  unable to read somaxconn value from /proc/sys/net/core/somaxconn file
[1751140309.776398] [flux-sample-24:962  :0]            sock.c:513  UCX  WARN  unable to read somaxconn value from /proc/sys/net/core/somaxconn file
[1751140309.888958] [flux-sample-28:974  :0]            sock.c:513  UCX  WARN  unable to read somaxconn value from /proc/sys/net/core/somaxconn file
[1751140309.725464] [flux-sample-19:961  :0]            sock.c:513  UCX  WARN  unable to read somaxconn value from /proc/sys/net/core/somaxconn file
[1751140309.781980] [flux-sample-4:2997 :0]            sock.c:513  UCX  WARN  unable to read somaxconn value from /proc/sys/net/core/somaxconn file
[1751140309.777422] [flux-sample-2:4020 :0]            sock.c:513  UCX  WARN  unable to read somaxconn value from /proc/sys/net/core/somaxconn file
[1751140309.896551] [flux-sample-10:1980 :0]            sock.c:513  UCX  WARN  unable to read somaxconn value from /proc/sys/net/core/somaxconn file
[1751140309.890327] [flux-sample-3:4009 :0]            sock.c:513  UCX  WARN  unable to read somaxconn value from /proc/sys/net/core/somaxconn file
[1751140309.888512] [flux-sample-6:3004 :0]            sock.c:513  UCX  WARN  unable to read somaxconn value from /proc/sys/net/core/somaxconn file
[1751140309.855504] [flux-sample-18:975  :0]            sock.c:513  UCX  WARN  unable to read somaxconn value from /proc/sys/net/core/somaxconn file
[1751140309.872517] [flux-sample-17:1033 :0]            sock.c:513  UCX  WARN  unable to read somaxconn value from /proc/sys/net/core/somaxconn file
[1751140309.905856] [flux-sample-21:969  :0]            sock.c:513  UCX  WARN  unable to read somaxconn value from /proc/sys/net/core/somaxconn file
[1751140309.747905] [flux-sample-22:1023 :0]            sock.c:513  UCX  WARN  unable to read somaxconn value from /proc/sys/net/core/somaxconn file
[1751140309.896921] [flux-sample-12:1983 :0]            sock.c:513  UCX  WARN  unable to read somaxconn value from /proc/sys/net/core/somaxconn file
[1751140309.810061] [flux-sample-30:969  :0]            sock.c:513  UCX  WARN  unable to read somaxconn value from /proc/sys/net/core/somaxconn file
[1751140309.863432] [flux-sample-20:969  :0]            sock.c:513  UCX  WARN  unable to read somaxconn value from /proc/sys/net/core/somaxconn file
[1751140309.908281] [flux-sample-8:2043 :0]            sock.c:513  UCX  WARN  unable to read somaxconn value from /proc/sys/net/core/somaxconn file
[1751140309.744417] [flux-sample-1:4061 :0]            sock.c:513  UCX  WARN  unable to read somaxconn value from /proc/sys/net/core/somaxconn file
[1751140309.846387] [flux-sample-31:1004 :0]            sock.c:513  UCX  WARN  unable to read somaxconn value from /proc/sys/net/core/somaxconn file
[1751140309.766235] [flux-sample-5:2991 :0]            sock.c:513  UCX  WARN  unable to read somaxconn value from /proc/sys/net/core/somaxconn file
[1751140309.908830] [flux-sample-7:2992 :0]            sock.c:513  UCX  WARN  unable to read somaxconn value from /proc/sys/net/core/somaxconn file
[1751140309.719371] [flux-sample-11:2041 :0]            sock.c:513  UCX  WARN  unable to read somaxconn value from /proc/sys/net/core/somaxconn file
[1751140309.772212] [flux-sample-26:1017 :0]            sock.c:513  UCX  WARN  unable to read somaxconn value from /proc/sys/net/core/somaxconn file
[1751140309.873904] [flux-sample-9:1976 :0]            sock.c:513  UCX  WARN  unable to read somaxconn value from /proc/sys/net/core/somaxconn file
[1751140309.767488] [flux-sample-15:1980 :0]            sock.c:513  UCX  WARN  unable to read somaxconn value from /proc/sys/net/core/somaxconn file
[1751140310.010043] [flux-sample-16:1001 :0]            sock.c:513  UCX  WARN  unable to read somaxconn value from /proc/sys/net/core/somaxconn file
[1751140309.849590] [flux-sample-27:961  :0]            sock.c:513  UCX  WARN  unable to read somaxconn value from /proc/sys/net/core/somaxconn file
[1751140309.873871] [flux-sample-23:1021 :0]            sock.c:513  UCX  WARN  unable to read somaxconn value from /proc/sys/net/core/somaxconn file
[1751140309.900849] [flux-sample-13:1979 :0]            sock.c:513  UCX  WARN  unable to read somaxconn value from /proc/sys/net/core/somaxconn file
[1751140309.730547] [flux-sample-14:2032 :0]            sock.c:513  UCX  WARN  unable to read somaxconn value from /proc/sys/net/core/somaxconn file
[1751140309.900802] [flux-sample-29:1017 :0]            sock.c:513  UCX  WARN  unable to read somaxconn value from /proc/sys/net/core/somaxconn file
[1751140309.884093] [flux-sample-24:961  :0]            sock.c:513  UCX  WARN  unable to read somaxconn value from /proc/sys/net/core/somaxconn file
[1751140309.888280] [flux-sample-28:972  :0]            sock.c:513  UCX  WARN  unable to read somaxconn value from /proc/sys/net/core/somaxconn file
[1751140309.878462] [flux-sample-19:960  :0]            sock.c:513  UCX  WARN  unable to read somaxconn value from /proc/sys/net/core/somaxconn file
[1751140309.851097] [flux-sample-4:2995 :0]            sock.c:513  UCX  WARN  unable to read somaxconn value from /proc/sys/net/core/somaxconn file
[1751140309.754912] [flux-sample-2:4018 :0]            sock.c:513  UCX  WARN  unable to read somaxconn value from /proc/sys/net/core/somaxconn file
[1751140309.789648] [flux-sample-10:1977 :0]            sock.c:513  UCX  WARN  unable to read somaxconn value from /proc/sys/net/core/somaxconn file
[1751140309.775503] [flux-sample-3:4007 :0]            sock.c:513  UCX  WARN  unable to read somaxconn value from /proc/sys/net/core/somaxconn file
[1751140309.896868] [flux-sample-6:3002 :0]            sock.c:513  UCX  WARN  unable to read somaxconn value from /proc/sys/net/core/somaxconn file
[1751140309.854031] [flux-sample-18:972  :0]            sock.c:513  UCX  WARN  unable to read somaxconn value from /proc/sys/net/core/somaxconn file
[1751140309.856128] [flux-sample-17:1030 :0]            sock.c:513  UCX  WARN  unable to read somaxconn value from /proc/sys/net/core/somaxconn file
[1751140309.894550] [flux-sample-21:967  :0]            sock.c:513  UCX  WARN  unable to read somaxconn value from /proc/sys/net/core/somaxconn file
[1751140309.748349] [flux-sample-22:1021 :0]            sock.c:513  UCX  WARN  unable to read somaxconn value from /proc/sys/net/core/somaxconn file
[1751140309.794624] [flux-sample-12:1980 :0]            sock.c:513  UCX  WARN  unable to read somaxconn value from /proc/sys/net/core/somaxconn file
[1751140309.841775] [flux-sample-30:967  :0]            sock.c:513  UCX  WARN  unable to read somaxconn value from /proc/sys/net/core/somaxconn file
[1751140309.807545] [flux-sample-20:968  :0]            sock.c:513  UCX  WARN  unable to read somaxconn value from /proc/sys/net/core/somaxconn file
[1751140309.911680] [flux-sample-8:2041 :0]            sock.c:513  UCX  WARN  unable to read somaxconn value from /proc/sys/net/core/somaxconn file
[1751140309.744417] [flux-sample-1:4060 :0]            sock.c:513  UCX  WARN  unable to read somaxconn value from /proc/sys/net/core/somaxconn file
[1751140309.859140] [flux-sample-31:1001 :0]            sock.c:513  UCX  WARN  unable to read somaxconn value from /proc/sys/net/core/somaxconn file
[1751140309.925229] [flux-sample-5:2990 :0]            sock.c:513  UCX  WARN  unable to read somaxconn value from /proc/sys/net/core/somaxconn file
[1751140309.920901] [flux-sample-7:2991 :0]            sock.c:513  UCX  WARN  unable to read somaxconn value from /proc/sys/net/core/somaxconn file
[1751140309.853519] [flux-sample-11:2032 :0]            sock.c:513  UCX  WARN  unable to read somaxconn value from /proc/sys/net/core/somaxconn file
[1751140309.841915] [flux-sample-26:1016 :0]            sock.c:513  UCX  WARN  unable to read somaxconn value from /proc/sys/net/core/somaxconn file
[1751140309.850241] [flux-sample-9:1975 :0]            sock.c:513  UCX  WARN  unable to read somaxconn value from /proc/sys/net/core/somaxconn file
[1751140309.714248] [flux-sample-15:1977 :0]            sock.c:513  UCX  WARN  unable to read somaxconn value from /proc/sys/net/core/somaxconn file
[1751140309.978452] [flux-sample-16:999  :0]            sock.c:513  UCX  WARN  unable to read somaxconn value from /proc/sys/net/core/somaxconn file
[1751140309.854928] [flux-sample-27:960  :0]            sock.c:513  UCX  WARN  unable to read somaxconn value from /proc/sys/net/core/somaxconn file
[1751140309.885478] [flux-sample-23:1019 :0]            sock.c:513  UCX  WARN  unable to read somaxconn value from /proc/sys/net/core/somaxconn file
[1751140309.899281] [flux-sample-13:1977 :0]            sock.c:513  UCX  WARN  unable to read somaxconn value from /proc/sys/net/core/somaxconn file
[1751140309.608781] [flux-sample-14:2031 :0]            sock.c:513  UCX  WARN  unable to read somaxconn value from /proc/sys/net/core/somaxconn file
[1751140309.916680] [flux-sample-29:1016 :0]            sock.c:513  UCX  WARN  unable to read somaxconn value from /proc/sys/net/core/somaxconn file
[1751140309.768174] [flux-sample-24:960  :0]            sock.c:513  UCX  WARN  unable to read somaxconn value from /proc/sys/net/core/somaxconn file
[1751140309.890275] [flux-sample-28:971  :0]            sock.c:513  UCX  WARN  unable to read somaxconn value from /proc/sys/net/core/somaxconn file
[1751140309.724977] [flux-sample-19:959  :0]            sock.c:513  UCX  WARN  unable to read somaxconn value from /proc/sys/net/core/somaxconn file
[1751140309.777460] [flux-sample-4:2992 :0]            sock.c:513  UCX  WARN  unable to read somaxconn value from /proc/sys/net/core/somaxconn file
[1751140309.792122] [flux-sample-2:4016 :0]            sock.c:513  UCX  WARN  unable to read somaxconn value from /proc/sys/net/core/somaxconn file
[1751140309.839367] [flux-sample-10:1976 :0]            sock.c:513  UCX  WARN  unable to read somaxconn value from /proc/sys/net/core/somaxconn file
[1751140309.767642] [flux-sample-3:4006 :0]            sock.c:513  UCX  WARN  unable to read somaxconn value from /proc/sys/net/core/somaxconn file
[1751140309.897925] [flux-sample-6:3000 :0]            sock.c:513  UCX  WARN  unable to read somaxconn value from /proc/sys/net/core/somaxconn file
[1751140309.860541] [flux-sample-18:969  :0]            sock.c:513  UCX  WARN  unable to read somaxconn value from /proc/sys/net/core/somaxconn file
[1751140309.858939] [flux-sample-17:1028 :0]            sock.c:513  UCX  WARN  unable to read somaxconn value from /proc/sys/net/core/somaxconn file
[1751140309.924224] [flux-sample-21:965  :0]            sock.c:513  UCX  WARN  unable to read somaxconn value from /proc/sys/net/core/somaxconn file
[1751140309.748359] [flux-sample-22:1018 :0]            sock.c:513  UCX  WARN  unable to read somaxconn value from /proc/sys/net/core/somaxconn file
[1751140309.810177] [flux-sample-12:1978 :0]            sock.c:513  UCX  WARN  unable to read somaxconn value from /proc/sys/net/core/somaxconn file
[1751140309.843627] [flux-sample-30:965  :0]            sock.c:513  UCX  WARN  unable to read somaxconn value from /proc/sys/net/core/somaxconn file
[1751140309.788431] [flux-sample-20:965  :0]            sock.c:513  UCX  WARN  unable to read somaxconn value from /proc/sys/net/core/somaxconn file
[1751140309.758901] [flux-sample-8:2040 :0]            sock.c:513  UCX  WARN  unable to read somaxconn value from /proc/sys/net/core/somaxconn file
[1751140309.931565] [flux-sample-1:4059 :0]            sock.c:513  UCX  WARN  unable to read somaxconn value from /proc/sys/net/core/somaxconn file
[1751140309.853023] [flux-sample-31:998  :0]            sock.c:513  UCX  WARN  unable to read somaxconn value from /proc/sys/net/core/somaxconn file
[1751140309.817500] [flux-sample-5:2989 :0]            sock.c:513  UCX  WARN  unable to read somaxconn value from /proc/sys/net/core/somaxconn file
[1751140309.906858] [flux-sample-7:2990 :0]            sock.c:513  UCX  WARN  unable to read somaxconn value from /proc/sys/net/core/somaxconn file
[1751140309.859937] [flux-sample-11:2031 :0]            sock.c:513  UCX  WARN  unable to read somaxconn value from /proc/sys/net/core/somaxconn file
[1751140309.781345] [flux-sample-26:1015 :0]            sock.c:513  UCX  WARN  unable to read somaxconn value from /proc/sys/net/core/somaxconn file
[1751140309.832060] [flux-sample-9:1974 :0]            sock.c:513  UCX  WARN  unable to read somaxconn value from /proc/sys/net/core/somaxconn file
[1751140309.701631] [flux-sample-15:1976 :0]            sock.c:513  UCX  WARN  unable to read somaxconn value from /proc/sys/net/core/somaxconn file
[1751140309.993358] [flux-sample-16:997  :0]            sock.c:513  UCX  WARN  unable to read somaxconn value from /proc/sys/net/core/somaxconn file
[1751140309.851244] [flux-sample-27:959  :0]            sock.c:513  UCX  WARN  unable to read somaxconn value from /proc/sys/net/core/somaxconn file
[1751140309.873873] [flux-sample-23:1017 :0]            sock.c:513  UCX  WARN  unable to read somaxconn value from /proc/sys/net/core/somaxconn file
[1751140309.829055] [flux-sample-13:1976 :0]            sock.c:513  UCX  WARN  unable to read somaxconn value from /proc/sys/net/core/somaxconn file
[1751140309.586672] [flux-sample-14:2030 :0]            sock.c:513  UCX  WARN  unable to read somaxconn value from /proc/sys/net/core/somaxconn file
[1751140309.910474] [flux-sample-29:1015 :0]            sock.c:513  UCX  WARN  unable to read somaxconn value from /proc/sys/net/core/somaxconn file
[1751140309.735619] [flux-sample-24:959  :0]            sock.c:513  UCX  WARN  unable to read somaxconn value from /proc/sys/net/core/somaxconn file
[1751140309.791994] [flux-sample-28:968  :0]            sock.c:513  UCX  WARN  unable to read somaxconn value from /proc/sys/net/core/somaxconn file
[1751140309.584161] [flux-sample-19:958  :0]            sock.c:513  UCX  WARN  unable to read somaxconn value from /proc/sys/net/core/somaxconn file
[1751140309.779359] [flux-sample-4:2991 :0]            sock.c:513  UCX  WARN  unable to read somaxconn value from /proc/sys/net/core/somaxconn file
[1751140309.844927] [flux-sample-2:4015 :0]            sock.c:513  UCX  WARN  unable to read somaxconn value from /proc/sys/net/core/somaxconn file
[1751140309.778355] [flux-sample-10:1975 :0]            sock.c:513  UCX  WARN  unable to read somaxconn value from /proc/sys/net/core/somaxconn file
[1751140309.767747] [flux-sample-3:4005 :0]            sock.c:513  UCX  WARN  unable to read somaxconn value from /proc/sys/net/core/somaxconn file
[1751140309.881654] [flux-sample-6:2998 :0]            sock.c:513  UCX  WARN  unable to read somaxconn value from /proc/sys/net/core/somaxconn file
[1751140309.754005] [flux-sample-18:967  :0]            sock.c:513  UCX  WARN  unable to read somaxconn value from /proc/sys/net/core/somaxconn file
[1751140309.853004] [flux-sample-17:1027 :0]            sock.c:513  UCX  WARN  unable to read somaxconn value from /proc/sys/net/core/somaxconn file
[1751140309.917164] [flux-sample-21:963  :0]            sock.c:513  UCX  WARN  unable to read somaxconn value from /proc/sys/net/core/somaxconn file
[1751140309.767274] [flux-sample-22:1017 :0]            sock.c:513  UCX  WARN  unable to read somaxconn value from /proc/sys/net/core/somaxconn file
[1751140309.748316] [flux-sample-12:1977 :0]            sock.c:513  UCX  WARN  unable to read somaxconn value from /proc/sys/net/core/somaxconn file
[1751140309.841321] [flux-sample-30:962  :0]            sock.c:513  UCX  WARN  unable to read somaxconn value from /proc/sys/net/core/somaxconn file
[1751140309.853778] [flux-sample-20:962  :0]            sock.c:513  UCX  WARN  unable to read somaxconn value from /proc/sys/net/core/somaxconn file
[1751140309.758901] [flux-sample-8:2033 :0]            sock.c:513  UCX  WARN  unable to read somaxconn value from /proc/sys/net/core/somaxconn file
[1751140309.916019] [flux-sample-1:4058 :0]            sock.c:513  UCX  WARN  unable to read somaxconn value from /proc/sys/net/core/somaxconn file
[1751140309.870334] [flux-sample-31:995  :0]            sock.c:513  UCX  WARN  unable to read somaxconn value from /proc/sys/net/core/somaxconn file
[1751140309.861140] [flux-sample-5:2988 :0]            sock.c:513  UCX  WARN  unable to read somaxconn value from /proc/sys/net/core/somaxconn file
[1751140309.915016] [flux-sample-7:2989 :0]            sock.c:513  UCX  WARN  unable to read somaxconn value from /proc/sys/net/core/somaxconn file
[1751140309.613419] [flux-sample-11:2030 :0]            sock.c:513  UCX  WARN  unable to read somaxconn value from /proc/sys/net/core/somaxconn file
[1751140309.819426] [flux-sample-26:1014 :0]            sock.c:513  UCX  WARN  unable to read somaxconn value from /proc/sys/net/core/somaxconn file
[1751140309.809429] [flux-sample-9:1973 :0]            sock.c:513  UCX  WARN  unable to read somaxconn value from /proc/sys/net/core/somaxconn file
[1751140309.700459] [flux-sample-15:1975 :0]            sock.c:513  UCX  WARN  unable to read somaxconn value from /proc/sys/net/core/somaxconn file
[1751140309.867435] [flux-sample-16:994  :0]            sock.c:513  UCX  WARN  unable to read somaxconn value from /proc/sys/net/core/somaxconn file
[1751140309.831262] [flux-sample-27:958  :0]            sock.c:513  UCX  WARN  unable to read somaxconn value from /proc/sys/net/core/somaxconn file
[1751140309.891017] [flux-sample-23:1015 :0]            sock.c:513  UCX  WARN  unable to read somaxconn value from /proc/sys/net/core/somaxconn file
[1751140309.755732] [flux-sample-13:1975 :0]            sock.c:513  UCX  WARN  unable to read somaxconn value from /proc/sys/net/core/somaxconn file
[1751140309.592509] [flux-sample-14:2029 :0]            sock.c:513  UCX  WARN  unable to read somaxconn value from /proc/sys/net/core/somaxconn file
[1751140309.784951] [flux-sample-29:1014 :0]            sock.c:513  UCX  WARN  unable to read somaxconn value from /proc/sys/net/core/somaxconn file
[1751140309.808414] [flux-sample-24:958  :0]            sock.c:513  UCX  WARN  unable to read somaxconn value from /proc/sys/net/core/somaxconn file
[1751140309.870500] [flux-sample-28:966  :0]            sock.c:513  UCX  WARN  unable to read somaxconn value from /proc/sys/net/core/somaxconn file
[1751140309.584168] [flux-sample-19:957  :0]            sock.c:513  UCX  WARN  unable to read somaxconn value from /proc/sys/net/core/somaxconn file
[1751140309.816594] [flux-sample-4:2990 :0]            sock.c:513  UCX  WARN  unable to read somaxconn value from /proc/sys/net/core/somaxconn file
[1751140309.908372] [flux-sample-2:4013 :0]            sock.c:513  UCX  WARN  unable to read somaxconn value from /proc/sys/net/core/somaxconn file
[1751140309.749354] [flux-sample-10:1974 :0]            sock.c:513  UCX  WARN  unable to read somaxconn value from /proc/sys/net/core/somaxconn file
[1751140309.768375] [flux-sample-3:4004 :0]            sock.c:513  UCX  WARN  unable to read somaxconn value from /proc/sys/net/core/somaxconn file
[1751140309.789881] [flux-sample-6:2996 :0]            sock.c:513  UCX  WARN  unable to read somaxconn value from /proc/sys/net/core/somaxconn file
[1751140309.749003] [flux-sample-18:965  :0]            sock.c:513  UCX  WARN  unable to read somaxconn value from /proc/sys/net/core/somaxconn file
[1751140309.873969] [flux-sample-17:1024 :0]            sock.c:513  UCX  WARN  unable to read somaxconn value from /proc/sys/net/core/somaxconn file
[1751140309.771256] [flux-sample-21:961  :0]            sock.c:513  UCX  WARN  unable to read somaxconn value from /proc/sys/net/core/somaxconn file
[1751140309.750588] [flux-sample-22:1016 :0]            sock.c:513  UCX  WARN  unable to read somaxconn value from /proc/sys/net/core/somaxconn file
[1751140309.803555] [flux-sample-12:1976 :0]            sock.c:513  UCX  WARN  unable to read somaxconn value from /proc/sys/net/core/somaxconn file
[1751140309.843645] [flux-sample-30:961  :0]            sock.c:513  UCX  WARN  unable to read somaxconn value from /proc/sys/net/core/somaxconn file
[1751140309.830443] [flux-sample-20:961  :0]            sock.c:513  UCX  WARN  unable to read somaxconn value from /proc/sys/net/core/somaxconn file
[1751140309.760753] [flux-sample-8:2032 :0]            sock.c:513  UCX  WARN  unable to read somaxconn value from /proc/sys/net/core/somaxconn file
[1751140309.905699] [flux-sample-1:4057 :0]            sock.c:513  UCX  WARN  unable to read somaxconn value from /proc/sys/net/core/somaxconn file
[1751140309.723877] [flux-sample-31:993  :0]            sock.c:513  UCX  WARN  unable to read somaxconn value from /proc/sys/net/core/somaxconn file
[1751140309.830594] [flux-sample-5:2987 :0]            sock.c:513  UCX  WARN  unable to read somaxconn value from /proc/sys/net/core/somaxconn file
[1751140309.866597] [flux-sample-7:2988 :0]            sock.c:513  UCX  WARN  unable to read somaxconn value from /proc/sys/net/core/somaxconn file
[1751140309.613415] [flux-sample-11:2029 :0]            sock.c:513  UCX  WARN  unable to read somaxconn value from /proc/sys/net/core/somaxconn file
[1751140309.838623] [flux-sample-26:1013 :0]            sock.c:513  UCX  WARN  unable to read somaxconn value from /proc/sys/net/core/somaxconn file
[1751140309.943843] [flux-sample-9:1972 :0]            sock.c:513  UCX  WARN  unable to read somaxconn value from /proc/sys/net/core/somaxconn file
[1751140309.703657] [flux-sample-15:1974 :0]            sock.c:513  UCX  WARN  unable to read somaxconn value from /proc/sys/net/core/somaxconn file
[1751140309.867435] [flux-sample-16:993  :0]            sock.c:513  UCX  WARN  unable to read somaxconn value from /proc/sys/net/core/somaxconn file
[1751140309.851415] [flux-sample-27:957  :0]            sock.c:513  UCX  WARN  unable to read somaxconn value from /proc/sys/net/core/somaxconn file
[1751140309.808354] [flux-sample-23:1013 :0]            sock.c:513  UCX  WARN  unable to read somaxconn value from /proc/sys/net/core/somaxconn file
[1751140309.755733] [flux-sample-13:1974 :0]            sock.c:513  UCX  WARN  unable to read somaxconn value from /proc/sys/net/core/somaxconn file
[1751140309.579554] [flux-sample-14:2028 :0]            sock.c:513  UCX  WARN  unable to read somaxconn value from /proc/sys/net/core/somaxconn file
[1751140309.903385] [flux-sample-29:1013 :0]            sock.c:513  UCX  WARN  unable to read somaxconn value from /proc/sys/net/core/somaxconn file
[1751140309.829930] [flux-sample-24:957  :0]            sock.c:513  UCX  WARN  unable to read somaxconn value from /proc/sys/net/core/somaxconn file
[1751140309.862921] [flux-sample-28:964  :0]            sock.c:513  UCX  WARN  unable to read somaxconn value from /proc/sys/net/core/somaxconn file
[1751140309.584165] [flux-sample-19:956  :0]            sock.c:513  UCX  WARN  unable to read somaxconn value from /proc/sys/net/core/somaxconn file
[1751140309.781982] [flux-sample-4:2989 :0]            sock.c:513  UCX  WARN  unable to read somaxconn value from /proc/sys/net/core/somaxconn file
[1751140309.908379] [flux-sample-2:4010 :0]            sock.c:513  UCX  WARN  unable to read somaxconn value from /proc/sys/net/core/somaxconn file
[1751140309.868641] [flux-sample-10:1973 :0]            sock.c:513  UCX  WARN  unable to read somaxconn value from /proc/sys/net/core/somaxconn file
[1751140309.782166] [flux-sample-3:4003 :0]            sock.c:513  UCX  WARN  unable to read somaxconn value from /proc/sys/net/core/somaxconn file
[1751140309.776633] [flux-sample-6:2994 :0]            sock.c:513  UCX  WARN  unable to read somaxconn value from /proc/sys/net/core/somaxconn file
[1751140309.705617] [flux-sample-18:962  :0]            sock.c:513  UCX  WARN  unable to read somaxconn value from /proc/sys/net/core/somaxconn file
[1751140309.724996] [flux-sample-17:1023 :0]            sock.c:513  UCX  WARN  unable to read somaxconn value from /proc/sys/net/core/somaxconn file
[1751140309.915361] [flux-sample-21:960  :0]            sock.c:513  UCX  WARN  unable to read somaxconn value from /proc/sys/net/core/somaxconn file
[1751140309.753400] [flux-sample-22:1015 :0]            sock.c:513  UCX  WARN  unable to read somaxconn value from /proc/sys/net/core/somaxconn file
[1751140309.794912] [flux-sample-12:1975 :0]            sock.c:513  UCX  WARN  unable to read somaxconn value from /proc/sys/net/core/somaxconn file
[1751140309.851734] [flux-sample-30:960  :0]            sock.c:513  UCX  WARN  unable to read somaxconn value from /proc/sys/net/core/somaxconn file
[1751140309.828899] [flux-sample-20:960  :0]            sock.c:513  UCX  WARN  unable to read somaxconn value from /proc/sys/net/core/somaxconn file
[1751140309.780498] [flux-sample-8:2031 :0]            sock.c:513  UCX  WARN  unable to read somaxconn value from /proc/sys/net/core/somaxconn file
[1751140309.757877] [flux-sample-1:4056 :0]            sock.c:513  UCX  WARN  unable to read somaxconn value from /proc/sys/net/core/somaxconn file
[1751140309.723877] [flux-sample-31:991  :0]            sock.c:513  UCX  WARN  unable to read somaxconn value from /proc/sys/net/core/somaxconn file
[1751140309.819032] [flux-sample-5:2986 :0]            sock.c:513  UCX  WARN  unable to read somaxconn value from /proc/sys/net/core/somaxconn file
[1751140309.867943] [flux-sample-7:2987 :0]            sock.c:513  UCX  WARN  unable to read somaxconn value from /proc/sys/net/core/somaxconn file
[1751140309.622421] [flux-sample-11:2027 :0]            sock.c:513  UCX  WARN  unable to read somaxconn value from /proc/sys/net/core/somaxconn file
[1751140309.885213] [flux-sample-26:1012 :0]            sock.c:513  UCX  WARN  unable to read somaxconn value from /proc/sys/net/core/somaxconn file
[1751140309.824368] [flux-sample-9:1971 :0]            sock.c:513  UCX  WARN  unable to read somaxconn value from /proc/sys/net/core/somaxconn file
[1751140309.691630] [flux-sample-15:1973 :0]            sock.c:513  UCX  WARN  unable to read somaxconn value from /proc/sys/net/core/somaxconn file
[1751140310.043044] [flux-sample-16:991  :0]            sock.c:513  UCX  WARN  unable to read somaxconn value from /proc/sys/net/core/somaxconn file
[1751140309.828572] [flux-sample-27:956  :0]            sock.c:513  UCX  WARN  unable to read somaxconn value from /proc/sys/net/core/somaxconn file
[1751140309.873856] [flux-sample-23:1010 :0]            sock.c:513  UCX  WARN  unable to read somaxconn value from /proc/sys/net/core/somaxconn file
[1751140309.755734] [flux-sample-13:1973 :0]            sock.c:513  UCX  WARN  unable to read somaxconn value from /proc/sys/net/core/somaxconn file
[1751140309.579554] [flux-sample-14:2027 :0]            sock.c:513  UCX  WARN  unable to read somaxconn value from /proc/sys/net/core/somaxconn file
[1751140309.914709] [flux-sample-29:1012 :0]            sock.c:513  UCX  WARN  unable to read somaxconn value from /proc/sys/net/core/somaxconn file
[1751140309.921258] [flux-sample-24:956  :0]            sock.c:513  UCX  WARN  unable to read somaxconn value from /proc/sys/net/core/somaxconn file
[1751140309.862921] [flux-sample-28:962  :0]            sock.c:513  UCX  WARN  unable to read somaxconn value from /proc/sys/net/core/somaxconn file
[1751140309.590454] [flux-sample-19:955  :0]            sock.c:513  UCX  WARN  unable to read somaxconn value from /proc/sys/net/core/somaxconn file
[1751140309.733704] [flux-sample-4:2988 :0]            sock.c:513  UCX  WARN  unable to read somaxconn value from /proc/sys/net/core/somaxconn file
[1751140309.864885] [flux-sample-2:4007 :0]            sock.c:513  UCX  WARN  unable to read somaxconn value from /proc/sys/net/core/somaxconn file
[1751140309.870139] [flux-sample-10:1972 :0]            sock.c:513  UCX  WARN  unable to read somaxconn value from /proc/sys/net/core/somaxconn file
[1751140309.777493] [flux-sample-3:4002 :0]            sock.c:513  UCX  WARN  unable to read somaxconn value from /proc/sys/net/core/somaxconn file
[1751140309.763403] [flux-sample-6:2992 :0]            sock.c:513  UCX  WARN  unable to read somaxconn value from /proc/sys/net/core/somaxconn file
[1751140309.705610] [flux-sample-18:961  :0]            sock.c:513  UCX  WARN  unable to read somaxconn value from /proc/sys/net/core/somaxconn file
[1751140309.734696] [flux-sample-17:1021 :0]            sock.c:513  UCX  WARN  unable to read somaxconn value from /proc/sys/net/core/somaxconn file
[1751140309.778754] [flux-sample-21:959  :0]            sock.c:513  UCX  WARN  unable to read somaxconn value from /proc/sys/net/core/somaxconn file
[1751140309.781243] [flux-sample-22:1014 :0]            sock.c:513  UCX  WARN  unable to read somaxconn value from /proc/sys/net/core/somaxconn file
[1751140309.761893] [flux-sample-12:1974 :0]            sock.c:513  UCX  WARN  unable to read somaxconn value from /proc/sys/net/core/somaxconn file
[1751140309.843645] [flux-sample-30:959  :0]            sock.c:513  UCX  WARN  unable to read somaxconn value from /proc/sys/net/core/somaxconn file
[1751140309.857814] [flux-sample-20:959  :0]            sock.c:513  UCX  WARN  unable to read somaxconn value from /proc/sys/net/core/somaxconn file
[1751140309.757488] [flux-sample-8:2030 :0]            sock.c:513  UCX  WARN  unable to read somaxconn value from /proc/sys/net/core/somaxconn file
[1751140309.782094] [flux-sample-1:4055 :0]            sock.c:513  UCX  WARN  unable to read somaxconn value from /proc/sys/net/core/somaxconn file
[1751140309.783839] [flux-sample-31:989  :0]            sock.c:513  UCX  WARN  unable to read somaxconn value from /proc/sys/net/core/somaxconn file
[1751140309.765561] [flux-sample-5:2985 :0]            sock.c:513  UCX  WARN  unable to read somaxconn value from /proc/sys/net/core/somaxconn file
[1751140309.911778] [flux-sample-7:2986 :0]            sock.c:513  UCX  WARN  unable to read somaxconn value from /proc/sys/net/core/somaxconn file
[1751140309.613377] [flux-sample-11:2026 :0]            sock.c:513  UCX  WARN  unable to read somaxconn value from /proc/sys/net/core/somaxconn file
[1751140309.838421] [flux-sample-26:1011 :0]            sock.c:513  UCX  WARN  unable to read somaxconn value from /proc/sys/net/core/somaxconn file
[1751140309.804015] [flux-sample-9:1970 :0]            sock.c:513  UCX  WARN  unable to read somaxconn value from /proc/sys/net/core/somaxconn file
[1751140309.711225] [flux-sample-15:1972 :0]            sock.c:513  UCX  WARN  unable to read somaxconn value from /proc/sys/net/core/somaxconn file
[1751140310.035460] [flux-sample-16:989  :0]            sock.c:513  UCX  WARN  unable to read somaxconn value from /proc/sys/net/core/somaxconn file
[1751140309.840550] [flux-sample-27:955  :0]            sock.c:513  UCX  WARN  unable to read somaxconn value from /proc/sys/net/core/somaxconn file
[1751140309.882357] [flux-sample-23:1007 :0]            sock.c:513  UCX  WARN  unable to read somaxconn value from /proc/sys/net/core/somaxconn file
[1751140309.784862] [flux-sample-13:1972 :0]            sock.c:513  UCX  WARN  unable to read somaxconn value from /proc/sys/net/core/somaxconn file
[1751140309.579680] [flux-sample-14:2026 :0]            sock.c:513  UCX  WARN  unable to read somaxconn value from /proc/sys/net/core/somaxconn file
[1751140309.905059] [flux-sample-29:1011 :0]            sock.c:513  UCX  WARN  unable to read somaxconn value from /proc/sys/net/core/somaxconn file
[1751140309.784418] [flux-sample-24:955  :0]            sock.c:513  UCX  WARN  unable to read somaxconn value from /proc/sys/net/core/somaxconn file
[1751140309.789397] [flux-sample-28:961  :0]            sock.c:513  UCX  WARN  unable to read somaxconn value from /proc/sys/net/core/somaxconn file
[1751140309.590454] [flux-sample-19:954  :0]            sock.c:513  UCX  WARN  unable to read somaxconn value from /proc/sys/net/core/somaxconn file
[1751140309.905653] [flux-sample-4:2987 :0]            sock.c:513  UCX  WARN  unable to read somaxconn value from /proc/sys/net/core/somaxconn file
[1751140309.901854] [flux-sample-2:4006 :0]            sock.c:513  UCX  WARN  unable to read somaxconn value from /proc/sys/net/core/somaxconn file
[1751140309.733665] [flux-sample-10:1971 :0]            sock.c:513  UCX  WARN  unable to read somaxconn value from /proc/sys/net/core/somaxconn file
[1751140309.639579] [flux-sample-3:4001 :0]            sock.c:513  UCX  WARN  unable to read somaxconn value from /proc/sys/net/core/somaxconn file
[1751140309.763404] [flux-sample-6:2991 :0]            sock.c:513  UCX  WARN  unable to read somaxconn value from /proc/sys/net/core/somaxconn file
[1751140309.705612] [flux-sample-18:960  :0]            sock.c:513  UCX  WARN  unable to read somaxconn value from /proc/sys/net/core/somaxconn file
[1751140309.734878] [flux-sample-17:1018 :0]            sock.c:513  UCX  WARN  unable to read somaxconn value from /proc/sys/net/core/somaxconn file
[1751140309.771258] [flux-sample-21:958  :0]            sock.c:513  UCX  WARN  unable to read somaxconn value from /proc/sys/net/core/somaxconn file
[1751140309.875755] [flux-sample-22:1013 :0]            sock.c:513  UCX  WARN  unable to read somaxconn value from /proc/sys/net/core/somaxconn file
[1751140309.748313] [flux-sample-12:1973 :0]            sock.c:513  UCX  WARN  unable to read somaxconn value from /proc/sys/net/core/somaxconn file
[1751140309.856935] [flux-sample-30:958  :0]            sock.c:513  UCX  WARN  unable to read somaxconn value from /proc/sys/net/core/somaxconn file
[1751140309.829389] [flux-sample-20:958  :0]            sock.c:513  UCX  WARN  unable to read somaxconn value from /proc/sys/net/core/somaxconn file
[1751140309.757706] [flux-sample-8:2029 :0]            sock.c:513  UCX  WARN  unable to read somaxconn value from /proc/sys/net/core/somaxconn file
[1751140309.943157] [flux-sample-1:4054 :0]            sock.c:513  UCX  WARN  unable to read somaxconn value from /proc/sys/net/core/somaxconn file
[1751140309.722768] [flux-sample-31:986  :0]            sock.c:513  UCX  WARN  unable to read somaxconn value from /proc/sys/net/core/somaxconn file
[1751140309.764859] [flux-sample-5:2984 :0]            sock.c:513  UCX  WARN  unable to read somaxconn value from /proc/sys/net/core/somaxconn file
[1751140309.909016] [flux-sample-7:2985 :0]            sock.c:513  UCX  WARN  unable to read somaxconn value from /proc/sys/net/core/somaxconn file
[1751140309.613415] [flux-sample-11:2025 :0]            sock.c:513  UCX  WARN  unable to read somaxconn value from /proc/sys/net/core/somaxconn file
[1751140309.841238] [flux-sample-26:1010 :0]            sock.c:513  UCX  WARN  unable to read somaxconn value from /proc/sys/net/core/somaxconn file
[1751140309.850244] [flux-sample-9:1969 :0]            sock.c:513  UCX  WARN  unable to read somaxconn value from /proc/sys/net/core/somaxconn file
[1751140309.608607] [flux-sample-15:1971 :0]            sock.c:513  UCX  WARN  unable to read somaxconn value from /proc/sys/net/core/somaxconn file
[1751140310.026999] [flux-sample-16:986  :0]            sock.c:513  UCX  WARN  unable to read somaxconn value from /proc/sys/net/core/somaxconn file
[1751140309.845355] [flux-sample-27:954  :0]            sock.c:513  UCX  WARN  unable to read somaxconn value from /proc/sys/net/core/somaxconn file
[1751140309.817362] [flux-sample-23:1006 :0]            sock.c:513  UCX  WARN  unable to read somaxconn value from /proc/sys/net/core/somaxconn file
[1751140309.760248] [flux-sample-13:1971 :0]            sock.c:513  UCX  WARN  unable to read somaxconn value from /proc/sys/net/core/somaxconn file
[1751140309.586150] [flux-sample-14:2025 :0]            sock.c:513  UCX  WARN  unable to read somaxconn value from /proc/sys/net/core/somaxconn file
[1751140309.811451] [flux-sample-29:1010 :0]            sock.c:513  UCX  WARN  unable to read somaxconn value from /proc/sys/net/core/somaxconn file
[1751140309.918457] [flux-sample-24:954  :0]            sock.c:513  UCX  WARN  unable to read somaxconn value from /proc/sys/net/core/somaxconn file
[1751140309.787999] [flux-sample-28:960  :0]            sock.c:513  UCX  WARN  unable to read somaxconn value from /proc/sys/net/core/somaxconn file
[1751140309.590456] [flux-sample-19:953  :0]            sock.c:513  UCX  WARN  unable to read somaxconn value from /proc/sys/net/core/somaxconn file
[1751140309.669977] [flux-sample-4:2986 :0]            sock.c:513  UCX  WARN  unable to read somaxconn value from /proc/sys/net/core/somaxconn file
[1751140309.910301] [flux-sample-2:4005 :0]            sock.c:513  UCX  WARN  unable to read somaxconn value from /proc/sys/net/core/somaxconn file
[1751140309.758395] [flux-sample-10:1970 :0]            sock.c:513  UCX  WARN  unable to read somaxconn value from /proc/sys/net/core/somaxconn file
[1751140309.688296] [flux-sample-3:4000 :0]            sock.c:513  UCX  WARN  unable to read somaxconn value from /proc/sys/net/core/somaxconn file
[1751140309.813633] [flux-sample-6:2990 :0]            sock.c:513  UCX  WARN  unable to read somaxconn value from /proc/sys/net/core/somaxconn file
[1751140309.705610] [flux-sample-18:959  :0]            sock.c:513  UCX  WARN  unable to read somaxconn value from /proc/sys/net/core/somaxconn file
[1751140309.629129] [flux-sample-17:1017 :0]            sock.c:513  UCX  WARN  unable to read somaxconn value from /proc/sys/net/core/somaxconn file
[1751140309.857737] [flux-sample-21:957  :0]            sock.c:513  UCX  WARN  unable to read somaxconn value from /proc/sys/net/core/somaxconn file
[1751140309.863285] [flux-sample-22:1012 :0]            sock.c:513  UCX  WARN  unable to read somaxconn value from /proc/sys/net/core/somaxconn file
[1751140309.779710] [flux-sample-12:1972 :0]            sock.c:513  UCX  WARN  unable to read somaxconn value from /proc/sys/net/core/somaxconn file
[1751140309.810059] [flux-sample-30:957  :0]            sock.c:513  UCX  WARN  unable to read somaxconn value from /proc/sys/net/core/somaxconn file
[1751140309.814911] [flux-sample-20:957  :0]            sock.c:513  UCX  WARN  unable to read somaxconn value from /proc/sys/net/core/somaxconn file
[1751140309.757089] [flux-sample-8:2028 :0]            sock.c:513  UCX  WARN  unable to read somaxconn value from /proc/sys/net/core/somaxconn file
[1751140309.914599] [flux-sample-8:2027 :0]            sock.c:513  UCX  WARN  unable to read somaxconn value from /proc/sys/net/core/somaxconn file
[1751140309.782541] [flux-sample-31:976  :0]            sock.c:513  UCX  WARN  unable to read somaxconn value from /proc/sys/net/core/somaxconn file
[1751140309.764859] [flux-sample-5:2983 :0]            sock.c:513  UCX  WARN  unable to read somaxconn value from /proc/sys/net/core/somaxconn file
[1751140309.910892] [flux-sample-7:2984 :0]            sock.c:513  UCX  WARN  unable to read somaxconn value from /proc/sys/net/core/somaxconn file
[1751140309.613413] [flux-sample-11:2024 :0]            sock.c:513  UCX  WARN  unable to read somaxconn value from /proc/sys/net/core/somaxconn file
[1751140309.928841] [flux-sample-26:1009 :0]            sock.c:513  UCX  WARN  unable to read somaxconn value from /proc/sys/net/core/somaxconn file
[1751140309.804015] [flux-sample-9:1968 :0]            sock.c:513  UCX  WARN  unable to read somaxconn value from /proc/sys/net/core/somaxconn file
[1751140309.595960] [flux-sample-15:1970 :0]            sock.c:513  UCX  WARN  unable to read somaxconn value from /proc/sys/net/core/somaxconn file
[1751140310.055639] [flux-sample-16:984  :0]            sock.c:513  UCX  WARN  unable to read somaxconn value from /proc/sys/net/core/somaxconn file
[1751140309.880573] [flux-sample-27:978  :0]            sock.c:513  UCX  WARN  unable to read somaxconn value from /proc/sys/net/core/somaxconn file
[1751140309.892906] [flux-sample-23:979  :0]            sock.c:513  UCX  WARN  unable to read somaxconn value from /proc/sys/net/core/somaxconn file
[1751140309.797657] [flux-sample-13:1970 :0]            sock.c:513  UCX  WARN  unable to read somaxconn value from /proc/sys/net/core/somaxconn file
[1751140309.586151] [flux-sample-14:2024 :0]            sock.c:513  UCX  WARN  unable to read somaxconn value from /proc/sys/net/core/somaxconn file
[1751140309.840629] [flux-sample-29:1009 :0]            sock.c:513  UCX  WARN  unable to read somaxconn value from /proc/sys/net/core/somaxconn file
[1751140309.578911] [flux-sample-24:953  :0]            sock.c:513  UCX  WARN  unable to read somaxconn value from /proc/sys/net/core/somaxconn file
[1751140309.887432] [flux-sample-28:959  :0]            sock.c:513  UCX  WARN  unable to read somaxconn value from /proc/sys/net/core/somaxconn file
[1751140309.762431] [flux-sample-19:1013 :0]            sock.c:513  UCX  WARN  unable to read somaxconn value from /proc/sys/net/core/somaxconn file
[1751140309.669968] [flux-sample-4:2985 :0]            sock.c:513  UCX  WARN  unable to read somaxconn value from /proc/sys/net/core/somaxconn file
[1751140309.910191] [flux-sample-2:4000 :0]            sock.c:513  UCX  WARN  unable to read somaxconn value from /proc/sys/net/core/somaxconn file
[1751140309.799817] [flux-sample-10:1969 :0]            sock.c:513  UCX  WARN  unable to read somaxconn value from /proc/sys/net/core/somaxconn file
[1751140309.639574] [flux-sample-3:3999 :0]            sock.c:513  UCX  WARN  unable to read somaxconn value from /proc/sys/net/core/somaxconn file
[1751140309.771476] [flux-sample-6:2989 :0]            sock.c:513  UCX  WARN  unable to read somaxconn value from /proc/sys/net/core/somaxconn file
[1751140309.603995] [flux-sample-18:958  :0]            sock.c:513  UCX  WARN  unable to read somaxconn value from /proc/sys/net/core/somaxconn file
[1751140309.629360] [flux-sample-17:1013 :0]            sock.c:513  UCX  WARN  unable to read somaxconn value from /proc/sys/net/core/somaxconn file
[1751140309.924191] [flux-sample-21:956  :0]            sock.c:513  UCX  WARN  unable to read somaxconn value from /proc/sys/net/core/somaxconn file
[1751140309.750589] [flux-sample-22:1011 :0]            sock.c:513  UCX  WARN  unable to read somaxconn value from /proc/sys/net/core/somaxconn file
[1751140309.750061] [flux-sample-12:1971 :0]            sock.c:513  UCX  WARN  unable to read somaxconn value from /proc/sys/net/core/somaxconn file
[1751140309.810060] [flux-sample-30:956  :0]            sock.c:513  UCX  WARN  unable to read somaxconn value from /proc/sys/net/core/somaxconn file
[1751140309.862139] [flux-sample-20:956  :0]            sock.c:513  UCX  WARN  unable to read somaxconn value from /proc/sys/net/core/somaxconn file
[1751140309.901897] [flux-sample-8:2026 :0]            sock.c:513  UCX  WARN  unable to read somaxconn value from /proc/sys/net/core/somaxconn file
[1751140309.817130] [flux-sample-31:972  :0]            sock.c:513  UCX  WARN  unable to read somaxconn value from /proc/sys/net/core/somaxconn file
[1751140309.759205] [flux-sample-20:955  :0]            sock.c:513  UCX  WARN  unable to read somaxconn value from /proc/sys/net/core/somaxconn file
[1751140309.842129] [flux-sample-30:955  :0]            sock.c:513  UCX  WARN  unable to read somaxconn value from /proc/sys/net/core/somaxconn file
[1751140309.749558] [flux-sample-12:1970 :0]            sock.c:513  UCX  WARN  unable to read somaxconn value from /proc/sys/net/core/somaxconn file
[1751140309.753847] [flux-sample-22:1010 :0]            sock.c:513  UCX  WARN  unable to read somaxconn value from /proc/sys/net/core/somaxconn file
[1751140309.771263] [flux-sample-21:955  :0]            sock.c:513  UCX  WARN  unable to read somaxconn value from /proc/sys/net/core/somaxconn file
[1751140309.595960] [flux-sample-15:1969 :0]            sock.c:513  UCX  WARN  unable to read somaxconn value from /proc/sys/net/core/somaxconn file
[1751140310.052230] [flux-sample-16:983  :0]            sock.c:513  UCX  WARN  unable to read somaxconn value from /proc/sys/net/core/somaxconn file
[1751140309.821755] [flux-sample-17:1010 :0]            sock.c:513  UCX  WARN  unable to read somaxconn value from /proc/sys/net/core/somaxconn file
[1751140309.593360] [flux-sample-18:957  :0]            sock.c:513  UCX  WARN  unable to read somaxconn value from /proc/sys/net/core/somaxconn file
[1751140309.764215] [flux-sample-13:1969 :0]            sock.c:513  UCX  WARN  unable to read somaxconn value from /proc/sys/net/core/somaxconn file
[1751140309.766920] [flux-sample-6:2988 :0]            sock.c:513  UCX  WARN  unable to read somaxconn value from /proc/sys/net/core/somaxconn file
[1751140309.639574] [flux-sample-3:3998 :0]            sock.c:513  UCX  WARN  unable to read somaxconn value from /proc/sys/net/core/somaxconn file
[1751140309.848500] [flux-sample-10:1968 :0]            sock.c:513  UCX  WARN  unable to read somaxconn value from /proc/sys/net/core/somaxconn file
[1751140309.885816] [flux-sample-28:958  :0]            sock.c:513  UCX  WARN  unable to read somaxconn value from /proc/sys/net/core/somaxconn file
[1751140309.903221] [flux-sample-2:3999 :0]            sock.c:513  UCX  WARN  unable to read somaxconn value from /proc/sys/net/core/somaxconn file
[1751140309.669959] [flux-sample-4:2984 :0]            sock.c:513  UCX  WARN  unable to read somaxconn value from /proc/sys/net/core/somaxconn file
[1751140309.871869] [flux-sample-8:2025 :0]            sock.c:513  UCX  WARN  unable to read somaxconn value from /proc/sys/net/core/somaxconn file
[1751140309.782542] [flux-sample-31:971  :0]            sock.c:513  UCX  WARN  unable to read somaxconn value from /proc/sys/net/core/somaxconn file
[1751140309.759205] [flux-sample-20:954  :0]            sock.c:513  UCX  WARN  unable to read somaxconn value from /proc/sys/net/core/somaxconn file
[1751140309.669965] [flux-sample-4:2983 :0]            sock.c:513  UCX  WARN  unable to read somaxconn value from /proc/sys/net/core/somaxconn file
[1751140309.589557] [flux-sample-12:1969 :0]            sock.c:513  UCX  WARN  unable to read somaxconn value from /proc/sys/net/core/somaxconn file
[1751140309.770218] [flux-sample-22:1009 :0]            sock.c:513  UCX  WARN  unable to read somaxconn value from /proc/sys/net/core/somaxconn file
[1751140309.933902] [flux-sample-21:954  :0]            sock.c:513  UCX  WARN  unable to read somaxconn value from /proc/sys/net/core/somaxconn file
[1751140309.902235] [flux-sample-2:3998 :0]            sock.c:513  UCX  WARN  unable to read somaxconn value from /proc/sys/net/core/somaxconn file
[1751140310.036698] [flux-sample-16:982  :0]            sock.c:513  UCX  WARN  unable to read somaxconn value from /proc/sys/net/core/somaxconn file
[1751140309.647713] [flux-sample-17:1009 :0]            sock.c:513  UCX  WARN  unable to read somaxconn value from /proc/sys/net/core/somaxconn file
[1751140309.593360] [flux-sample-18:956  :0]            sock.c:513  UCX  WARN  unable to read somaxconn value from /proc/sys/net/core/somaxconn file
[1751140309.846377] [flux-sample-13:1968 :0]            sock.c:513  UCX  WARN  unable to read somaxconn value from /proc/sys/net/core/somaxconn file
[1751140309.756451] [flux-sample-6:2987 :0]            sock.c:513  UCX  WARN  unable to read somaxconn value from /proc/sys/net/core/somaxconn file
[1751140309.899574] [flux-sample-3:4031 :0]            sock.c:513  UCX  WARN  unable to read somaxconn value from /proc/sys/net/core/somaxconn file
[1751140309.837137] [flux-sample-10:2013 :0]            sock.c:513  UCX  WARN  unable to read somaxconn value from /proc/sys/net/core/somaxconn file
[1751140309.810217] [flux-sample-28:957  :0]            sock.c:513  UCX  WARN  unable to read somaxconn value from /proc/sys/net/core/somaxconn file
[1751140309.764987] [flux-sample-8:2024 :0]            sock.c:513  UCX  WARN  unable to read somaxconn value from /proc/sys/net/core/somaxconn file
[1751140309.848113] [flux-sample-31:968  :0]            sock.c:513  UCX  WARN  unable to read somaxconn value from /proc/sys/net/core/somaxconn file
[1751140309.846101] [flux-sample-20:953  :0]            sock.c:513  UCX  WARN  unable to read somaxconn value from /proc/sys/net/core/somaxconn file
[1751140309.802873] [flux-sample-28:956  :0]            sock.c:513  UCX  WARN  unable to read somaxconn value from /proc/sys/net/core/somaxconn file
[1751140309.586840] [flux-sample-12:1968 :0]            sock.c:513  UCX  WARN  unable to read somaxconn value from /proc/sys/net/core/somaxconn file
[1751140309.756451] [flux-sample-6:2986 :0]            sock.c:513  UCX  WARN  unable to read somaxconn value from /proc/sys/net/core/somaxconn file
[1751140309.929259] [flux-sample-21:953  :0]            sock.c:513  UCX  WARN  unable to read somaxconn value from /proc/sys/net/core/somaxconn file
[1751140309.593096] [flux-sample-18:955  :0]            sock.c:513  UCX  WARN  unable to read somaxconn value from /proc/sys/net/core/somaxconn file
[1751140309.993374] [flux-sample-16:980  :0]            sock.c:513  UCX  WARN  unable to read somaxconn value from /proc/sys/net/core/somaxconn file
[1751140309.633938] [flux-sample-17:1011 :0]            sock.c:513  UCX  WARN  unable to read somaxconn value from /proc/sys/net/core/somaxconn file
[1751140309.760564] [flux-sample-8:2036 :0]            sock.c:513  UCX  WARN  unable to read somaxconn value from /proc/sys/net/core/somaxconn file
[1751140309.722793] [flux-sample-31:967  :0]            sock.c:513  UCX  WARN  unable to read somaxconn value from /proc/sys/net/core/somaxconn file
[1751140309.905603] [flux-sample-20:983  :0]            sock.c:513  UCX  WARN  unable to read somaxconn value from /proc/sys/net/core/somaxconn file
[1751140309.789824] [flux-sample-28:955  :0]            sock.c:513  UCX  WARN  unable to read somaxconn value from /proc/sys/net/core/somaxconn file
[1751140310.007949] [flux-sample-16:977  :0]            sock.c:513  UCX  WARN  unable to read somaxconn value from /proc/sys/net/core/somaxconn file
[1751140309.691642] [flux-sample-6:2985 :0]            sock.c:513  UCX  WARN  unable to read somaxconn value from /proc/sys/net/core/somaxconn file
[1751140309.593096] [flux-sample-18:954  :0]            sock.c:513  UCX  WARN  unable to read somaxconn value from /proc/sys/net/core/somaxconn file
[1751140309.602577] [flux-sample-18:953  :0]            sock.c:513  UCX  WARN  unable to read somaxconn value from /proc/sys/net/core/somaxconn file
[1751140309.716541] [flux-sample-31:962  :0]            sock.c:513  UCX  WARN  unable to read somaxconn value from /proc/sys/net/core/somaxconn file
[1751140309.729687] [flux-sample-6:2984 :0]            sock.c:513  UCX  WARN  unable to read somaxconn value from /proc/sys/net/core/somaxconn file
[1751140309.789832] [flux-sample-28:954  :0]            sock.c:513  UCX  WARN  unable to read somaxconn value from /proc/sys/net/core/somaxconn file
[1751140310.022400] [flux-sample-16:975  :0]            sock.c:513  UCX  WARN  unable to read somaxconn value from /proc/sys/net/core/somaxconn file
[1751140310.000135] [flux-sample-16:971  :0]            sock.c:513  UCX  WARN  unable to read somaxconn value from /proc/sys/net/core/somaxconn file
[1751140309.671071] [flux-sample-31:958  :0]            sock.c:513  UCX  WARN  unable to read somaxconn value from /proc/sys/net/core/somaxconn file
[1751140309.691642] [flux-sample-6:2983 :0]            sock.c:513  UCX  WARN  unable to read somaxconn value from /proc/sys/net/core/somaxconn file
[1751140309.877193] [flux-sample-28:953  :0]            sock.c:513  UCX  WARN  unable to read somaxconn value from /proc/sys/net/core/somaxconn file
[1751140309.986958] [flux-sample-16:969  :0]            sock.c:513  UCX  WARN  unable to read somaxconn value from /proc/sys/net/core/somaxconn file
[1751140309.604690] [flux-sample-31:954  :0]            sock.c:513  UCX  WARN  unable to read somaxconn value from /proc/sys/net/core/somaxconn file
[1751140309.986639] [flux-sample-16:967  :0]            sock.c:513  UCX  WARN  unable to read somaxconn value from /proc/sys/net/core/somaxconn file
[1751140309.722770] [flux-sample-31:988  :0]            sock.c:513  UCX  WARN  unable to read somaxconn value from /proc/sys/net/core/somaxconn file
[1751140310.039995] [flux-sample-16:966  :0]            sock.c:513  UCX  WARN  unable to read somaxconn value from /proc/sys/net/core/somaxconn file
[1751140309.770583] [flux-sample-31:983  :0]            sock.c:513  UCX  WARN  unable to read somaxconn value from /proc/sys/net/core/somaxconn file
[1751140310.051524] [flux-sample-16:963  :0]            sock.c:513  UCX  WARN  unable to read somaxconn value from /proc/sys/net/core/somaxconn file
[1751140309.816697] [flux-sample-31:980  :0]            sock.c:513  UCX  WARN  unable to read somaxconn value from /proc/sys/net/core/somaxconn file
[1751140310.009177] [flux-sample-16:962  :0]            sock.c:513  UCX  WARN  unable to read somaxconn value from /proc/sys/net/core/somaxconn file
[1751140309.834213] [flux-sample-31:974  :0]            sock.c:513  UCX  WARN  unable to read somaxconn value from /proc/sys/net/core/somaxconn file
[1751140310.007962] [flux-sample-16:961  :0]            sock.c:513  UCX  WARN  unable to read somaxconn value from /proc/sys/net/core/somaxconn file
[1751140309.716534] [flux-sample-31:965  :0]            sock.c:513  UCX  WARN  unable to read somaxconn value from /proc/sys/net/core/somaxconn file
[1751140310.051522] [flux-sample-16:960  :0]            sock.c:513  UCX  WARN  unable to read somaxconn value from /proc/sys/net/core/somaxconn file
[1751140309.721982] [flux-sample-31:960  :0]            sock.c:513  UCX  WARN  unable to read somaxconn value from /proc/sys/net/core/somaxconn file
[1751140310.002022] [flux-sample-16:959  :0]            sock.c:513  UCX  WARN  unable to read somaxconn value from /proc/sys/net/core/somaxconn file
[1751140309.721980] [flux-sample-31:959  :0]            sock.c:513  UCX  WARN  unable to read somaxconn value from /proc/sys/net/core/somaxconn file
[1751140310.013739] [flux-sample-16:958  :0]            sock.c:513  UCX  WARN  unable to read somaxconn value from /proc/sys/net/core/somaxconn file
[1751140309.604379] [flux-sample-31:957  :0]            sock.c:513  UCX  WARN  unable to read somaxconn value from /proc/sys/net/core/somaxconn file
[1751140310.047932] [flux-sample-16:957  :0]            sock.c:513  UCX  WARN  unable to read somaxconn value from /proc/sys/net/core/somaxconn file
[1751140309.604379] [flux-sample-31:956  :0]            sock.c:513  UCX  WARN  unable to read somaxconn value from /proc/sys/net/core/somaxconn file
[1751140310.007942] [flux-sample-16:956  :0]            sock.c:513  UCX  WARN  unable to read somaxconn value from /proc/sys/net/core/somaxconn file
[1751140309.604690] [flux-sample-31:955  :0]            sock.c:513  UCX  WARN  unable to read somaxconn value from /proc/sys/net/core/somaxconn file
[1751140310.048718] [flux-sample-16:955  :0]            sock.c:513  UCX  WARN  unable to read somaxconn value from /proc/sys/net/core/somaxconn file
[1751140309.604690] [flux-sample-31:953  :0]            sock.c:513  UCX  WARN  unable to read somaxconn value from /proc/sys/net/core/somaxconn file
[1751140309.989777] [flux-sample-16:954  :0]            sock.c:513  UCX  WARN  unable to read somaxconn value from /proc/sys/net/core/somaxconn file
[1751140309.721980] [flux-sample-31:961  :0]            sock.c:513  UCX  WARN  unable to read somaxconn value from /proc/sys/net/core/somaxconn file
[1751140310.022087] [flux-sample-16:953  :0]            sock.c:513  UCX  WARN  unable to read somaxconn value from /proc/sys/net/core/somaxconn file
4                      39.23
8                      45.60
16                     62.62
32                    130.94
64                     69.58
128                   220.50
256                   132.67
512                   411.75
1024                  175.96
2048                  692.47
4096                  261.70
8192                 1615.95
16384                 258.86
32768                 367.06
65536                 572.06
131072                713.23
262144               2874.03
524288               5393.53
1048576              7701.94
