[1751140242.464455] [flux-sample-2:3424 :0]            sock.c:513  UCX  WARN  unable to read somaxconn value from /proc/sys/net/core/somaxconn file
[1751140242.464554] [flux-sample-0:3792 :0]            sock.c:513  UCX  WARN  unable to read somaxconn value from /proc/sys/net/core/somaxconn file
[1751140242.486333] [flux-sample-0:3790 :0]            sock.c:513  UCX  WARN  unable to read somaxconn value from /proc/sys/net/core/somaxconn file
[1751140242.455993] [flux-sample-0:3788 :0]            sock.c:513  UCX  WARN  unable to read somaxconn value from /proc/sys/net/core/somaxconn file
[1751140242.483748] [flux-sample-0:3786 :0]            sock.c:513  UCX  WARN  unable to read somaxconn value from /proc/sys/net/core/somaxconn file
[1751140242.483748] [flux-sample-0:3785 :0]            sock.c:513  UCX  WARN  unable to read somaxconn value from /proc/sys/net/core/somaxconn file
[1751140242.457895] [flux-sample-0:3783 :0]            sock.c:513  UCX  WARN  unable to read somaxconn value from /proc/sys/net/core/somaxconn file
[1751140242.419405] [flux-sample-0:3781 :0]            sock.c:513  UCX  WARN  unable to read somaxconn value from /proc/sys/net/core/somaxconn file
[1751140242.419392] [flux-sample-0:3779 :0]            sock.c:513  UCX  WARN  unable to read somaxconn value from /proc/sys/net/core/somaxconn file
[1751140242.475410] [flux-sample-0:3777 :0]            sock.c:513  UCX  WARN  unable to read somaxconn value from /proc/sys/net/core/somaxconn file
[1751140242.423970] [flux-sample-0:3774 :0]            sock.c:513  UCX  WARN  unable to read somaxconn value from /proc/sys/net/core/somaxconn file
[1751140242.423970] [flux-sample-0:3772 :0]            sock.c:513  UCX  WARN  unable to read somaxconn value from /proc/sys/net/core/somaxconn file
[1751140242.486990] [flux-sample-0:3770 :0]            sock.c:513  UCX  WARN  unable to read somaxconn value from /proc/sys/net/core/somaxconn file
[1751140242.391631] [flux-sample-0:3768 :0]            sock.c:513  UCX  WARN  unable to read somaxconn value from /proc/sys/net/core/somaxconn file
[1751140242.419404] [flux-sample-0:3767 :0]            sock.c:513  UCX  WARN  unable to read somaxconn value from /proc/sys/net/core/somaxconn file
[1751140242.356826] [flux-sample-0:3765 :0]            sock.c:513  UCX  WARN  unable to read somaxconn value from /proc/sys/net/core/somaxconn file
[1751140242.416799] [flux-sample-0:3762 :0]            sock.c:513  UCX  WARN  unable to read somaxconn value from /proc/sys/net/core/somaxconn file
[1751140242.459082] [flux-sample-0:3759 :0]            sock.c:513  UCX  WARN  unable to read somaxconn value from /proc/sys/net/core/somaxconn file
[1751140242.438722] [flux-sample-0:3756 :0]            sock.c:513  UCX  WARN  unable to read somaxconn value from /proc/sys/net/core/somaxconn file
[1751140242.443383] [flux-sample-0:3754 :0]            sock.c:513  UCX  WARN  unable to read somaxconn value from /proc/sys/net/core/somaxconn file
[1751140242.411527] [flux-sample-0:3752 :0]            sock.c:513  UCX  WARN  unable to read somaxconn value from /proc/sys/net/core/somaxconn file
[1751140242.361767] [flux-sample-0:3751 :0]            sock.c:513  UCX  WARN  unable to read somaxconn value from /proc/sys/net/core/somaxconn file
[1751140242.485586] [flux-sample-0:3750 :0]            sock.c:513  UCX  WARN  unable to read somaxconn value from /proc/sys/net/core/somaxconn file
[1751140242.480558] [flux-sample-0:3749 :0]            sock.c:513  UCX  WARN  unable to read somaxconn value from /proc/sys/net/core/somaxconn file
[1751140242.483175] [flux-sample-0:3747 :0]            sock.c:513  UCX  WARN  unable to read somaxconn value from /proc/sys/net/core/somaxconn file
[1751140242.486114] [flux-sample-0:3745 :0]            sock.c:513  UCX  WARN  unable to read somaxconn value from /proc/sys/net/core/somaxconn file
[1751140242.484945] [flux-sample-0:3742 :0]            sock.c:513  UCX  WARN  unable to read somaxconn value from /proc/sys/net/core/somaxconn file
[1751140242.475035] [flux-sample-0:3739 :0]            sock.c:513  UCX  WARN  unable to read somaxconn value from /proc/sys/net/core/somaxconn file
[1751140242.478079] [flux-sample-0:3736 :0]            sock.c:513  UCX  WARN  unable to read somaxconn value from /proc/sys/net/core/somaxconn file
[1751140242.476949] [flux-sample-0:3732 :0]            sock.c:513  UCX  WARN  unable to read somaxconn value from /proc/sys/net/core/somaxconn file
[1751140242.476952] [flux-sample-0:3730 :0]            sock.c:513  UCX  WARN  unable to read somaxconn value from /proc/sys/net/core/somaxconn file
[1751140242.485143] [flux-sample-0:3729 :0]            sock.c:513  UCX  WARN  unable to read somaxconn value from /proc/sys/net/core/somaxconn file
[1751140242.476957] [flux-sample-0:3727 :0]            sock.c:513  UCX  WARN  unable to read somaxconn value from /proc/sys/net/core/somaxconn file
[1751140242.473790] [flux-sample-0:3725 :0]            sock.c:513  UCX  WARN  unable to read somaxconn value from /proc/sys/net/core/somaxconn file
[1751140242.481106] [flux-sample-0:3723 :0]            sock.c:513  UCX  WARN  unable to read somaxconn value from /proc/sys/net/core/somaxconn file
[1751140242.477606] [flux-sample-0:3721 :0]            sock.c:513  UCX  WARN  unable to read somaxconn value from /proc/sys/net/core/somaxconn file
[1751140242.480551] [flux-sample-0:3718 :0]            sock.c:513  UCX  WARN  unable to read somaxconn value from /proc/sys/net/core/somaxconn file
[1751140242.426503] [flux-sample-0:3716 :0]            sock.c:513  UCX  WARN  unable to read somaxconn value from /proc/sys/net/core/somaxconn file
[1751140242.322511] [flux-sample-0:3713 :0]            sock.c:513  UCX  WARN  unable to read somaxconn value from /proc/sys/net/core/somaxconn file
[1751140242.328427] [flux-sample-0:3711 :0]            sock.c:513  UCX  WARN  unable to read somaxconn value from /proc/sys/net/core/somaxconn file
[1751140242.323578] [flux-sample-0:3710 :0]            sock.c:513  UCX  WARN  unable to read somaxconn value from /proc/sys/net/core/somaxconn file
[1751140242.401017] [flux-sample-0:3709 :0]            sock.c:513  UCX  WARN  unable to read somaxconn value from /proc/sys/net/core/somaxconn file
[1751140242.328426] [flux-sample-0:3708 :0]            sock.c:513  UCX  WARN  unable to read somaxconn value from /proc/sys/net/core/somaxconn file
[1751140242.428665] [flux-sample-0:3707 :0]            sock.c:513  UCX  WARN  unable to read somaxconn value from /proc/sys/net/core/somaxconn file
[1751140242.373736] [flux-sample-0:3706 :0]            sock.c:513  UCX  WARN  unable to read somaxconn value from /proc/sys/net/core/somaxconn file
[1751140242.342632] [flux-sample-0:3705 :0]            sock.c:513  UCX  WARN  unable to read somaxconn value from /proc/sys/net/core/somaxconn file
[1751140242.343587] [flux-sample-0:3704 :0]            sock.c:513  UCX  WARN  unable to read somaxconn value from /proc/sys/net/core/somaxconn file
[1751140242.439406] [flux-sample-0:3703 :0]            sock.c:513  UCX  WARN  unable to read somaxconn value from /proc/sys/net/core/somaxconn file
[1751140242.392512] [flux-sample-0:3702 :0]            sock.c:513  UCX  WARN  unable to read somaxconn value from /proc/sys/net/core/somaxconn file
[1751140242.458558] [flux-sample-15:1770 :0]            sock.c:513  UCX  WARN  unable to read somaxconn value from /proc/sys/net/core/somaxconn file

[1751140242.456105] [flux-sample-15:1767 :0]            sock.c:513  UCX  WARN  unable to read somaxconn value from /proc/sys/net/core/somaxconn file
# OSU MPI Allreduce Latency Test v7.5
[1751140242.461260] [flux-sample-15:1765 :0]            sock.c:513  UCX  WARN  unable to read somaxconn value from /proc/sys/net/core/somaxconn file
# Datatype: MPI_INT.
[1751140242.449442] [flux-sample-15:1763 :0]            sock.c:513  UCX  WARN  unable to read somaxconn value from /proc/sys/net/core/somaxconn file
# Size       Avg Latency(us)
[1751140242.449442] [flux-sample-15:1761 :0]            sock.c:513  UCX  WARN  unable to read somaxconn value from /proc/sys/net/core/somaxconn file
[1751140242.457124] [flux-sample-15:1759 :0]            sock.c:513  UCX  WARN  unable to read somaxconn value from /proc/sys/net/core/somaxconn file
[1751140242.463075] [flux-sample-15:1757 :0]            sock.c:513  UCX  WARN  unable to read somaxconn value from /proc/sys/net/core/somaxconn file
[1751140242.462269] [flux-sample-15:1755 :0]            sock.c:513  UCX  WARN  unable to read somaxconn value from /proc/sys/net/core/somaxconn file
[1751140242.429543] [flux-sample-6:2578 :0]            sock.c:513  UCX  WARN  unable to read somaxconn value from /proc/sys/net/core/somaxconn file
[1751140242.462268] [flux-sample-15:1753 :0]            sock.c:513  UCX  WARN  unable to read somaxconn value from /proc/sys/net/core/somaxconn file
[1751140242.429543] [flux-sample-6:2572 :0]            sock.c:513  UCX  WARN  unable to read somaxconn value from /proc/sys/net/core/somaxconn file
[1751140242.447762] [flux-sample-15:1751 :0]            sock.c:513  UCX  WARN  unable to read somaxconn value from /proc/sys/net/core/somaxconn file
[1751140242.431170] [flux-sample-6:2582 :0]            sock.c:513  UCX  WARN  unable to read somaxconn value from /proc/sys/net/core/somaxconn file
[1751140242.428746] [flux-sample-7:2641 :0]            sock.c:513  UCX  WARN  unable to read somaxconn value from /proc/sys/net/core/somaxconn file
[1751140242.464333] [flux-sample-15:1749 :0]            sock.c:513  UCX  WARN  unable to read somaxconn value from /proc/sys/net/core/somaxconn file
[1751140242.430677] [flux-sample-6:2581 :0]            sock.c:513  UCX  WARN  unable to read somaxconn value from /proc/sys/net/core/somaxconn file
[1751140242.461364] [flux-sample-7:2639 :0]            sock.c:513  UCX  WARN  unable to read somaxconn value from /proc/sys/net/core/somaxconn file
[1751140242.447762] [flux-sample-15:1747 :0]            sock.c:513  UCX  WARN  unable to read somaxconn value from /proc/sys/net/core/somaxconn file
[1751140242.445502] [flux-sample-6:2575 :0]            sock.c:513  UCX  WARN  unable to read somaxconn value from /proc/sys/net/core/somaxconn file
[1751140242.463929] [flux-sample-7:2636 :0]            sock.c:513  UCX  WARN  unable to read somaxconn value from /proc/sys/net/core/somaxconn file
[1751140242.541726] [flux-sample-16:900  :0]            sock.c:513  UCX  WARN  unable to read somaxconn value from /proc/sys/net/core/somaxconn file
[1751140242.443305] [flux-sample-15:1745 :0]            sock.c:513  UCX  WARN  unable to read somaxconn value from /proc/sys/net/core/somaxconn file
[1751140242.450275] [flux-sample-6:2568 :0]            sock.c:513  UCX  WARN  unable to read somaxconn value from /proc/sys/net/core/somaxconn file
[1751140242.463916] [flux-sample-7:2635 :0]            sock.c:513  UCX  WARN  unable to read somaxconn value from /proc/sys/net/core/somaxconn file
[1751140242.547078] [flux-sample-16:898  :0]            sock.c:513  UCX  WARN  unable to read somaxconn value from /proc/sys/net/core/somaxconn file
[1751140242.476764] [flux-sample-18:900  :0]            sock.c:513  UCX  WARN  unable to read somaxconn value from /proc/sys/net/core/somaxconn file
[1751140242.453783] [flux-sample-21:841  :0]            sock.c:513  UCX  WARN  unable to read somaxconn value from /proc/sys/net/core/somaxconn file
[1751140242.325858] [flux-sample-21:898  :0]            sock.c:513  UCX  WARN  unable to read somaxconn value from /proc/sys/net/core/somaxconn file
[1751140242.446669] [flux-sample-6:2563 :0]            sock.c:513  UCX  WARN  unable to read somaxconn value from /proc/sys/net/core/somaxconn file
[1751140242.462570] [flux-sample-7:2632 :0]            sock.c:513  UCX  WARN  unable to read somaxconn value from /proc/sys/net/core/somaxconn file
[1751140242.543329] [flux-sample-16:896  :0]            sock.c:513  UCX  WARN  unable to read somaxconn value from /proc/sys/net/core/somaxconn file
[1751140242.475273] [flux-sample-18:898  :0]            sock.c:513  UCX  WARN  unable to read somaxconn value from /proc/sys/net/core/somaxconn file
[1751140242.480938] [flux-sample-10:1770 :0]            sock.c:513  UCX  WARN  unable to read somaxconn value from /proc/sys/net/core/somaxconn file
[1751140242.444745] [flux-sample-21:897  :0]            sock.c:513  UCX  WARN  unable to read somaxconn value from /proc/sys/net/core/somaxconn file
[1751140242.233991] [flux-sample-6:2555 :0]            sock.c:513  UCX  WARN  unable to read somaxconn value from /proc/sys/net/core/somaxconn file
[1751140242.462570] [flux-sample-7:2630 :0]            sock.c:513  UCX  WARN  unable to read somaxconn value from /proc/sys/net/core/somaxconn file
[1751140242.549124] [flux-sample-16:894  :0]            sock.c:513  UCX  WARN  unable to read somaxconn value from /proc/sys/net/core/somaxconn file
[1751140242.475275] [flux-sample-18:895  :0]            sock.c:513  UCX  WARN  unable to read somaxconn value from /proc/sys/net/core/somaxconn file
[1751140242.479767] [flux-sample-10:1767 :0]            sock.c:513  UCX  WARN  unable to read somaxconn value from /proc/sys/net/core/somaxconn file
[1751140242.456224] [flux-sample-17:956  :0]            sock.c:513  UCX  WARN  unable to read somaxconn value from /proc/sys/net/core/somaxconn file
[1751140242.339449] [flux-sample-21:895  :0]            sock.c:513  UCX  WARN  unable to read somaxconn value from /proc/sys/net/core/somaxconn file
[1751140242.453082] [flux-sample-6:2640 :0]            sock.c:513  UCX  WARN  unable to read somaxconn value from /proc/sys/net/core/somaxconn file
[1751140242.462568] [flux-sample-7:2628 :0]            sock.c:513  UCX  WARN  unable to read somaxconn value from /proc/sys/net/core/somaxconn file
[1751140242.411280] [flux-sample-16:891  :0]            sock.c:513  UCX  WARN  unable to read somaxconn value from /proc/sys/net/core/somaxconn file
[1751140242.448187] [flux-sample-18:893  :0]            sock.c:513  UCX  WARN  unable to read somaxconn value from /proc/sys/net/core/somaxconn file
[1751140242.458165] [flux-sample-10:1765 :0]            sock.c:513  UCX  WARN  unable to read somaxconn value from /proc/sys/net/core/somaxconn file
[1751140242.456268] [flux-sample-17:954  :0]            sock.c:513  UCX  WARN  unable to read somaxconn value from /proc/sys/net/core/somaxconn file
[1751140242.474738] [flux-sample-19:828  :0]            sock.c:513  UCX  WARN  unable to read somaxconn value from /proc/sys/net/core/somaxconn file
[1751140242.432213] [flux-sample-15:1743 :0]            sock.c:513  UCX  WARN  unable to read somaxconn value from /proc/sys/net/core/somaxconn file
[1751140242.455622] [flux-sample-21:893  :0]            sock.c:513  UCX  WARN  unable to read somaxconn value from /proc/sys/net/core/somaxconn file
[1751140242.426748] [flux-sample-6:2637 :0]            sock.c:513  UCX  WARN  unable to read somaxconn value from /proc/sys/net/core/somaxconn file
[1751140242.461354] [flux-sample-7:2625 :0]            sock.c:513  UCX  WARN  unable to read somaxconn value from /proc/sys/net/core/somaxconn file
[1751140242.370303] [flux-sample-16:889  :0]            sock.c:513  UCX  WARN  unable to read somaxconn value from /proc/sys/net/core/somaxconn file
[1751140242.479408] [flux-sample-18:891  :0]            sock.c:513  UCX  WARN  unable to read somaxconn value from /proc/sys/net/core/somaxconn file
[1751140242.447659] [flux-sample-10:1764 :0]            sock.c:513  UCX  WARN  unable to read somaxconn value from /proc/sys/net/core/somaxconn file
[1751140242.456224] [flux-sample-17:951  :0]            sock.c:513  UCX  WARN  unable to read somaxconn value from /proc/sys/net/core/somaxconn file
[1751140242.474753] [flux-sample-19:826  :0]            sock.c:513  UCX  WARN  unable to read somaxconn value from /proc/sys/net/core/somaxconn file
[1751140242.456120] [flux-sample-15:1741 :0]            sock.c:513  UCX  WARN  unable to read somaxconn value from /proc/sys/net/core/somaxconn file
[1751140242.454892] [flux-sample-21:891  :0]            sock.c:513  UCX  WARN  unable to read somaxconn value from /proc/sys/net/core/somaxconn file
[1751140242.394808] [flux-sample-6:2634 :0]            sock.c:513  UCX  WARN  unable to read somaxconn value from /proc/sys/net/core/somaxconn file
[1751140242.461345] [flux-sample-7:2623 :0]            sock.c:513  UCX  WARN  unable to read somaxconn value from /proc/sys/net/core/somaxconn file
[1751140242.545195] [flux-sample-16:887  :0]            sock.c:513  UCX  WARN  unable to read somaxconn value from /proc/sys/net/core/somaxconn file
[1751140242.476746] [flux-sample-18:889  :0]            sock.c:513  UCX  WARN  unable to read somaxconn value from /proc/sys/net/core/somaxconn file
[1751140242.477885] [flux-sample-10:1761 :0]            sock.c:513  UCX  WARN  unable to read somaxconn value from /proc/sys/net/core/somaxconn file
[1751140242.454470] [flux-sample-17:949  :0]            sock.c:513  UCX  WARN  unable to read somaxconn value from /proc/sys/net/core/somaxconn file
[1751140242.475407] [flux-sample-19:823  :0]            sock.c:513  UCX  WARN  unable to read somaxconn value from /proc/sys/net/core/somaxconn file
[1751140242.339677] [flux-sample-15:1678 :0]            sock.c:513  UCX  WARN  unable to read somaxconn value from /proc/sys/net/core/somaxconn file
[1751140242.454892] [flux-sample-21:889  :0]            sock.c:513  UCX  WARN  unable to read somaxconn value from /proc/sys/net/core/somaxconn file
[1751140242.434983] [flux-sample-6:2633 :0]            sock.c:513  UCX  WARN  unable to read somaxconn value from /proc/sys/net/core/somaxconn file
[1751140242.463990] [flux-sample-7:2621 :0]            sock.c:513  UCX  WARN  unable to read somaxconn value from /proc/sys/net/core/somaxconn file
[1751140242.555050] [flux-sample-16:886  :0]            sock.c:513  UCX  WARN  unable to read somaxconn value from /proc/sys/net/core/somaxconn file
[1751140242.476762] [flux-sample-18:887  :0]            sock.c:513  UCX  WARN  unable to read somaxconn value from /proc/sys/net/core/somaxconn file
[1751140242.446218] [flux-sample-10:1758 :0]            sock.c:513  UCX  WARN  unable to read somaxconn value from /proc/sys/net/core/somaxconn file
[1751140242.454677] [flux-sample-17:947  :0]            sock.c:513  UCX  WARN  unable to read somaxconn value from /proc/sys/net/core/somaxconn file
[1751140242.442833] [flux-sample-19:822  :0]            sock.c:513  UCX  WARN  unable to read somaxconn value from /proc/sys/net/core/somaxconn file
[1751140242.425138] [flux-sample-21:887  :0]            sock.c:513  UCX  WARN  unable to read somaxconn value from /proc/sys/net/core/somaxconn file
[1751140242.405618] [flux-sample-6:2631 :0]            sock.c:513  UCX  WARN  unable to read somaxconn value from /proc/sys/net/core/somaxconn file
[1751140242.440395] [flux-sample-7:2620 :0]            sock.c:513  UCX  WARN  unable to read somaxconn value from /proc/sys/net/core/somaxconn file
[1751140242.540413] [flux-sample-16:884  :0]            sock.c:513  UCX  WARN  unable to read somaxconn value from /proc/sys/net/core/somaxconn file
[1751140242.461475] [flux-sample-18:885  :0]            sock.c:513  UCX  WARN  unable to read somaxconn value from /proc/sys/net/core/somaxconn file
[1751140242.335730] [flux-sample-10:1755 :0]            sock.c:513  UCX  WARN  unable to read somaxconn value from /proc/sys/net/core/somaxconn file
[1751140242.454469] [flux-sample-17:945  :0]            sock.c:513  UCX  WARN  unable to read somaxconn value from /proc/sys/net/core/somaxconn file
[1751140242.353554] [flux-sample-19:819  :0]            sock.c:513  UCX  WARN  unable to read somaxconn value from /proc/sys/net/core/somaxconn file
[1751140242.440481] [flux-sample-22:954  :0]            sock.c:513  UCX  WARN  unable to read somaxconn value from /proc/sys/net/core/somaxconn file
[1751140242.446533] [flux-sample-21:885  :0]            sock.c:513  UCX  WARN  unable to read somaxconn value from /proc/sys/net/core/somaxconn file
[1751140242.370359] [flux-sample-6:2629 :0]            sock.c:513  UCX  WARN  unable to read somaxconn value from /proc/sys/net/core/somaxconn file
[1751140242.438141] [flux-sample-7:2618 :0]            sock.c:513  UCX  WARN  unable to read somaxconn value from /proc/sys/net/core/somaxconn file
[1751140242.417329] [flux-sample-16:882  :0]            sock.c:513  UCX  WARN  unable to read somaxconn value from /proc/sys/net/core/somaxconn file
[1751140242.424990] [flux-sample-18:883  :0]            sock.c:513  UCX  WARN  unable to read somaxconn value from /proc/sys/net/core/somaxconn file
[1751140242.455028] [flux-sample-10:1753 :0]            sock.c:513  UCX  WARN  unable to read somaxconn value from /proc/sys/net/core/somaxconn file
[1751140242.454475] [flux-sample-17:943  :0]            sock.c:513  UCX  WARN  unable to read somaxconn value from /proc/sys/net/core/somaxconn file
[1751140242.442833] [flux-sample-19:817  :0]            sock.c:513  UCX  WARN  unable to read somaxconn value from /proc/sys/net/core/somaxconn file
[1751140242.433359] [flux-sample-22:951  :0]            sock.c:513  UCX  WARN  unable to read somaxconn value from /proc/sys/net/core/somaxconn file
[1751140242.453791] [flux-sample-21:883  :0]            sock.c:513  UCX  WARN  unable to read somaxconn value from /proc/sys/net/core/somaxconn file
[1751140242.363053] [flux-sample-6:2627 :0]            sock.c:513  UCX  WARN  unable to read somaxconn value from /proc/sys/net/core/somaxconn file
[1751140242.469146] [flux-sample-7:2617 :0]            sock.c:513  UCX  WARN  unable to read somaxconn value from /proc/sys/net/core/somaxconn file
[1751140242.550832] [flux-sample-16:880  :0]            sock.c:513  UCX  WARN  unable to read somaxconn value from /proc/sys/net/core/somaxconn file
[1751140242.428592] [flux-sample-18:881  :0]            sock.c:513  UCX  WARN  unable to read somaxconn value from /proc/sys/net/core/somaxconn file
[1751140242.372765] [flux-sample-10:1751 :0]            sock.c:513  UCX  WARN  unable to read somaxconn value from /proc/sys/net/core/somaxconn file
[1751140242.456231] [flux-sample-17:939  :0]            sock.c:513  UCX  WARN  unable to read somaxconn value from /proc/sys/net/core/somaxconn file
[1751140242.341278] [flux-sample-19:816  :0]            sock.c:513  UCX  WARN  unable to read somaxconn value from /proc/sys/net/core/somaxconn file
[1751140242.433346] [flux-sample-22:950  :0]            sock.c:513  UCX  WARN  unable to read somaxconn value from /proc/sys/net/core/somaxconn file
[1751140242.439964] [flux-sample-21:881  :0]            sock.c:513  UCX  WARN  unable to read somaxconn value from /proc/sys/net/core/somaxconn file
[1751140242.363372] [flux-sample-6:2625 :0]            sock.c:513  UCX  WARN  unable to read somaxconn value from /proc/sys/net/core/somaxconn file
[1751140242.433375] [flux-sample-7:2614 :0]            sock.c:513  UCX  WARN  unable to read somaxconn value from /proc/sys/net/core/somaxconn file
[1751140242.412890] [flux-sample-16:876  :0]            sock.c:513  UCX  WARN  unable to read somaxconn value from /proc/sys/net/core/somaxconn file
[1751140242.448189] [flux-sample-18:879  :0]            sock.c:513  UCX  WARN  unable to read somaxconn value from /proc/sys/net/core/somaxconn file
[1751140242.453684] [flux-sample-10:1749 :0]            sock.c:513  UCX  WARN  unable to read somaxconn value from /proc/sys/net/core/somaxconn file
[1751140242.452189] [flux-sample-17:937  :0]            sock.c:513  UCX  WARN  unable to read somaxconn value from /proc/sys/net/core/somaxconn file
[1751140242.468700] [flux-sample-19:815  :0]            sock.c:513  UCX  WARN  unable to read somaxconn value from /proc/sys/net/core/somaxconn file
[1751140242.436851] [flux-sample-22:948  :0]            sock.c:513  UCX  WARN  unable to read somaxconn value from /proc/sys/net/core/somaxconn file
[1751140242.491118] [flux-sample-23:900  :0]            sock.c:513  UCX  WARN  unable to read somaxconn value from /proc/sys/net/core/somaxconn file
[1751140242.438395] [flux-sample-5:2639 :0]            sock.c:513  UCX  WARN  unable to read somaxconn value from /proc/sys/net/core/somaxconn file
[1751140242.443752] [flux-sample-21:879  :0]            sock.c:513  UCX  WARN  unable to read somaxconn value from /proc/sys/net/core/somaxconn file
[1751140242.442272] [flux-sample-6:2623 :0]            sock.c:513  UCX  WARN  unable to read somaxconn value from /proc/sys/net/core/somaxconn file
[1751140242.310538] [flux-sample-7:2612 :0]            sock.c:513  UCX  WARN  unable to read somaxconn value from /proc/sys/net/core/somaxconn file
[1751140242.539865] [flux-sample-16:873  :0]            sock.c:513  UCX  WARN  unable to read somaxconn value from /proc/sys/net/core/somaxconn file
[1751140242.337830] [flux-sample-18:877  :0]            sock.c:513  UCX  WARN  unable to read somaxconn value from /proc/sys/net/core/somaxconn file
[1751140242.370669] [flux-sample-10:1747 :0]            sock.c:513  UCX  WARN  unable to read somaxconn value from /proc/sys/net/core/somaxconn file
[1751140242.453161] [flux-sample-17:935  :0]            sock.c:513  UCX  WARN  unable to read somaxconn value from /proc/sys/net/core/somaxconn file
[1751140242.468700] [flux-sample-19:814  :0]            sock.c:513  UCX  WARN  unable to read somaxconn value from /proc/sys/net/core/somaxconn file
[1751140242.431799] [flux-sample-22:947  :0]            sock.c:513  UCX  WARN  unable to read somaxconn value from /proc/sys/net/core/somaxconn file
[1751140242.480578] [flux-sample-23:898  :0]            sock.c:513  UCX  WARN  unable to read somaxconn value from /proc/sys/net/core/somaxconn file
[1751140242.329029] [flux-sample-5:2637 :0]            sock.c:513  UCX  WARN  unable to read somaxconn value from /proc/sys/net/core/somaxconn file
[1751140242.456664] [flux-sample-21:877  :0]            sock.c:513  UCX  WARN  unable to read somaxconn value from /proc/sys/net/core/somaxconn file
[1751140242.364256] [flux-sample-6:2621 :0]            sock.c:513  UCX  WARN  unable to read somaxconn value from /proc/sys/net/core/somaxconn file
[1751140242.342841] [flux-sample-7:2610 :0]            sock.c:513  UCX  WARN  unable to read somaxconn value from /proc/sys/net/core/somaxconn file
[1751140242.454245] [flux-sample-16:868  :0]            sock.c:513  UCX  WARN  unable to read somaxconn value from /proc/sys/net/core/somaxconn file
[1751140242.303542] [flux-sample-5:2634 :0]            sock.c:513  UCX  WARN  unable to read somaxconn value from /proc/sys/net/core/somaxconn file
[1751140242.464468] [flux-sample-10:1745 :0]            sock.c:513  UCX  WARN  unable to read somaxconn value from /proc/sys/net/core/somaxconn file
[1751140242.451612] [flux-sample-17:930  :0]            sock.c:513  UCX  WARN  unable to read somaxconn value from /proc/sys/net/core/somaxconn file
[1751140242.439595] [flux-sample-19:813  :0]            sock.c:513  UCX  WARN  unable to read somaxconn value from /proc/sys/net/core/somaxconn file
[1751140242.426063] [flux-sample-22:944  :0]            sock.c:513  UCX  WARN  unable to read somaxconn value from /proc/sys/net/core/somaxconn file
[1751140242.396595] [flux-sample-23:895  :0]            sock.c:513  UCX  WARN  unable to read somaxconn value from /proc/sys/net/core/somaxconn file
[1751140242.441037] [flux-sample-21:875  :0]            sock.c:513  UCX  WARN  unable to read somaxconn value from /proc/sys/net/core/somaxconn file
[1751140242.437787] [flux-sample-6:2620 :0]            sock.c:513  UCX  WARN  unable to read somaxconn value from /proc/sys/net/core/somaxconn file
[1751140242.457864] [flux-sample-7:2608 :0]            sock.c:513  UCX  WARN  unable to read somaxconn value from /proc/sys/net/core/somaxconn file
[1751140242.467651] [flux-sample-16:865  :0]            sock.c:513  UCX  WARN  unable to read somaxconn value from /proc/sys/net/core/somaxconn file
[1751140242.344261] [flux-sample-5:2632 :0]            sock.c:513  UCX  WARN  unable to read somaxconn value from /proc/sys/net/core/somaxconn file
[1751140242.374877] [flux-sample-10:1743 :0]            sock.c:513  UCX  WARN  unable to read somaxconn value from /proc/sys/net/core/somaxconn file
[1751140242.390567] [flux-sample-17:928  :0]            sock.c:513  UCX  WARN  unable to read somaxconn value from /proc/sys/net/core/somaxconn file
[1751140242.334410] [flux-sample-19:812  :0]            sock.c:513  UCX  WARN  unable to read somaxconn value from /proc/sys/net/core/somaxconn file
[1751140242.440482] [flux-sample-22:942  :0]            sock.c:513  UCX  WARN  unable to read somaxconn value from /proc/sys/net/core/somaxconn file
[1751140242.474063] [flux-sample-23:893  :0]            sock.c:513  UCX  WARN  unable to read somaxconn value from /proc/sys/net/core/somaxconn file
[1751140242.434454] [flux-sample-21:873  :0]            sock.c:513  UCX  WARN  unable to read somaxconn value from /proc/sys/net/core/somaxconn file
[1751140242.363725] [flux-sample-6:2617 :0]            sock.c:513  UCX  WARN  unable to read somaxconn value from /proc/sys/net/core/somaxconn file
[1751140242.469295] [flux-sample-7:2604 :0]            sock.c:513  UCX  WARN  unable to read somaxconn value from /proc/sys/net/core/somaxconn file
[1751140242.467754] [flux-sample-16:864  :0]            sock.c:513  UCX  WARN  unable to read somaxconn value from /proc/sys/net/core/somaxconn file
[1751140242.446570] [flux-sample-5:2631 :0]            sock.c:513  UCX  WARN  unable to read somaxconn value from /proc/sys/net/core/somaxconn file
[1751140242.390265] [flux-sample-10:1741 :0]            sock.c:513  UCX  WARN  unable to read somaxconn value from /proc/sys/net/core/somaxconn file
[1751140242.387182] [flux-sample-17:926  :0]            sock.c:513  UCX  WARN  unable to read somaxconn value from /proc/sys/net/core/somaxconn file
[1751140242.439595] [flux-sample-19:811  :0]            sock.c:513  UCX  WARN  unable to read somaxconn value from /proc/sys/net/core/somaxconn file
[1751140242.433375] [flux-sample-22:941  :0]            sock.c:513  UCX  WARN  unable to read somaxconn value from /proc/sys/net/core/somaxconn file
[1751140242.479136] [flux-sample-23:890  :0]            sock.c:513  UCX  WARN  unable to read somaxconn value from /proc/sys/net/core/somaxconn file
[1751140242.460504] [flux-sample-14:1773 :0]            sock.c:513  UCX  WARN  unable to read somaxconn value from /proc/sys/net/core/somaxconn file
[1751140242.436425] [flux-sample-21:871  :0]            sock.c:513  UCX  WARN  unable to read somaxconn value from /proc/sys/net/core/somaxconn file
[1751140242.421648] [flux-sample-6:2614 :0]            sock.c:513  UCX  WARN  unable to read somaxconn value from /proc/sys/net/core/somaxconn file
[1751140242.463947] [flux-sample-7:2602 :0]            sock.c:513  UCX  WARN  unable to read somaxconn value from /proc/sys/net/core/somaxconn file
[1751140242.467241] [flux-sample-16:861  :0]            sock.c:513  UCX  WARN  unable to read somaxconn value from /proc/sys/net/core/somaxconn file
[1751140242.452257] [flux-sample-5:2629 :0]            sock.c:513  UCX  WARN  unable to read somaxconn value from /proc/sys/net/core/somaxconn file
[1751140242.428925] [flux-sample-10:1739 :0]            sock.c:513  UCX  WARN  unable to read somaxconn value from /proc/sys/net/core/somaxconn file
[1751140242.384366] [flux-sample-17:925  :0]            sock.c:513  UCX  WARN  unable to read somaxconn value from /proc/sys/net/core/somaxconn file
[1751140242.340756] [flux-sample-19:810  :0]            sock.c:513  UCX  WARN  unable to read somaxconn value from /proc/sys/net/core/somaxconn file
[1751140242.440307] [flux-sample-22:939  :0]            sock.c:513  UCX  WARN  unable to read somaxconn value from /proc/sys/net/core/somaxconn file
[1751140242.466539] [flux-sample-23:888  :0]            sock.c:513  UCX  WARN  unable to read somaxconn value from /proc/sys/net/core/somaxconn file
[1751140242.434689] [flux-sample-14:1771 :0]            sock.c:513  UCX  WARN  unable to read somaxconn value from /proc/sys/net/core/somaxconn file
[1751140242.456663] [flux-sample-21:868  :0]            sock.c:513  UCX  WARN  unable to read somaxconn value from /proc/sys/net/core/somaxconn file
[1751140242.437167] [flux-sample-6:2612 :0]            sock.c:513  UCX  WARN  unable to read somaxconn value from /proc/sys/net/core/somaxconn file
[1751140242.460529] [flux-sample-7:2597 :0]            sock.c:513  UCX  WARN  unable to read somaxconn value from /proc/sys/net/core/somaxconn file
[1751140242.558063] [flux-sample-16:859  :0]            sock.c:513  UCX  WARN  unable to read somaxconn value from /proc/sys/net/core/somaxconn file
[1751140242.456504] [flux-sample-14:1769 :0]            sock.c:513  UCX  WARN  unable to read somaxconn value from /proc/sys/net/core/somaxconn file
[1751140242.456252] [flux-sample-10:1737 :0]            sock.c:513  UCX  WARN  unable to read somaxconn value from /proc/sys/net/core/somaxconn file
[1751140242.384380] [flux-sample-17:920  :0]            sock.c:513  UCX  WARN  unable to read somaxconn value from /proc/sys/net/core/somaxconn file
[1751140242.369120] [flux-sample-19:809  :0]            sock.c:513  UCX  WARN  unable to read somaxconn value from /proc/sys/net/core/somaxconn file
[1751140242.442553] [flux-sample-22:937  :0]            sock.c:513  UCX  WARN  unable to read somaxconn value from /proc/sys/net/core/somaxconn file
[1751140242.476860] [flux-sample-23:886  :0]            sock.c:513  UCX  WARN  unable to read somaxconn value from /proc/sys/net/core/somaxconn file
[1751140242.435210] [flux-sample-21:865  :0]            sock.c:513  UCX  WARN  unable to read somaxconn value from /proc/sys/net/core/somaxconn file
[1751140242.373362] [flux-sample-6:2609 :0]            sock.c:513  UCX  WARN  unable to read somaxconn value from /proc/sys/net/core/somaxconn file
[1751140242.462674] [flux-sample-7:2596 :0]            sock.c:513  UCX  WARN  unable to read somaxconn value from /proc/sys/net/core/somaxconn file
[1751140242.377425] [flux-sample-23:884  :0]            sock.c:513  UCX  WARN  unable to read somaxconn value from /proc/sys/net/core/somaxconn file
[1751140242.452527] [flux-sample-14:1817 :0]            sock.c:513  UCX  WARN  unable to read somaxconn value from /proc/sys/net/core/somaxconn file
[1751140242.474178] [flux-sample-10:1735 :0]            sock.c:513  UCX  WARN  unable to read somaxconn value from /proc/sys/net/core/somaxconn file
[1751140242.376235] [flux-sample-17:911  :0]            sock.c:513  UCX  WARN  unable to read somaxconn value from /proc/sys/net/core/somaxconn file
[1751140242.476461] [flux-sample-19:849  :0]            sock.c:513  UCX  WARN  unable to read somaxconn value from /proc/sys/net/core/somaxconn file
[1751140242.440483] [flux-sample-22:935  :0]            sock.c:513  UCX  WARN  unable to read somaxconn value from /proc/sys/net/core/somaxconn file
[1751140242.435210] [flux-sample-21:862  :0]            sock.c:513  UCX  WARN  unable to read somaxconn value from /proc/sys/net/core/somaxconn file
[1751140242.424911] [flux-sample-6:2607 :0]            sock.c:513  UCX  WARN  unable to read somaxconn value from /proc/sys/net/core/somaxconn file
[1751140242.462571] [flux-sample-7:2593 :0]            sock.c:513  UCX  WARN  unable to read somaxconn value from /proc/sys/net/core/somaxconn file
[1751140242.377425] [flux-sample-23:883  :0]            sock.c:513  UCX  WARN  unable to read somaxconn value from /proc/sys/net/core/somaxconn file
[1751140242.449459] [flux-sample-14:1803 :0]            sock.c:513  UCX  WARN  unable to read somaxconn value from /proc/sys/net/core/somaxconn file
[1751140242.374471] [flux-sample-10:1733 :0]            sock.c:513  UCX  WARN  unable to read somaxconn value from /proc/sys/net/core/somaxconn file
[1751140242.406840] [flux-sample-17:907  :0]            sock.c:513  UCX  WARN  unable to read somaxconn value from /proc/sys/net/core/somaxconn file
[1751140242.478999] [flux-sample-19:847  :0]            sock.c:513  UCX  WARN  unable to read somaxconn value from /proc/sys/net/core/somaxconn file
[1751140242.320626] [flux-sample-22:933  :0]            sock.c:513  UCX  WARN  unable to read somaxconn value from /proc/sys/net/core/somaxconn file
[1751140242.434448] [flux-sample-21:860  :0]            sock.c:513  UCX  WARN  unable to read somaxconn value from /proc/sys/net/core/somaxconn file
[1751140242.428341] [flux-sample-6:2605 :0]            sock.c:513  UCX  WARN  unable to read somaxconn value from /proc/sys/net/core/somaxconn file
[1751140242.441303] [flux-sample-7:2591 :0]            sock.c:513  UCX  WARN  unable to read somaxconn value from /proc/sys/net/core/somaxconn file
[1751140242.452996] [flux-sample-23:881  :0]            sock.c:513  UCX  WARN  unable to read somaxconn value from /proc/sys/net/core/somaxconn file
[1751140242.445091] [flux-sample-14:1766 :0]            sock.c:513  UCX  WARN  unable to read somaxconn value from /proc/sys/net/core/somaxconn file
[1751140242.373856] [flux-sample-10:1730 :0]            sock.c:513  UCX  WARN  unable to read somaxconn value from /proc/sys/net/core/somaxconn file
[1751140242.362076] [flux-sample-17:904  :0]            sock.c:513  UCX  WARN  unable to read somaxconn value from /proc/sys/net/core/somaxconn file
[1751140242.475896] [flux-sample-19:844  :0]            sock.c:513  UCX  WARN  unable to read somaxconn value from /proc/sys/net/core/somaxconn file
[1751140242.432766] [flux-sample-22:931  :0]            sock.c:513  UCX  WARN  unable to read somaxconn value from /proc/sys/net/core/somaxconn file
[1751140242.452531] [flux-sample-15:1738 :0]            sock.c:513  UCX  WARN  unable to read somaxconn value from /proc/sys/net/core/somaxconn file
[1751140242.435390] [flux-sample-21:858  :0]            sock.c:513  UCX  WARN  unable to read somaxconn value from /proc/sys/net/core/somaxconn file
[1751140242.366312] [flux-sample-6:2603 :0]            sock.c:513  UCX  WARN  unable to read somaxconn value from /proc/sys/net/core/somaxconn file
[1751140242.440841] [flux-sample-7:2588 :0]            sock.c:513  UCX  WARN  unable to read somaxconn value from /proc/sys/net/core/somaxconn file
[1751140242.395145] [flux-sample-23:879  :0]            sock.c:513  UCX  WARN  unable to read somaxconn value from /proc/sys/net/core/somaxconn file
[1751140242.468030] [flux-sample-14:1825 :0]            sock.c:513  UCX  WARN  unable to read somaxconn value from /proc/sys/net/core/somaxconn file
[1751140242.461633] [flux-sample-10:1729 :0]            sock.c:513  UCX  WARN  unable to read somaxconn value from /proc/sys/net/core/somaxconn file
[1751140242.357342] [flux-sample-17:902  :0]            sock.c:513  UCX  WARN  unable to read somaxconn value from /proc/sys/net/core/somaxconn file
[1751140242.475897] [flux-sample-19:841  :0]            sock.c:513  UCX  WARN  unable to read somaxconn value from /proc/sys/net/core/somaxconn file
[1751140242.438879] [flux-sample-22:929  :0]            sock.c:513  UCX  WARN  unable to read somaxconn value from /proc/sys/net/core/somaxconn file
[1751140242.433558] [flux-sample-15:1736 :0]            sock.c:513  UCX  WARN  unable to read somaxconn value from /proc/sys/net/core/somaxconn file
[1751140242.477799] [flux-sample-24:899  :0]            sock.c:513  UCX  WARN  unable to read somaxconn value from /proc/sys/net/core/somaxconn file
[1751140242.434448] [flux-sample-21:857  :0]            sock.c:513  UCX  WARN  unable to read somaxconn value from /proc/sys/net/core/somaxconn file
[1751140242.360208] [flux-sample-6:2600 :0]            sock.c:513  UCX  WARN  unable to read somaxconn value from /proc/sys/net/core/somaxconn file
[1751140242.311068] [flux-sample-7:2587 :0]            sock.c:513  UCX  WARN  unable to read somaxconn value from /proc/sys/net/core/somaxconn file
[1751140242.450339] [flux-sample-23:877  :0]            sock.c:513  UCX  WARN  unable to read somaxconn value from /proc/sys/net/core/somaxconn file
[1751140242.457241] [flux-sample-14:1823 :0]            sock.c:513  UCX  WARN  unable to read somaxconn value from /proc/sys/net/core/somaxconn file
[1751140242.463404] [flux-sample-10:1726 :0]            sock.c:513  UCX  WARN  unable to read somaxconn value from /proc/sys/net/core/somaxconn file
[1751140242.447060] [flux-sample-17:900  :0]            sock.c:513  UCX  WARN  unable to read somaxconn value from /proc/sys/net/core/somaxconn file
[1751140242.475381] [flux-sample-19:839  :0]            sock.c:513  UCX  WARN  unable to read somaxconn value from /proc/sys/net/core/somaxconn file
[1751140242.432198] [flux-sample-22:927  :0]            sock.c:513  UCX  WARN  unable to read somaxconn value from /proc/sys/net/core/somaxconn file
[1751140242.444711] [flux-sample-15:1732 :0]            sock.c:513  UCX  WARN  unable to read somaxconn value from /proc/sys/net/core/somaxconn file
[1751140242.481283] [flux-sample-24:896  :0]            sock.c:513  UCX  WARN  unable to read somaxconn value from /proc/sys/net/core/somaxconn file
[1751140242.352266] [flux-sample-21:856  :0]            sock.c:513  UCX  WARN  unable to read somaxconn value from /proc/sys/net/core/somaxconn file
[1751140242.410852] [flux-sample-6:2597 :0]            sock.c:513  UCX  WARN  unable to read somaxconn value from /proc/sys/net/core/somaxconn file
[1751140242.342421] [flux-sample-7:2585 :0]            sock.c:513  UCX  WARN  unable to read somaxconn value from /proc/sys/net/core/somaxconn file
[1751140242.468435] [flux-sample-23:875  :0]            sock.c:513  UCX  WARN  unable to read somaxconn value from /proc/sys/net/core/somaxconn file
[1751140242.455378] [flux-sample-14:1821 :0]            sock.c:513  UCX  WARN  unable to read somaxconn value from /proc/sys/net/core/somaxconn file
[1751140242.475452] [flux-sample-10:1723 :0]            sock.c:513  UCX  WARN  unable to read somaxconn value from /proc/sys/net/core/somaxconn file
[1751140242.396811] [flux-sample-17:898  :0]            sock.c:513  UCX  WARN  unable to read somaxconn value from /proc/sys/net/core/somaxconn file
[1751140242.476882] [flux-sample-19:837  :0]            sock.c:513  UCX  WARN  unable to read somaxconn value from /proc/sys/net/core/somaxconn file
[1751140242.438884] [flux-sample-22:925  :0]            sock.c:513  UCX  WARN  unable to read somaxconn value from /proc/sys/net/core/somaxconn file
[1751140242.446504] [flux-sample-15:1730 :0]            sock.c:513  UCX  WARN  unable to read somaxconn value from /proc/sys/net/core/somaxconn file
[1751140242.481766] [flux-sample-24:895  :0]            sock.c:513  UCX  WARN  unable to read somaxconn value from /proc/sys/net/core/somaxconn file
[1751140242.352267] [flux-sample-21:854  :0]            sock.c:513  UCX  WARN  unable to read somaxconn value from /proc/sys/net/core/somaxconn file
[1751140242.420993] [flux-sample-6:2594 :0]            sock.c:513  UCX  WARN  unable to read somaxconn value from /proc/sys/net/core/somaxconn file
[1751140242.348749] [flux-sample-7:2583 :0]            sock.c:513  UCX  WARN  unable to read somaxconn value from /proc/sys/net/core/somaxconn file
[1751140242.479480] [flux-sample-23:873  :0]            sock.c:513  UCX  WARN  unable to read somaxconn value from /proc/sys/net/core/somaxconn file
[1751140242.452516] [flux-sample-14:1819 :0]            sock.c:513  UCX  WARN  unable to read somaxconn value from /proc/sys/net/core/somaxconn file
[1751140242.475452] [flux-sample-10:1720 :0]            sock.c:513  UCX  WARN  unable to read somaxconn value from /proc/sys/net/core/somaxconn file
[1751140242.363394] [flux-sample-17:896  :0]            sock.c:513  UCX  WARN  unable to read somaxconn value from /proc/sys/net/core/somaxconn file
[1751140242.472763] [flux-sample-19:834  :0]            sock.c:513  UCX  WARN  unable to read somaxconn value from /proc/sys/net/core/somaxconn file
[1751140242.426061] [flux-sample-22:922  :0]            sock.c:513  UCX  WARN  unable to read somaxconn value from /proc/sys/net/core/somaxconn file
[1751140242.455292] [flux-sample-15:1727 :0]            sock.c:513  UCX  WARN  unable to read somaxconn value from /proc/sys/net/core/somaxconn file
[1751140242.481124] [flux-sample-24:894  :0]            sock.c:513  UCX  WARN  unable to read somaxconn value from /proc/sys/net/core/somaxconn file
[1751140242.444753] [flux-sample-21:853  :0]            sock.c:513  UCX  WARN  unable to read somaxconn value from /proc/sys/net/core/somaxconn file
[1751140242.391506] [flux-sample-6:2593 :0]            sock.c:513  UCX  WARN  unable to read somaxconn value from /proc/sys/net/core/somaxconn file
[1751140242.341648] [flux-sample-7:2582 :0]            sock.c:513  UCX  WARN  unable to read somaxconn value from /proc/sys/net/core/somaxconn file
[1751140242.473299] [flux-sample-23:870  :0]            sock.c:513  UCX  WARN  unable to read somaxconn value from /proc/sys/net/core/somaxconn file
[1751140242.455777] [flux-sample-14:1815 :0]            sock.c:513  UCX  WARN  unable to read somaxconn value from /proc/sys/net/core/somaxconn file
[1751140242.479768] [flux-sample-10:1718 :0]            sock.c:513  UCX  WARN  unable to read somaxconn value from /proc/sys/net/core/somaxconn file
[1751140242.375061] [flux-sample-17:893  :0]            sock.c:513  UCX  WARN  unable to read somaxconn value from /proc/sys/net/core/somaxconn file
[1751140242.469154] [flux-sample-19:833  :0]            sock.c:513  UCX  WARN  unable to read somaxconn value from /proc/sys/net/core/somaxconn file
[1751140242.426641] [flux-sample-22:918  :0]            sock.c:513  UCX  WARN  unable to read somaxconn value from /proc/sys/net/core/somaxconn file
[1751140242.456119] [flux-sample-15:1725 :0]            sock.c:513  UCX  WARN  unable to read somaxconn value from /proc/sys/net/core/somaxconn file
[1751140242.490170] [flux-sample-24:892  :0]            sock.c:513  UCX  WARN  unable to read somaxconn value from /proc/sys/net/core/somaxconn file
[1751140242.455597] [flux-sample-21:850  :0]            sock.c:513  UCX  WARN  unable to read somaxconn value from /proc/sys/net/core/somaxconn file
[1751140242.353986] [flux-sample-6:2590 :0]            sock.c:513  UCX  WARN  unable to read somaxconn value from /proc/sys/net/core/somaxconn file
[1751140242.337696] [flux-sample-7:2580 :0]            sock.c:513  UCX  WARN  unable to read somaxconn value from /proc/sys/net/core/somaxconn file
[1751140242.421480] [flux-sample-23:868  :0]            sock.c:513  UCX  WARN  unable to read somaxconn value from /proc/sys/net/core/somaxconn file
[1751140242.418176] [flux-sample-14:1814 :0]            sock.c:513  UCX  WARN  unable to read somaxconn value from /proc/sys/net/core/somaxconn file
[1751140242.479768] [flux-sample-10:1716 :0]            sock.c:513  UCX  WARN  unable to read somaxconn value from /proc/sys/net/core/somaxconn file
[1751140242.447450] [flux-sample-17:891  :0]            sock.c:513  UCX  WARN  unable to read somaxconn value from /proc/sys/net/core/somaxconn file
[1751140242.472763] [flux-sample-19:830  :0]            sock.c:513  UCX  WARN  unable to read somaxconn value from /proc/sys/net/core/somaxconn file
[1751140242.434926] [flux-sample-22:916  :0]            sock.c:513  UCX  WARN  unable to read somaxconn value from /proc/sys/net/core/somaxconn file
[1751140242.423926] [flux-sample-15:1723 :0]            sock.c:513  UCX  WARN  unable to read somaxconn value from /proc/sys/net/core/somaxconn file
[1751140242.485789] [flux-sample-24:889  :0]            sock.c:513  UCX  WARN  unable to read somaxconn value from /proc/sys/net/core/somaxconn file
[1751140242.456628] [flux-sample-21:846  :0]            sock.c:513  UCX  WARN  unable to read somaxconn value from /proc/sys/net/core/somaxconn file
[1751140242.397753] [flux-sample-6:2588 :0]            sock.c:513  UCX  WARN  unable to read somaxconn value from /proc/sys/net/core/somaxconn file
[1751140242.337496] [flux-sample-7:2578 :0]            sock.c:513  UCX  WARN  unable to read somaxconn value from /proc/sys/net/core/somaxconn file
[1751140242.477862] [flux-sample-23:866  :0]            sock.c:513  UCX  WARN  unable to read somaxconn value from /proc/sys/net/core/somaxconn file
[1751140242.423421] [flux-sample-14:1811 :0]            sock.c:513  UCX  WARN  unable to read somaxconn value from /proc/sys/net/core/somaxconn file
[1751140242.463190] [flux-sample-10:1713 :0]            sock.c:513  UCX  WARN  unable to read somaxconn value from /proc/sys/net/core/somaxconn file
[1751140242.456249] [flux-sample-17:889  :0]            sock.c:513  UCX  WARN  unable to read somaxconn value from /proc/sys/net/core/somaxconn file
[1751140242.469871] [flux-sample-19:899  :0]            sock.c:513  UCX  WARN  unable to read somaxconn value from /proc/sys/net/core/somaxconn file
[1751140242.440494] [flux-sample-22:914  :0]            sock.c:513  UCX  WARN  unable to read somaxconn value from /proc/sys/net/core/somaxconn file
[1751140242.343837] [flux-sample-15:1721 :0]            sock.c:513  UCX  WARN  unable to read somaxconn value from /proc/sys/net/core/somaxconn file
[1751140242.480009] [flux-sample-24:888  :0]            sock.c:513  UCX  WARN  unable to read somaxconn value from /proc/sys/net/core/somaxconn file
[1751140242.456628] [flux-sample-21:843  :0]            sock.c:513  UCX  WARN  unable to read somaxconn value from /proc/sys/net/core/somaxconn file
[1751140242.434569] [flux-sample-6:2587 :0]            sock.c:513  UCX  WARN  unable to read somaxconn value from /proc/sys/net/core/somaxconn file
[1751140242.351314] [flux-sample-7:2576 :0]            sock.c:513  UCX  WARN  unable to read somaxconn value from /proc/sys/net/core/somaxconn file
[1751140242.392331] [flux-sample-23:863  :0]            sock.c:513  UCX  WARN  unable to read somaxconn value from /proc/sys/net/core/somaxconn file
[1751140242.418759] [flux-sample-14:1809 :0]            sock.c:513  UCX  WARN  unable to read somaxconn value from /proc/sys/net/core/somaxconn file
[1751140242.466486] [flux-sample-10:1712 :0]            sock.c:513  UCX  WARN  unable to read somaxconn value from /proc/sys/net/core/somaxconn file
[1751140242.447450] [flux-sample-17:887  :0]            sock.c:513  UCX  WARN  unable to read somaxconn value from /proc/sys/net/core/somaxconn file
[1751140242.341279] [flux-sample-19:897  :0]            sock.c:513  UCX  WARN  unable to read somaxconn value from /proc/sys/net/core/somaxconn file
[1751140242.320628] [flux-sample-22:912  :0]            sock.c:513  UCX  WARN  unable to read somaxconn value from /proc/sys/net/core/somaxconn file
[1751140242.354733] [flux-sample-15:1719 :0]            sock.c:513  UCX  WARN  unable to read somaxconn value from /proc/sys/net/core/somaxconn file
[1751140242.481754] [flux-sample-24:886  :0]            sock.c:513  UCX  WARN  unable to read somaxconn value from /proc/sys/net/core/somaxconn file
[1751140242.461617] [flux-sample-20:899  :0]            sock.c:513  UCX  WARN  unable to read somaxconn value from /proc/sys/net/core/somaxconn file
[1751140242.428045] [flux-sample-18:875  :0]            sock.c:513  UCX  WARN  unable to read somaxconn value from /proc/sys/net/core/somaxconn file
[1751140242.453791] [flux-sample-21:838  :0]            sock.c:513  UCX  WARN  unable to read somaxconn value from /proc/sys/net/core/somaxconn file
[1751140242.436657] [flux-sample-6:2586 :0]            sock.c:513  UCX  WARN  unable to read somaxconn value from /proc/sys/net/core/somaxconn file
[1751140242.463996] [flux-sample-7:2573 :0]            sock.c:513  UCX  WARN  unable to read somaxconn value from /proc/sys/net/core/somaxconn file
[1751140242.446143] [flux-sample-23:862  :0]            sock.c:513  UCX  WARN  unable to read somaxconn value from /proc/sys/net/core/somaxconn file
[1751140242.454611] [flux-sample-14:1807 :0]            sock.c:513  UCX  WARN  unable to read somaxconn value from /proc/sys/net/core/somaxconn file
[1751140242.373873] [flux-sample-10:1710 :0]            sock.c:513  UCX  WARN  unable to read somaxconn value from /proc/sys/net/core/somaxconn file
[1751140242.456268] [flux-sample-17:884  :0]            sock.c:513  UCX  WARN  unable to read somaxconn value from /proc/sys/net/core/somaxconn file
[1751140242.373235] [flux-sample-19:895  :0]            sock.c:513  UCX  WARN  unable to read somaxconn value from /proc/sys/net/core/somaxconn file
[1751140242.423959] [flux-sample-22:910  :0]            sock.c:513  UCX  WARN  unable to read somaxconn value from /proc/sys/net/core/somaxconn file
[1751140242.344905] [flux-sample-15:1717 :0]            sock.c:513  UCX  WARN  unable to read somaxconn value from /proc/sys/net/core/somaxconn file
[1751140242.482246] [flux-sample-24:883  :0]            sock.c:513  UCX  WARN  unable to read somaxconn value from /proc/sys/net/core/somaxconn file
[1751140242.447386] [flux-sample-20:896  :0]            sock.c:513  UCX  WARN  unable to read somaxconn value from /proc/sys/net/core/somaxconn file
[1751140242.426490] [flux-sample-18:873  :0]            sock.c:513  UCX  WARN  unable to read somaxconn value from /proc/sys/net/core/somaxconn file
[1751140242.452125] [flux-sample-2:3510 :0]            sock.c:513  UCX  WARN  unable to read somaxconn value from /proc/sys/net/core/somaxconn file
[1751140242.331727] [flux-sample-5:2627 :0]            sock.c:513  UCX  WARN  unable to read somaxconn value from /proc/sys/net/core/somaxconn file
[1751140242.453773] [flux-sample-21:835  :0]            sock.c:513  UCX  WARN  unable to read somaxconn value from /proc/sys/net/core/somaxconn file
[1751140242.435404] [flux-sample-6:2585 :0]            sock.c:513  UCX  WARN  unable to read somaxconn value from /proc/sys/net/core/somaxconn file
[1751140242.351314] [flux-sample-7:2571 :0]            sock.c:513  UCX  WARN  unable to read somaxconn value from /proc/sys/net/core/somaxconn file
[1751140242.475457] [flux-sample-23:859  :0]            sock.c:513  UCX  WARN  unable to read somaxconn value from /proc/sys/net/core/somaxconn file
[1751140242.460620] [flux-sample-14:1801 :0]            sock.c:513  UCX  WARN  unable to read somaxconn value from /proc/sys/net/core/somaxconn file
[1751140242.460005] [flux-sample-10:1707 :0]            sock.c:513  UCX  WARN  unable to read somaxconn value from /proc/sys/net/core/somaxconn file
[1751140242.447030] [flux-sample-17:883  :0]            sock.c:513  UCX  WARN  unable to read somaxconn value from /proc/sys/net/core/somaxconn file
[1751140242.467133] [flux-sample-19:893  :0]            sock.c:513  UCX  WARN  unable to read somaxconn value from /proc/sys/net/core/somaxconn file
[1751140242.440498] [flux-sample-22:909  :0]            sock.c:513  UCX  WARN  unable to read somaxconn value from /proc/sys/net/core/somaxconn file
[1751140242.373972] [flux-sample-15:1716 :0]            sock.c:513  UCX  WARN  unable to read somaxconn value from /proc/sys/net/core/somaxconn file
[1751140242.477270] [flux-sample-24:881  :0]            sock.c:513  UCX  WARN  unable to read somaxconn value from /proc/sys/net/core/somaxconn file
[1751140242.452200] [flux-sample-20:895  :0]            sock.c:513  UCX  WARN  unable to read somaxconn value from /proc/sys/net/core/somaxconn file
[1751140242.482849] [flux-sample-18:869  :0]            sock.c:513  UCX  WARN  unable to read somaxconn value from /proc/sys/net/core/somaxconn file
[1751140242.454844] [flux-sample-2:3507 :0]            sock.c:513  UCX  WARN  unable to read somaxconn value from /proc/sys/net/core/somaxconn file
[1751140242.438397] [flux-sample-5:2625 :0]            sock.c:513  UCX  WARN  unable to read somaxconn value from /proc/sys/net/core/somaxconn file
[1751140242.454881] [flux-sample-21:833  :0]            sock.c:513  UCX  WARN  unable to read somaxconn value from /proc/sys/net/core/somaxconn file
[1751140242.441362] [flux-sample-6:2584 :0]            sock.c:513  UCX  WARN  unable to read somaxconn value from /proc/sys/net/core/somaxconn file
[1751140242.342172] [flux-sample-7:2569 :0]            sock.c:513  UCX  WARN  unable to read somaxconn value from /proc/sys/net/core/somaxconn file
[1751140242.473191] [flux-sample-23:857  :0]            sock.c:513  UCX  WARN  unable to read somaxconn value from /proc/sys/net/core/somaxconn file
[1751140242.459883] [flux-sample-14:1799 :0]            sock.c:513  UCX  WARN  unable to read somaxconn value from /proc/sys/net/core/somaxconn file
[1751140242.439580] [flux-sample-10:1705 :0]            sock.c:513  UCX  WARN  unable to read somaxconn value from /proc/sys/net/core/somaxconn file
[1751140242.450757] [flux-sample-17:880  :0]            sock.c:513  UCX  WARN  unable to read somaxconn value from /proc/sys/net/core/somaxconn file
[1751140242.470931] [flux-sample-19:891  :0]            sock.c:513  UCX  WARN  unable to read somaxconn value from /proc/sys/net/core/somaxconn file
[1751140242.320628] [flux-sample-22:906  :0]            sock.c:513  UCX  WARN  unable to read somaxconn value from /proc/sys/net/core/somaxconn file
[1751140242.373847] [flux-sample-15:1712 :0]            sock.c:513  UCX  WARN  unable to read somaxconn value from /proc/sys/net/core/somaxconn file
[1751140242.480153] [flux-sample-24:879  :0]            sock.c:513  UCX  WARN  unable to read somaxconn value from /proc/sys/net/core/somaxconn file
[1751140242.453211] [flux-sample-20:894  :0]            sock.c:513  UCX  WARN  unable to read somaxconn value from /proc/sys/net/core/somaxconn file
[1751140242.431722] [flux-sample-18:867  :0]            sock.c:513  UCX  WARN  unable to read somaxconn value from /proc/sys/net/core/somaxconn file
[1751140242.473629] [flux-sample-2:3504 :0]            sock.c:513  UCX  WARN  unable to read somaxconn value from /proc/sys/net/core/somaxconn file
[1751140242.343272] [flux-sample-5:2623 :0]            sock.c:513  UCX  WARN  unable to read somaxconn value from /proc/sys/net/core/somaxconn file
[1751140242.442546] [flux-sample-21:832  :0]            sock.c:513  UCX  WARN  unable to read somaxconn value from /proc/sys/net/core/somaxconn file
[1751140242.429542] [flux-sample-6:2565 :0]            sock.c:513  UCX  WARN  unable to read somaxconn value from /proc/sys/net/core/somaxconn file
[1751140242.342172] [flux-sample-7:2566 :0]            sock.c:513  UCX  WARN  unable to read somaxconn value from /proc/sys/net/core/somaxconn file
[1751140242.433506] [flux-sample-23:854  :0]            sock.c:513  UCX  WARN  unable to read somaxconn value from /proc/sys/net/core/somaxconn file
[1751140242.458195] [flux-sample-14:1797 :0]            sock.c:513  UCX  WARN  unable to read somaxconn value from /proc/sys/net/core/somaxconn file
[1751140242.481181] [flux-sample-10:1702 :0]            sock.c:513  UCX  WARN  unable to read somaxconn value from /proc/sys/net/core/somaxconn file
[1751140242.363605] [flux-sample-17:878  :0]            sock.c:513  UCX  WARN  unable to read somaxconn value from /proc/sys/net/core/somaxconn file
[1751140242.469836] [flux-sample-19:889  :0]            sock.c:513  UCX  WARN  unable to read somaxconn value from /proc/sys/net/core/somaxconn file
[1751140242.440507] [flux-sample-22:904  :0]            sock.c:513  UCX  WARN  unable to read somaxconn value from /proc/sys/net/core/somaxconn file
[1751140242.371671] [flux-sample-15:1711 :0]            sock.c:513  UCX  WARN  unable to read somaxconn value from /proc/sys/net/core/somaxconn file
[1751140242.480000] [flux-sample-24:877  :0]            sock.c:513  UCX  WARN  unable to read somaxconn value from /proc/sys/net/core/somaxconn file
[1751140242.475933] [flux-sample-20:891  :0]            sock.c:513  UCX  WARN  unable to read somaxconn value from /proc/sys/net/core/somaxconn file
[1751140242.419180] [flux-sample-18:864  :0]            sock.c:513  UCX  WARN  unable to read somaxconn value from /proc/sys/net/core/somaxconn file
[1751140242.471616] [flux-sample-2:3502 :0]            sock.c:513  UCX  WARN  unable to read somaxconn value from /proc/sys/net/core/somaxconn file
[1751140242.459762] [flux-sample-5:2621 :0]            sock.c:513  UCX  WARN  unable to read somaxconn value from /proc/sys/net/core/somaxconn file
[1751140242.453053] [flux-sample-21:830  :0]            sock.c:513  UCX  WARN  unable to read somaxconn value from /proc/sys/net/core/somaxconn file
[1751140242.306287] [flux-sample-6:2562 :0]            sock.c:513  UCX  WARN  unable to read somaxconn value from /proc/sys/net/core/somaxconn file
[1751140242.342174] [flux-sample-7:2564 :0]            sock.c:513  UCX  WARN  unable to read somaxconn value from /proc/sys/net/core/somaxconn file
[1751140242.389334] [flux-sample-23:851  :0]            sock.c:513  UCX  WARN  unable to read somaxconn value from /proc/sys/net/core/somaxconn file
[1751140242.441015] [flux-sample-14:1794 :0]            sock.c:513  UCX  WARN  unable to read somaxconn value from /proc/sys/net/core/somaxconn file
[1751140242.444094] [flux-sample-10:1700 :0]            sock.c:513  UCX  WARN  unable to read somaxconn value from /proc/sys/net/core/somaxconn file
[1751140242.390557] [flux-sample-17:876  :0]            sock.c:513  UCX  WARN  unable to read somaxconn value from /proc/sys/net/core/somaxconn file
[1751140242.467465] [flux-sample-19:888  :0]            sock.c:513  UCX  WARN  unable to read somaxconn value from /proc/sys/net/core/somaxconn file
[1751140242.444595] [flux-sample-22:902  :0]            sock.c:513  UCX  WARN  unable to read somaxconn value from /proc/sys/net/core/somaxconn file
[1751140242.402293] [flux-sample-15:1710 :0]            sock.c:513  UCX  WARN  unable to read somaxconn value from /proc/sys/net/core/somaxconn file
[1751140242.479404] [flux-sample-24:874  :0]            sock.c:513  UCX  WARN  unable to read somaxconn value from /proc/sys/net/core/somaxconn file
[1751140242.473133] [flux-sample-20:889  :0]            sock.c:513  UCX  WARN  unable to read somaxconn value from /proc/sys/net/core/somaxconn file
[1751140242.449480] [flux-sample-18:861  :0]            sock.c:513  UCX  WARN  unable to read somaxconn value from /proc/sys/net/core/somaxconn file
[1751140242.454414] [flux-sample-2:3500 :0]            sock.c:513  UCX  WARN  unable to read somaxconn value from /proc/sys/net/core/somaxconn file
[1751140242.438397] [flux-sample-5:2619 :0]            sock.c:513  UCX  WARN  unable to read somaxconn value from /proc/sys/net/core/somaxconn file
[1751140242.487040] [flux-sample-4:2640 :0]            sock.c:513  UCX  WARN  unable to read somaxconn value from /proc/sys/net/core/somaxconn file
[1751140242.463337] [flux-sample-11:1826 :0]            sock.c:513  UCX  WARN  unable to read somaxconn value from /proc/sys/net/core/somaxconn file
[1751140242.438759] [flux-sample-25:875  :0]            sock.c:513  UCX  WARN  unable to read somaxconn value from /proc/sys/net/core/somaxconn file
[1751140242.384539] [flux-sample-13:1770 :0]            sock.c:513  UCX  WARN  unable to read somaxconn value from /proc/sys/net/core/somaxconn file
[1751140242.447263] [flux-sample-8:1825 :0]            sock.c:513  UCX  WARN  unable to read somaxconn value from /proc/sys/net/core/somaxconn file
[1751140242.494871] [flux-sample-9:1766 :0]            sock.c:513  UCX  WARN  unable to read somaxconn value from /proc/sys/net/core/somaxconn file
[1751140242.465964] [flux-sample-30:900  :0]            sock.c:513  UCX  WARN  unable to read somaxconn value from /proc/sys/net/core/somaxconn file
[1751140242.444063] [flux-sample-31:849  :0]            sock.c:513  UCX  WARN  unable to read somaxconn value from /proc/sys/net/core/somaxconn file
[1751140242.475665] [flux-sample-29:955  :0]            sock.c:513  UCX  WARN  unable to read somaxconn value from /proc/sys/net/core/somaxconn file
[1751140242.475237] [flux-sample-26:955  :0]            sock.c:513  UCX  WARN  unable to read somaxconn value from /proc/sys/net/core/somaxconn file
[1751140242.434139] [flux-sample-1:3566 :0]            sock.c:513  UCX  WARN  unable to read somaxconn value from /proc/sys/net/core/somaxconn file
[1751140242.429587] [flux-sample-3:3508 :0]            sock.c:513  UCX  WARN  unable to read somaxconn value from /proc/sys/net/core/somaxconn file
[1751140242.465032] [flux-sample-28:900  :0]            sock.c:513  UCX  WARN  unable to read somaxconn value from /proc/sys/net/core/somaxconn file
[1751140242.424330] [flux-sample-27:890  :0]            sock.c:513  UCX  WARN  unable to read somaxconn value from /proc/sys/net/core/somaxconn file
[1751140242.436844] [flux-sample-16:857  :0]            sock.c:513  UCX  WARN  unable to read somaxconn value from /proc/sys/net/core/somaxconn file
[1751140242.402202] [flux-sample-12:1756 :0]            sock.c:513  UCX  WARN  unable to read somaxconn value from /proc/sys/net/core/somaxconn file
[1751140242.449031] [flux-sample-21:829  :0]            sock.c:513  UCX  WARN  unable to read somaxconn value from /proc/sys/net/core/somaxconn file
[1751140242.242614] [flux-sample-6:2560 :0]            sock.c:513  UCX  WARN  unable to read somaxconn value from /proc/sys/net/core/somaxconn file
[1751140242.463911] [flux-sample-7:2562 :0]            sock.c:513  UCX  WARN  unable to read somaxconn value from /proc/sys/net/core/somaxconn file
[1751140242.389962] [flux-sample-23:849  :0]            sock.c:513  UCX  WARN  unable to read somaxconn value from /proc/sys/net/core/somaxconn file
[1751140242.461382] [flux-sample-14:1790 :0]            sock.c:513  UCX  WARN  unable to read somaxconn value from /proc/sys/net/core/somaxconn file
[1751140242.338158] [flux-sample-10:1698 :0]            sock.c:513  UCX  WARN  unable to read somaxconn value from /proc/sys/net/core/somaxconn file
[1751140242.357303] [flux-sample-17:873  :0]            sock.c:513  UCX  WARN  unable to read somaxconn value from /proc/sys/net/core/somaxconn file
[1751140242.471522] [flux-sample-19:886  :0]            sock.c:513  UCX  WARN  unable to read somaxconn value from /proc/sys/net/core/somaxconn file
[1751140242.423057] [flux-sample-22:900  :0]            sock.c:513  UCX  WARN  unable to read somaxconn value from /proc/sys/net/core/somaxconn file
[1751140242.344903] [flux-sample-15:1708 :0]            sock.c:513  UCX  WARN  unable to read somaxconn value from /proc/sys/net/core/somaxconn file
[1751140242.479404] [flux-sample-24:872  :0]            sock.c:513  UCX  WARN  unable to read somaxconn value from /proc/sys/net/core/somaxconn file
[1751140242.451486] [flux-sample-20:887  :0]            sock.c:513  UCX  WARN  unable to read somaxconn value from /proc/sys/net/core/somaxconn file
[1751140242.456420] [flux-sample-18:859  :0]            sock.c:513  UCX  WARN  unable to read somaxconn value from /proc/sys/net/core/somaxconn file
[1751140242.474295] [flux-sample-2:3499 :0]            sock.c:513  UCX  WARN  unable to read somaxconn value from /proc/sys/net/core/somaxconn file
[1751140242.436425] [flux-sample-5:2617 :0]            sock.c:513  UCX  WARN  unable to read somaxconn value from /proc/sys/net/core/somaxconn file
[1751140242.482871] [flux-sample-4:2638 :0]            sock.c:513  UCX  WARN  unable to read somaxconn value from /proc/sys/net/core/somaxconn file
[1751140242.461726] [flux-sample-11:1824 :0]            sock.c:513  UCX  WARN  unable to read somaxconn value from /proc/sys/net/core/somaxconn file
[1751140242.438268] [flux-sample-25:873  :0]            sock.c:513  UCX  WARN  unable to read somaxconn value from /proc/sys/net/core/somaxconn file
[1751140242.408425] [flux-sample-13:1767 :0]            sock.c:513  UCX  WARN  unable to read somaxconn value from /proc/sys/net/core/somaxconn file
[1751140242.452475] [flux-sample-8:1824 :0]            sock.c:513  UCX  WARN  unable to read somaxconn value from /proc/sys/net/core/somaxconn file
[1751140242.481550] [flux-sample-9:1765 :0]            sock.c:513  UCX  WARN  unable to read somaxconn value from /proc/sys/net/core/somaxconn file
[1751140242.460336] [flux-sample-30:898  :0]            sock.c:513  UCX  WARN  unable to read somaxconn value from /proc/sys/net/core/somaxconn file
[1751140242.447235] [flux-sample-31:847  :0]            sock.c:513  UCX  WARN  unable to read somaxconn value from /proc/sys/net/core/somaxconn file
[1751140242.474644] [flux-sample-29:952  :0]            sock.c:513  UCX  WARN  unable to read somaxconn value from /proc/sys/net/core/somaxconn file
[1751140242.474735] [flux-sample-26:953  :0]            sock.c:513  UCX  WARN  unable to read somaxconn value from /proc/sys/net/core/somaxconn file
[1751140242.435772] [flux-sample-1:3564 :0]            sock.c:513  UCX  WARN  unable to read somaxconn value from /proc/sys/net/core/somaxconn file
[1751140242.429587] [flux-sample-3:3506 :0]            sock.c:513  UCX  WARN  unable to read somaxconn value from /proc/sys/net/core/somaxconn file
[1751140242.467962] [flux-sample-28:897  :0]            sock.c:513  UCX  WARN  unable to read somaxconn value from /proc/sys/net/core/somaxconn file
[1751140242.450461] [flux-sample-27:888  :0]            sock.c:513  UCX  WARN  unable to read somaxconn value from /proc/sys/net/core/somaxconn file
[1751140242.539861] [flux-sample-16:855  :0]            sock.c:513  UCX  WARN  unable to read somaxconn value from /proc/sys/net/core/somaxconn file
[1751140242.431705] [flux-sample-12:1754 :0]            sock.c:513  UCX  WARN  unable to read somaxconn value from /proc/sys/net/core/somaxconn file
[1751140242.439965] [flux-sample-21:827  :0]            sock.c:513  UCX  WARN  unable to read somaxconn value from /proc/sys/net/core/somaxconn file
[1751140242.268876] [flux-sample-6:2557 :0]            sock.c:513  UCX  WARN  unable to read somaxconn value from /proc/sys/net/core/somaxconn file
[1751140242.443216] [flux-sample-7:2559 :0]            sock.c:513  UCX  WARN  unable to read somaxconn value from /proc/sys/net/core/somaxconn file
[1751140242.512948] [flux-sample-23:846  :0]            sock.c:513  UCX  WARN  unable to read somaxconn value from /proc/sys/net/core/somaxconn file
[1751140242.461382] [flux-sample-14:1788 :0]            sock.c:513  UCX  WARN  unable to read somaxconn value from /proc/sys/net/core/somaxconn file
[1751140242.336649] [flux-sample-10:1695 :0]            sock.c:513  UCX  WARN  unable to read somaxconn value from /proc/sys/net/core/somaxconn file
[1751140242.388535] [flux-sample-17:872  :0]            sock.c:513  UCX  WARN  unable to read somaxconn value from /proc/sys/net/core/somaxconn file
[1751140242.451445] [flux-sample-19:883  :0]            sock.c:513  UCX  WARN  unable to read somaxconn value from /proc/sys/net/core/somaxconn file
[1751140242.440507] [flux-sample-22:899  :0]            sock.c:513  UCX  WARN  unable to read somaxconn value from /proc/sys/net/core/somaxconn file
[1751140242.433428] [flux-sample-15:1705 :0]            sock.c:513  UCX  WARN  unable to read somaxconn value from /proc/sys/net/core/somaxconn file
[1751140242.484370] [flux-sample-24:869  :0]            sock.c:513  UCX  WARN  unable to read somaxconn value from /proc/sys/net/core/somaxconn file
[1751140242.483368] [flux-sample-20:885  :0]            sock.c:513  UCX  WARN  unable to read somaxconn value from /proc/sys/net/core/somaxconn file
[1751140242.478541] [flux-sample-18:857  :0]            sock.c:513  UCX  WARN  unable to read somaxconn value from /proc/sys/net/core/somaxconn file
[1751140242.435418] [flux-sample-2:3497 :0]            sock.c:513  UCX  WARN  unable to read somaxconn value from /proc/sys/net/core/somaxconn file
[1751140242.437538] [flux-sample-5:2615 :0]            sock.c:513  UCX  WARN  unable to read somaxconn value from /proc/sys/net/core/somaxconn file
[1751140242.480821] [flux-sample-4:2635 :0]            sock.c:513  UCX  WARN  unable to read somaxconn value from /proc/sys/net/core/somaxconn file
[1751140242.488561] [flux-sample-11:1821 :0]            sock.c:513  UCX  WARN  unable to read somaxconn value from /proc/sys/net/core/somaxconn file
[1751140242.446870] [flux-sample-25:871  :0]            sock.c:513  UCX  WARN  unable to read somaxconn value from /proc/sys/net/core/somaxconn file
[1751140242.416643] [flux-sample-13:1765 :0]            sock.c:513  UCX  WARN  unable to read somaxconn value from /proc/sys/net/core/somaxconn file
[1751140242.445317] [flux-sample-8:1821 :0]            sock.c:513  UCX  WARN  unable to read somaxconn value from /proc/sys/net/core/somaxconn file
[1751140242.486066] [flux-sample-9:1764 :0]            sock.c:513  UCX  WARN  unable to read somaxconn value from /proc/sys/net/core/somaxconn file
[1751140242.461376] [flux-sample-30:895  :0]            sock.c:513  UCX  WARN  unable to read somaxconn value from /proc/sys/net/core/somaxconn file
[1751140242.447255] [flux-sample-31:843  :0]            sock.c:513  UCX  WARN  unable to read somaxconn value from /proc/sys/net/core/somaxconn file
[1751140242.458101] [flux-sample-29:951  :0]            sock.c:513  UCX  WARN  unable to read somaxconn value from /proc/sys/net/core/somaxconn file
[1751140242.481089] [flux-sample-26:951  :0]            sock.c:513  UCX  WARN  unable to read somaxconn value from /proc/sys/net/core/somaxconn file
[1751140242.438450] [flux-sample-1:3561 :0]            sock.c:513  UCX  WARN  unable to read somaxconn value from /proc/sys/net/core/somaxconn file
[1751140242.442789] [flux-sample-3:3504 :0]            sock.c:513  UCX  WARN  unable to read somaxconn value from /proc/sys/net/core/somaxconn file
[1751140242.465491] [flux-sample-28:895  :0]            sock.c:513  UCX  WARN  unable to read somaxconn value from /proc/sys/net/core/somaxconn file
[1751140242.451994] [flux-sample-27:886  :0]            sock.c:513  UCX  WARN  unable to read somaxconn value from /proc/sys/net/core/somaxconn file
[1751140242.419601] [flux-sample-16:853  :0]            sock.c:513  UCX  WARN  unable to read somaxconn value from /proc/sys/net/core/somaxconn file
[1751140242.467024] [flux-sample-12:1752 :0]            sock.c:513  UCX  WARN  unable to read somaxconn value from /proc/sys/net/core/somaxconn file
[1751140242.461404] [flux-sample-21:825  :0]            sock.c:513  UCX  WARN  unable to read somaxconn value from /proc/sys/net/core/somaxconn file
[1751140242.305715] [flux-sample-6:2556 :0]            sock.c:513  UCX  WARN  unable to read somaxconn value from /proc/sys/net/core/somaxconn file
[1751140242.461365] [flux-sample-7:2558 :0]            sock.c:513  UCX  WARN  unable to read somaxconn value from /proc/sys/net/core/somaxconn file
[1751140242.511895] [flux-sample-23:844  :0]            sock.c:513  UCX  WARN  unable to read somaxconn value from /proc/sys/net/core/somaxconn file
[1751140242.420400] [flux-sample-14:1786 :0]            sock.c:513  UCX  WARN  unable to read somaxconn value from /proc/sys/net/core/somaxconn file
[1751140242.371743] [flux-sample-10:1693 :0]            sock.c:513  UCX  WARN  unable to read somaxconn value from /proc/sys/net/core/somaxconn file
[1751140242.359430] [flux-sample-17:871  :0]            sock.c:513  UCX  WARN  unable to read somaxconn value from /proc/sys/net/core/somaxconn file
[1751140242.466684] [flux-sample-19:881  :0]            sock.c:513  UCX  WARN  unable to read somaxconn value from /proc/sys/net/core/somaxconn file
[1751140242.424599] [flux-sample-22:896  :0]            sock.c:513  UCX  WARN  unable to read somaxconn value from /proc/sys/net/core/somaxconn file
[1751140242.433428] [flux-sample-15:1703 :0]            sock.c:513  UCX  WARN  unable to read somaxconn value from /proc/sys/net/core/somaxconn file
[1751140242.478618] [flux-sample-24:867  :0]            sock.c:513  UCX  WARN  unable to read somaxconn value from /proc/sys/net/core/somaxconn file
[1751140242.470091] [flux-sample-20:883  :0]            sock.c:513  UCX  WARN  unable to read somaxconn value from /proc/sys/net/core/somaxconn file
[1751140242.446574] [flux-sample-18:855  :0]            sock.c:513  UCX  WARN  unable to read somaxconn value from /proc/sys/net/core/somaxconn file
[1751140242.480952] [flux-sample-2:3495 :0]            sock.c:513  UCX  WARN  unable to read somaxconn value from /proc/sys/net/core/somaxconn file
[1751140242.446548] [flux-sample-5:2613 :0]            sock.c:513  UCX  WARN  unable to read somaxconn value from /proc/sys/net/core/somaxconn file
[1751140242.497802] [flux-sample-4:2633 :0]            sock.c:513  UCX  WARN  unable to read somaxconn value from /proc/sys/net/core/somaxconn file
[1751140242.451423] [flux-sample-11:1818 :0]            sock.c:513  UCX  WARN  unable to read somaxconn value from /proc/sys/net/core/somaxconn file
[1751140242.449942] [flux-sample-25:867  :0]            sock.c:513  UCX  WARN  unable to read somaxconn value from /proc/sys/net/core/somaxconn file
[1751140242.416011] [flux-sample-13:1763 :0]            sock.c:513  UCX  WARN  unable to read somaxconn value from /proc/sys/net/core/somaxconn file
[1751140242.454348] [flux-sample-8:1820 :0]            sock.c:513  UCX  WARN  unable to read somaxconn value from /proc/sys/net/core/somaxconn file
[1751140242.494156] [flux-sample-9:1763 :0]            sock.c:513  UCX  WARN  unable to read somaxconn value from /proc/sys/net/core/somaxconn file
[1751140242.466343] [flux-sample-30:894  :0]            sock.c:513  UCX  WARN  unable to read somaxconn value from /proc/sys/net/core/somaxconn file
[1751140242.442647] [flux-sample-31:841  :0]            sock.c:513  UCX  WARN  unable to read somaxconn value from /proc/sys/net/core/somaxconn file
[1751140242.461245] [flux-sample-29:948  :0]            sock.c:513  UCX  WARN  unable to read somaxconn value from /proc/sys/net/core/somaxconn file
[1751140242.452773] [flux-sample-26:949  :0]            sock.c:513  UCX  WARN  unable to read somaxconn value from /proc/sys/net/core/somaxconn file
[1751140242.433731] [flux-sample-1:3560 :0]            sock.c:513  UCX  WARN  unable to read somaxconn value from /proc/sys/net/core/somaxconn file
[1751140242.417730] [flux-sample-3:3503 :0]            sock.c:513  UCX  WARN  unable to read somaxconn value from /proc/sys/net/core/somaxconn file
[1751140242.466761] [flux-sample-28:893  :0]            sock.c:513  UCX  WARN  unable to read somaxconn value from /proc/sys/net/core/somaxconn file
[1751140242.387384] [flux-sample-27:884  :0]            sock.c:513  UCX  WARN  unable to read somaxconn value from /proc/sys/net/core/somaxconn file
[1751140242.419601] [flux-sample-16:851  :0]            sock.c:513  UCX  WARN  unable to read somaxconn value from /proc/sys/net/core/somaxconn file
[1751140242.421860] [flux-sample-12:1750 :0]            sock.c:513  UCX  WARN  unable to read somaxconn value from /proc/sys/net/core/somaxconn file
[1751140242.307866] [flux-sample-21:823  :0]            sock.c:513  UCX  WARN  unable to read somaxconn value from /proc/sys/net/core/somaxconn file
[1751140242.305715] [flux-sample-6:2554 :0]            sock.c:513  UCX  WARN  unable to read somaxconn value from /proc/sys/net/core/somaxconn file
[1751140242.449596] [flux-sample-7:2557 :0]            sock.c:513  UCX  WARN  unable to read somaxconn value from /proc/sys/net/core/somaxconn file
[1751140242.513348] [flux-sample-23:841  :0]            sock.c:513  UCX  WARN  unable to read somaxconn value from /proc/sys/net/core/somaxconn file
[1751140242.342821] [flux-sample-14:1783 :0]            sock.c:513  UCX  WARN  unable to read somaxconn value from /proc/sys/net/core/somaxconn file
[1751140242.335744] [flux-sample-10:1691 :0]            sock.c:513  UCX  WARN  unable to read somaxconn value from /proc/sys/net/core/somaxconn file
[1751140242.359880] [flux-sample-17:870  :0]            sock.c:513  UCX  WARN  unable to read somaxconn value from /proc/sys/net/core/somaxconn file
[1751140242.469849] [flux-sample-19:879  :0]            sock.c:513  UCX  WARN  unable to read somaxconn value from /proc/sys/net/core/somaxconn file
[1751140242.420541] [flux-sample-22:894  :0]            sock.c:513  UCX  WARN  unable to read somaxconn value from /proc/sys/net/core/somaxconn file
[1751140242.443306] [flux-sample-15:1700 :0]            sock.c:513  UCX  WARN  unable to read somaxconn value from /proc/sys/net/core/somaxconn file
[1751140242.482563] [flux-sample-24:864  :0]            sock.c:513  UCX  WARN  unable to read somaxconn value from /proc/sys/net/core/somaxconn file
[1751140242.446094] [flux-sample-20:881  :0]            sock.c:513  UCX  WARN  unable to read somaxconn value from /proc/sys/net/core/somaxconn file
[1751140242.356680] [flux-sample-18:854  :0]            sock.c:513  UCX  WARN  unable to read somaxconn value from /proc/sys/net/core/somaxconn file
[1751140242.336472] [flux-sample-2:3493 :0]            sock.c:513  UCX  WARN  unable to read somaxconn value from /proc/sys/net/core/somaxconn file
[1751140242.437538] [flux-sample-5:2610 :0]            sock.c:513  UCX  WARN  unable to read somaxconn value from /proc/sys/net/core/somaxconn file
[1751140242.476555] [flux-sample-4:2631 :0]            sock.c:513  UCX  WARN  unable to read somaxconn value from /proc/sys/net/core/somaxconn file
[1751140242.451423] [flux-sample-11:1816 :0]            sock.c:513  UCX  WARN  unable to read somaxconn value from /proc/sys/net/core/somaxconn file
[1751140242.448981] [flux-sample-25:864  :0]            sock.c:513  UCX  WARN  unable to read somaxconn value from /proc/sys/net/core/somaxconn file
[1751140242.410361] [flux-sample-13:1761 :0]            sock.c:513  UCX  WARN  unable to read somaxconn value from /proc/sys/net/core/somaxconn file
[1751140242.461953] [flux-sample-8:1817 :0]            sock.c:513  UCX  WARN  unable to read somaxconn value from /proc/sys/net/core/somaxconn file
[1751140242.490222] [flux-sample-9:1761 :0]            sock.c:513  UCX  WARN  unable to read somaxconn value from /proc/sys/net/core/somaxconn file
[1751140242.467959] [flux-sample-30:891  :0]            sock.c:513  UCX  WARN  unable to read somaxconn value from /proc/sys/net/core/somaxconn file
[1751140242.442647] [flux-sample-31:839  :0]            sock.c:513  UCX  WARN  unable to read somaxconn value from /proc/sys/net/core/somaxconn file
[1751140242.460945] [flux-sample-29:946  :0]            sock.c:513  UCX  WARN  unable to read somaxconn value from /proc/sys/net/core/somaxconn file
[1751140242.454153] [flux-sample-26:947  :0]            sock.c:513  UCX  WARN  unable to read somaxconn value from /proc/sys/net/core/somaxconn file
[1751140242.433288] [flux-sample-1:3558 :0]            sock.c:513  UCX  WARN  unable to read somaxconn value from /proc/sys/net/core/somaxconn file
[1751140242.437291] [flux-sample-3:3501 :0]            sock.c:513  UCX  WARN  unable to read somaxconn value from /proc/sys/net/core/somaxconn file
[1751140242.466039] [flux-sample-28:891  :0]            sock.c:513  UCX  WARN  unable to read somaxconn value from /proc/sys/net/core/somaxconn file
[1751140242.425338] [flux-sample-27:882  :0]            sock.c:513  UCX  WARN  unable to read somaxconn value from /proc/sys/net/core/somaxconn file
[1751140242.541733] [flux-sample-16:849  :0]            sock.c:513  UCX  WARN  unable to read somaxconn value from /proc/sys/net/core/somaxconn file
[1751140242.461945] [flux-sample-12:1748 :0]            sock.c:513  UCX  WARN  unable to read somaxconn value from /proc/sys/net/core/somaxconn file
[1751140242.307866] [flux-sample-21:820  :0]            sock.c:513  UCX  WARN  unable to read somaxconn value from /proc/sys/net/core/somaxconn file
[1751140242.195129] [flux-sample-6:2553 :0]            sock.c:513  UCX  WARN  unable to read somaxconn value from /proc/sys/net/core/somaxconn file
[1751140242.455216] [flux-sample-7:2556 :0]            sock.c:513  UCX  WARN  unable to read somaxconn value from /proc/sys/net/core/somaxconn file
[1751140242.487077] [flux-sample-23:840  :0]            sock.c:513  UCX  WARN  unable to read somaxconn value from /proc/sys/net/core/somaxconn file
[1751140242.342821] [flux-sample-14:1781 :0]            sock.c:513  UCX  WARN  unable to read somaxconn value from /proc/sys/net/core/somaxconn file
[1751140242.335744] [flux-sample-10:1689 :0]            sock.c:513  UCX  WARN  unable to read somaxconn value from /proc/sys/net/core/somaxconn file
[1751140242.250592] [flux-sample-17:869  :0]            sock.c:513  UCX  WARN  unable to read somaxconn value from /proc/sys/net/core/somaxconn file
[1751140242.463987] [flux-sample-19:877  :0]            sock.c:513  UCX  WARN  unable to read somaxconn value from /proc/sys/net/core/somaxconn file
[1751140242.437942] [flux-sample-22:891  :0]            sock.c:513  UCX  WARN  unable to read somaxconn value from /proc/sys/net/core/somaxconn file
[1751140242.463071] [flux-sample-15:1698 :0]            sock.c:513  UCX  WARN  unable to read somaxconn value from /proc/sys/net/core/somaxconn file
[1751140242.474222] [flux-sample-24:863  :0]            sock.c:513  UCX  WARN  unable to read somaxconn value from /proc/sys/net/core/somaxconn file
[1751140242.374075] [flux-sample-20:879  :0]            sock.c:513  UCX  WARN  unable to read somaxconn value from /proc/sys/net/core/somaxconn file
[1751140242.484184] [flux-sample-18:853  :0]            sock.c:513  UCX  WARN  unable to read somaxconn value from /proc/sys/net/core/somaxconn file
[1751140242.457108] [flux-sample-2:3491 :0]            sock.c:513  UCX  WARN  unable to read somaxconn value from /proc/sys/net/core/somaxconn file
[1751140242.427114] [flux-sample-5:2607 :0]            sock.c:513  UCX  WARN  unable to read somaxconn value from /proc/sys/net/core/somaxconn file
[1751140242.377219] [flux-sample-4:2629 :0]            sock.c:513  UCX  WARN  unable to read somaxconn value from /proc/sys/net/core/somaxconn file
[1751140242.475331] [flux-sample-11:1814 :0]            sock.c:513  UCX  WARN  unable to read somaxconn value from /proc/sys/net/core/somaxconn file
[1751140242.376048] [flux-sample-25:861  :0]            sock.c:513  UCX  WARN  unable to read somaxconn value from /proc/sys/net/core/somaxconn file
[1751140242.416010] [flux-sample-13:1759 :0]            sock.c:513  UCX  WARN  unable to read somaxconn value from /proc/sys/net/core/somaxconn file
[1751140242.443039] [flux-sample-8:1815 :0]            sock.c:513  UCX  WARN  unable to read somaxconn value from /proc/sys/net/core/somaxconn file
[1751140242.489147] [flux-sample-9:1759 :0]            sock.c:513  UCX  WARN  unable to read somaxconn value from /proc/sys/net/core/somaxconn file
[1751140242.463054] [flux-sample-30:889  :0]            sock.c:513  UCX  WARN  unable to read somaxconn value from /proc/sys/net/core/somaxconn file
[1751140242.438867] [flux-sample-31:835  :0]            sock.c:513  UCX  WARN  unable to read somaxconn value from /proc/sys/net/core/somaxconn file
[1751140242.459671] [flux-sample-29:944  :0]            sock.c:513  UCX  WARN  unable to read somaxconn value from /proc/sys/net/core/somaxconn file
[1751140242.467154] [flux-sample-26:945  :0]            sock.c:513  UCX  WARN  unable to read somaxconn value from /proc/sys/net/core/somaxconn file
[1751140242.440022] [flux-sample-1:3555 :0]            sock.c:513  UCX  WARN  unable to read somaxconn value from /proc/sys/net/core/somaxconn file
[1751140242.416902] [flux-sample-3:3499 :0]            sock.c:513  UCX  WARN  unable to read somaxconn value from /proc/sys/net/core/somaxconn file
[1751140242.467775] [flux-sample-28:889  :0]            sock.c:513  UCX  WARN  unable to read somaxconn value from /proc/sys/net/core/somaxconn file
[1751140242.371781] [flux-sample-27:880  :0]            sock.c:513  UCX  WARN  unable to read somaxconn value from /proc/sys/net/core/somaxconn file
[1751140242.419601] [flux-sample-16:847  :0]            sock.c:513  UCX  WARN  unable to read somaxconn value from /proc/sys/net/core/somaxconn file
[1751140242.409336] [flux-sample-12:1747 :0]            sock.c:513  UCX  WARN  unable to read somaxconn value from /proc/sys/net/core/somaxconn file
[1751140242.340771] [flux-sample-21:817  :0]            sock.c:513  UCX  WARN  unable to read somaxconn value from /proc/sys/net/core/somaxconn file
[1751140242.175242] [flux-sample-6:2552 :0]            sock.c:513  UCX  WARN  unable to read somaxconn value from /proc/sys/net/core/somaxconn file
[1751140242.458665] [flux-sample-7:2555 :0]            sock.c:513  UCX  WARN  unable to read somaxconn value from /proc/sys/net/core/somaxconn file
[1751140242.483835] [flux-sample-23:838  :0]            sock.c:513  UCX  WARN  unable to read somaxconn value from /proc/sys/net/core/somaxconn file
[1751140242.420844] [flux-sample-14:1779 :0]            sock.c:513  UCX  WARN  unable to read somaxconn value from /proc/sys/net/core/somaxconn file
[1751140242.340968] [flux-sample-10:1687 :0]            sock.c:513  UCX  WARN  unable to read somaxconn value from /proc/sys/net/core/somaxconn file
[1751140242.363392] [flux-sample-17:868  :0]            sock.c:513  UCX  WARN  unable to read somaxconn value from /proc/sys/net/core/somaxconn file
[1751140242.470457] [flux-sample-19:875  :0]            sock.c:513  UCX  WARN  unable to read somaxconn value from /proc/sys/net/core/somaxconn file
[1751140242.428147] [flux-sample-22:889  :0]            sock.c:513  UCX  WARN  unable to read somaxconn value from /proc/sys/net/core/somaxconn file
[1751140242.463061] [flux-sample-15:1696 :0]            sock.c:513  UCX  WARN  unable to read somaxconn value from /proc/sys/net/core/somaxconn file
[1751140242.470823] [flux-sample-24:861  :0]            sock.c:513  UCX  WARN  unable to read somaxconn value from /proc/sys/net/core/somaxconn file
[1751140242.471601] [flux-sample-20:877  :0]            sock.c:513  UCX  WARN  unable to read somaxconn value from /proc/sys/net/core/somaxconn file
[1751140242.337830] [flux-sample-18:852  :0]            sock.c:513  UCX  WARN  unable to read somaxconn value from /proc/sys/net/core/somaxconn file
[1751140242.470325] [flux-sample-2:3489 :0]            sock.c:513  UCX  WARN  unable to read somaxconn value from /proc/sys/net/core/somaxconn file
[1751140242.446543] [flux-sample-5:2605 :0]            sock.c:513  UCX  WARN  unable to read somaxconn value from /proc/sys/net/core/somaxconn file
[1751140242.366250] [flux-sample-4:2627 :0]            sock.c:513  UCX  WARN  unable to read somaxconn value from /proc/sys/net/core/somaxconn file
[1751140242.487726] [flux-sample-11:1811 :0]            sock.c:513  UCX  WARN  unable to read somaxconn value from /proc/sys/net/core/somaxconn file
[1751140242.439457] [flux-sample-25:857  :0]            sock.c:513  UCX  WARN  unable to read somaxconn value from /proc/sys/net/core/somaxconn file
[1751140242.412327] [flux-sample-13:1757 :0]            sock.c:513  UCX  WARN  unable to read somaxconn value from /proc/sys/net/core/somaxconn file
[1751140242.456012] [flux-sample-8:1813 :0]            sock.c:513  UCX  WARN  unable to read somaxconn value from /proc/sys/net/core/somaxconn file
[1751140242.484287] [flux-sample-9:1757 :0]            sock.c:513  UCX  WARN  unable to read somaxconn value from /proc/sys/net/core/somaxconn file
[1751140242.461809] [flux-sample-30:888  :0]            sock.c:513  UCX  WARN  unable to read somaxconn value from /proc/sys/net/core/somaxconn file
[1751140242.453435] [flux-sample-31:834  :0]            sock.c:513  UCX  WARN  unable to read somaxconn value from /proc/sys/net/core/somaxconn file
[1751140242.429671] [flux-sample-29:942  :0]            sock.c:513  UCX  WARN  unable to read somaxconn value from /proc/sys/net/core/somaxconn file
[1751140242.452523] [flux-sample-26:944  :0]            sock.c:513  UCX  WARN  unable to read somaxconn value from /proc/sys/net/core/somaxconn file
[1751140242.414765] [flux-sample-1:3553 :0]            sock.c:513  UCX  WARN  unable to read somaxconn value from /proc/sys/net/core/somaxconn file
[1751140242.428523] [flux-sample-3:3497 :0]            sock.c:513  UCX  WARN  unable to read somaxconn value from /proc/sys/net/core/somaxconn file
[1751140242.426210] [flux-sample-28:886  :0]            sock.c:513  UCX  WARN  unable to read somaxconn value from /proc/sys/net/core/somaxconn file
[1751140242.441211] [flux-sample-27:878  :0]            sock.c:513  UCX  WARN  unable to read somaxconn value from /proc/sys/net/core/somaxconn file
[1751140242.482680] [flux-sample-16:845  :0]            sock.c:513  UCX  WARN  unable to read somaxconn value from /proc/sys/net/core/somaxconn file
[1751140242.466173] [flux-sample-12:1745 :0]            sock.c:513  UCX  WARN  unable to read somaxconn value from /proc/sys/net/core/somaxconn file
[1751140242.307973] [flux-sample-21:816  :0]            sock.c:513  UCX  WARN  unable to read somaxconn value from /proc/sys/net/core/somaxconn file
[1751140242.186643] [flux-sample-6:2551 :0]            sock.c:513  UCX  WARN  unable to read somaxconn value from /proc/sys/net/core/somaxconn file
[1751140242.258885] [flux-sample-7:2554 :0]            sock.c:513  UCX  WARN  unable to read somaxconn value from /proc/sys/net/core/somaxconn file
[1751140242.483838] [flux-sample-23:835  :0]            sock.c:513  UCX  WARN  unable to read somaxconn value from /proc/sys/net/core/somaxconn file
[1751140242.342898] [flux-sample-14:1778 :0]            sock.c:513  UCX  WARN  unable to read somaxconn value from /proc/sys/net/core/somaxconn file
[1751140242.340969] [flux-sample-10:1686 :0]            sock.c:513  UCX  WARN  unable to read somaxconn value from /proc/sys/net/core/somaxconn file
[1751140242.231439] [flux-sample-17:867  :0]            sock.c:513  UCX  WARN  unable to read somaxconn value from /proc/sys/net/core/somaxconn file
[1751140242.466101] [flux-sample-19:873  :0]            sock.c:513  UCX  WARN  unable to read somaxconn value from /proc/sys/net/core/somaxconn file
[1751140242.432203] [flux-sample-22:887  :0]            sock.c:513  UCX  WARN  unable to read somaxconn value from /proc/sys/net/core/somaxconn file
[1751140242.461971] [flux-sample-15:1693 :0]            sock.c:513  UCX  WARN  unable to read somaxconn value from /proc/sys/net/core/somaxconn file
[1751140242.426456] [flux-sample-24:858  :0]            sock.c:513  UCX  WARN  unable to read somaxconn value from /proc/sys/net/core/somaxconn file
[1751140242.481502] [flux-sample-20:875  :0]            sock.c:513  UCX  WARN  unable to read somaxconn value from /proc/sys/net/core/somaxconn file
[1751140242.340799] [flux-sample-18:849  :0]            sock.c:513  UCX  WARN  unable to read somaxconn value from /proc/sys/net/core/somaxconn file
[1751140242.334549] [flux-sample-2:3487 :0]            sock.c:513  UCX  WARN  unable to read somaxconn value from /proc/sys/net/core/somaxconn file
[1751140242.446539] [flux-sample-5:2602 :0]            sock.c:513  UCX  WARN  unable to read somaxconn value from /proc/sys/net/core/somaxconn file
[1751140242.475462] [flux-sample-4:2625 :0]            sock.c:513  UCX  WARN  unable to read somaxconn value from /proc/sys/net/core/somaxconn file
[1751140242.487726] [flux-sample-11:1810 :0]            sock.c:513  UCX  WARN  unable to read somaxconn value from /proc/sys/net/core/somaxconn file
[1751140242.445277] [flux-sample-25:856  :0]            sock.c:513  UCX  WARN  unable to read somaxconn value from /proc/sys/net/core/somaxconn file
[1751140242.437634] [flux-sample-13:1755 :0]            sock.c:513  UCX  WARN  unable to read somaxconn value from /proc/sys/net/core/somaxconn file
[1751140242.461489] [flux-sample-8:1811 :0]            sock.c:513  UCX  WARN  unable to read somaxconn value from /proc/sys/net/core/somaxconn file
[1751140242.493126] [flux-sample-9:1754 :0]            sock.c:513  UCX  WARN  unable to read somaxconn value from /proc/sys/net/core/somaxconn file
[1751140242.465278] [flux-sample-30:885  :0]            sock.c:513  UCX  WARN  unable to read somaxconn value from /proc/sys/net/core/somaxconn file
[1751140242.446092] [flux-sample-31:832  :0]            sock.c:513  UCX  WARN  unable to read somaxconn value from /proc/sys/net/core/somaxconn file
[1751140242.461142] [flux-sample-29:941  :0]            sock.c:513  UCX  WARN  unable to read somaxconn value from /proc/sys/net/core/somaxconn file
[1751140242.359065] [flux-sample-26:941  :0]            sock.c:513  UCX  WARN  unable to read somaxconn value from /proc/sys/net/core/somaxconn file
[1751140242.440502] [flux-sample-1:3551 :0]            sock.c:513  UCX  WARN  unable to read somaxconn value from /proc/sys/net/core/somaxconn file
[1751140242.425908] [flux-sample-3:3495 :0]            sock.c:513  UCX  WARN  unable to read somaxconn value from /proc/sys/net/core/somaxconn file
[1751140242.423526] [flux-sample-28:884  :0]            sock.c:513  UCX  WARN  unable to read somaxconn value from /proc/sys/net/core/somaxconn file
[1751140242.349151] [flux-sample-27:876  :0]            sock.c:513  UCX  WARN  unable to read somaxconn value from /proc/sys/net/core/somaxconn file
[1751140242.555626] [flux-sample-16:843  :0]            sock.c:513  UCX  WARN  unable to read somaxconn value from /proc/sys/net/core/somaxconn file
[1751140242.445345] [flux-sample-12:1743 :0]            sock.c:513  UCX  WARN  unable to read somaxconn value from /proc/sys/net/core/somaxconn file
[1751140242.304717] [flux-sample-21:815  :0]            sock.c:513  UCX  WARN  unable to read somaxconn value from /proc/sys/net/core/somaxconn file
[1751140242.202000] [flux-sample-6:2550 :0]            sock.c:513  UCX  WARN  unable to read somaxconn value from /proc/sys/net/core/somaxconn file
[1751140242.168731] [flux-sample-7:2553 :0]            sock.c:513  UCX  WARN  unable to read somaxconn value from /proc/sys/net/core/somaxconn file
[1751140242.500845] [flux-sample-23:834  :0]            sock.c:513  UCX  WARN  unable to read somaxconn value from /proc/sys/net/core/somaxconn file
[1751140242.342823] [flux-sample-14:1775 :0]            sock.c:513  UCX  WARN  unable to read somaxconn value from /proc/sys/net/core/somaxconn file
[1751140242.335748] [flux-sample-10:1685 :0]            sock.c:513  UCX  WARN  unable to read somaxconn value from /proc/sys/net/core/somaxconn file
[1751140242.386738] [flux-sample-17:866  :0]            sock.c:513  UCX  WARN  unable to read somaxconn value from /proc/sys/net/core/somaxconn file
[1751140242.484911] [flux-sample-19:871  :0]            sock.c:513  UCX  WARN  unable to read somaxconn value from /proc/sys/net/core/somaxconn file
[1751140242.423935] [flux-sample-22:886  :0]            sock.c:513  UCX  WARN  unable to read somaxconn value from /proc/sys/net/core/somaxconn file
[1751140242.328807] [flux-sample-15:1691 :0]            sock.c:513  UCX  WARN  unable to read somaxconn value from /proc/sys/net/core/somaxconn file
[1751140242.385005] [flux-sample-24:857  :0]            sock.c:513  UCX  WARN  unable to read somaxconn value from /proc/sys/net/core/somaxconn file
[1751140242.481502] [flux-sample-20:873  :0]            sock.c:513  UCX  WARN  unable to read somaxconn value from /proc/sys/net/core/somaxconn file
[1751140242.484582] [flux-sample-18:847  :0]            sock.c:513  UCX  WARN  unable to read somaxconn value from /proc/sys/net/core/somaxconn file
[1751140242.335936] [flux-sample-2:3485 :0]            sock.c:513  UCX  WARN  unable to read somaxconn value from /proc/sys/net/core/somaxconn file
[1751140242.343794] [flux-sample-5:2601 :0]            sock.c:513  UCX  WARN  unable to read somaxconn value from /proc/sys/net/core/somaxconn file
[1751140242.485778] [flux-sample-4:2623 :0]            sock.c:513  UCX  WARN  unable to read somaxconn value from /proc/sys/net/core/somaxconn file
[1751140242.470218] [flux-sample-11:1808 :0]            sock.c:513  UCX  WARN  unable to read somaxconn value from /proc/sys/net/core/somaxconn file
[1751140242.449960] [flux-sample-25:854  :0]            sock.c:513  UCX  WARN  unable to read somaxconn value from /proc/sys/net/core/somaxconn file
[1751140242.410361] [flux-sample-13:1753 :0]            sock.c:513  UCX  WARN  unable to read somaxconn value from /proc/sys/net/core/somaxconn file
[1751140242.446573] [flux-sample-8:1809 :0]            sock.c:513  UCX  WARN  unable to read somaxconn value from /proc/sys/net/core/somaxconn file
[1751140242.488323] [flux-sample-9:1752 :0]            sock.c:513  UCX  WARN  unable to read somaxconn value from /proc/sys/net/core/somaxconn file
[1751140242.478022] [flux-sample-30:883  :0]            sock.c:513  UCX  WARN  unable to read somaxconn value from /proc/sys/net/core/somaxconn file
[1751140242.456545] [flux-sample-31:830  :0]            sock.c:513  UCX  WARN  unable to read somaxconn value from /proc/sys/net/core/somaxconn file
[1751140242.362172] [flux-sample-29:939  :0]            sock.c:513  UCX  WARN  unable to read somaxconn value from /proc/sys/net/core/somaxconn file
[1751140242.385070] [flux-sample-26:939  :0]            sock.c:513  UCX  WARN  unable to read somaxconn value from /proc/sys/net/core/somaxconn file
[1751140242.414995] [flux-sample-1:3548 :0]            sock.c:513  UCX  WARN  unable to read somaxconn value from /proc/sys/net/core/somaxconn file
[1751140242.444947] [flux-sample-3:3493 :0]            sock.c:513  UCX  WARN  unable to read somaxconn value from /proc/sys/net/core/somaxconn file
[1751140242.429826] [flux-sample-28:882  :0]            sock.c:513  UCX  WARN  unable to read somaxconn value from /proc/sys/net/core/somaxconn file
[1751140242.426240] [flux-sample-27:874  :0]            sock.c:513  UCX  WARN  unable to read somaxconn value from /proc/sys/net/core/somaxconn file
[1751140242.482715] [flux-sample-16:841  :0]            sock.c:513  UCX  WARN  unable to read somaxconn value from /proc/sys/net/core/somaxconn file
[1751140242.443257] [flux-sample-12:1741 :0]            sock.c:513  UCX  WARN  unable to read somaxconn value from /proc/sys/net/core/somaxconn file
[1751140242.307973] [flux-sample-21:814  :0]            sock.c:513  UCX  WARN  unable to read somaxconn value from /proc/sys/net/core/somaxconn file
[1751140242.202797] [flux-sample-6:2549 :0]            sock.c:513  UCX  WARN  unable to read somaxconn value from /proc/sys/net/core/somaxconn file
[1751140242.181721] [flux-sample-7:2552 :0]            sock.c:513  UCX  WARN  unable to read somaxconn value from /proc/sys/net/core/somaxconn file
[1751140242.485902] [flux-sample-23:833  :0]            sock.c:513  UCX  WARN  unable to read somaxconn value from /proc/sys/net/core/somaxconn file
[1751140242.460506] [flux-sample-14:1768 :0]            sock.c:513  UCX  WARN  unable to read somaxconn value from /proc/sys/net/core/somaxconn file
[1751140242.332895] [flux-sample-10:1684 :0]            sock.c:513  UCX  WARN  unable to read somaxconn value from /proc/sys/net/core/somaxconn file
[1751140242.231439] [flux-sample-17:865  :0]            sock.c:513  UCX  WARN  unable to read somaxconn value from /proc/sys/net/core/somaxconn file
[1751140242.457461] [flux-sample-19:869  :0]            sock.c:513  UCX  WARN  unable to read somaxconn value from /proc/sys/net/core/somaxconn file
[1751140242.423931] [flux-sample-22:883  :0]            sock.c:513  UCX  WARN  unable to read somaxconn value from /proc/sys/net/core/somaxconn file
[1751140242.328807] [flux-sample-15:1690 :0]            sock.c:513  UCX  WARN  unable to read somaxconn value from /proc/sys/net/core/somaxconn file
[1751140242.443394] [flux-sample-24:855  :0]            sock.c:513  UCX  WARN  unable to read somaxconn value from /proc/sys/net/core/somaxconn file
[1751140242.491658] [flux-sample-20:870  :0]            sock.c:513  UCX  WARN  unable to read somaxconn value from /proc/sys/net/core/somaxconn file
[1751140242.426497] [flux-sample-18:844  :0]            sock.c:513  UCX  WARN  unable to read somaxconn value from /proc/sys/net/core/somaxconn file
[1751140242.453263] [flux-sample-2:3483 :0]            sock.c:513  UCX  WARN  unable to read somaxconn value from /proc/sys/net/core/somaxconn file
[1751140242.430368] [flux-sample-5:2598 :0]            sock.c:513  UCX  WARN  unable to read somaxconn value from /proc/sys/net/core/somaxconn file
[1751140242.490843] [flux-sample-4:2621 :0]            sock.c:513  UCX  WARN  unable to read somaxconn value from /proc/sys/net/core/somaxconn file
[1751140242.471359] [flux-sample-11:1806 :0]            sock.c:513  UCX  WARN  unable to read somaxconn value from /proc/sys/net/core/somaxconn file
[1751140242.448982] [flux-sample-25:852  :0]            sock.c:513  UCX  WARN  unable to read somaxconn value from /proc/sys/net/core/somaxconn file
[1751140242.393815] [flux-sample-13:1751 :0]            sock.c:513  UCX  WARN  unable to read somaxconn value from /proc/sys/net/core/somaxconn file
[1751140242.456701] [flux-sample-8:1807 :0]            sock.c:513  UCX  WARN  unable to read somaxconn value from /proc/sys/net/core/somaxconn file
[1751140242.480136] [flux-sample-9:1750 :0]            sock.c:513  UCX  WARN  unable to read somaxconn value from /proc/sys/net/core/somaxconn file
[1751140242.465265] [flux-sample-30:881  :0]            sock.c:513  UCX  WARN  unable to read somaxconn value from /proc/sys/net/core/somaxconn file
[1751140242.437860] [flux-sample-31:828  :0]            sock.c:513  UCX  WARN  unable to read somaxconn value from /proc/sys/net/core/somaxconn file
[1751140242.461875] [flux-sample-29:938  :0]            sock.c:513  UCX  WARN  unable to read somaxconn value from /proc/sys/net/core/somaxconn file
[1751140242.473046] [flux-sample-26:938  :0]            sock.c:513  UCX  WARN  unable to read somaxconn value from /proc/sys/net/core/somaxconn file
[1751140242.406166] [flux-sample-1:3547 :0]            sock.c:513  UCX  WARN  unable to read somaxconn value from /proc/sys/net/core/somaxconn file
[1751140242.436666] [flux-sample-3:3491 :0]            sock.c:513  UCX  WARN  unable to read somaxconn value from /proc/sys/net/core/somaxconn file
[1751140242.462515] [flux-sample-28:880  :0]            sock.c:513  UCX  WARN  unable to read somaxconn value from /proc/sys/net/core/somaxconn file
[1751140242.442556] [flux-sample-27:870  :0]            sock.c:513  UCX  WARN  unable to read somaxconn value from /proc/sys/net/core/somaxconn file
[1751140242.588542] [flux-sample-16:839  :0]            sock.c:513  UCX  WARN  unable to read somaxconn value from /proc/sys/net/core/somaxconn file
[1751140242.461386] [flux-sample-12:1738 :0]            sock.c:513  UCX  WARN  unable to read somaxconn value from /proc/sys/net/core/somaxconn file
[1751140242.304874] [flux-sample-21:813  :0]            sock.c:513  UCX  WARN  unable to read somaxconn value from /proc/sys/net/core/somaxconn file
[1751140242.202000] [flux-sample-6:2548 :0]            sock.c:513  UCX  WARN  unable to read somaxconn value from /proc/sys/net/core/somaxconn file
[1751140242.306882] [flux-sample-7:2551 :0]            sock.c:513  UCX  WARN  unable to read somaxconn value from /proc/sys/net/core/somaxconn file
[1751140242.504047] [flux-sample-23:830  :0]            sock.c:513  UCX  WARN  unable to read somaxconn value from /proc/sys/net/core/somaxconn file
[1751140242.426407] [flux-sample-14:1763 :0]            sock.c:513  UCX  WARN  unable to read somaxconn value from /proc/sys/net/core/somaxconn file
[1751140242.353955] [flux-sample-10:1683 :0]            sock.c:513  UCX  WARN  unable to read somaxconn value from /proc/sys/net/core/somaxconn file
[1751140242.247794] [flux-sample-17:864  :0]            sock.c:513  UCX  WARN  unable to read somaxconn value from /proc/sys/net/core/somaxconn file
[1751140242.457461] [flux-sample-19:866  :0]            sock.c:513  UCX  WARN  unable to read somaxconn value from /proc/sys/net/core/somaxconn file
[1751140242.433378] [flux-sample-22:880  :0]            sock.c:513  UCX  WARN  unable to read somaxconn value from /proc/sys/net/core/somaxconn file
[1751140242.328807] [flux-sample-15:1687 :0]            sock.c:513  UCX  WARN  unable to read somaxconn value from /proc/sys/net/core/somaxconn file
[1751140242.409909] [flux-sample-24:853  :0]            sock.c:513  UCX  WARN  unable to read somaxconn value from /proc/sys/net/core/somaxconn file
[1751140242.491102] [flux-sample-20:868  :0]            sock.c:513  UCX  WARN  unable to read somaxconn value from /proc/sys/net/core/somaxconn file
[1751140242.337835] [flux-sample-18:840  :0]            sock.c:513  UCX  WARN  unable to read somaxconn value from /proc/sys/net/core/somaxconn file
[1751140242.455849] [flux-sample-2:3481 :0]            sock.c:513  UCX  WARN  unable to read somaxconn value from /proc/sys/net/core/somaxconn file
[1751140242.411747] [flux-sample-5:2596 :0]            sock.c:513  UCX  WARN  unable to read somaxconn value from /proc/sys/net/core/somaxconn file
[1751140242.485779] [flux-sample-4:2619 :0]            sock.c:513  UCX  WARN  unable to read somaxconn value from /proc/sys/net/core/somaxconn file
[1751140242.452275] [flux-sample-11:1805 :0]            sock.c:513  UCX  WARN  unable to read somaxconn value from /proc/sys/net/core/somaxconn file
[1751140242.448982] [flux-sample-25:850  :0]            sock.c:513  UCX  WARN  unable to read somaxconn value from /proc/sys/net/core/somaxconn file
[1751140242.417599] [flux-sample-13:1749 :0]            sock.c:513  UCX  WARN  unable to read somaxconn value from /proc/sys/net/core/somaxconn file
[1751140242.373742] [flux-sample-8:1804 :0]            sock.c:513  UCX  WARN  unable to read somaxconn value from /proc/sys/net/core/somaxconn file
[1751140242.447625] [flux-sample-9:1749 :0]            sock.c:513  UCX  WARN  unable to read somaxconn value from /proc/sys/net/core/somaxconn file
[1751140242.465265] [flux-sample-30:879  :0]            sock.c:513  UCX  WARN  unable to read somaxconn value from /proc/sys/net/core/somaxconn file
[1751140242.466520] [flux-sample-31:827  :0]            sock.c:513  UCX  WARN  unable to read somaxconn value from /proc/sys/net/core/somaxconn file
[1751140242.483913] [flux-sample-29:936  :0]            sock.c:513  UCX  WARN  unable to read somaxconn value from /proc/sys/net/core/somaxconn file
[1751140242.481897] [flux-sample-26:935  :0]            sock.c:513  UCX  WARN  unable to read somaxconn value from /proc/sys/net/core/somaxconn file
[1751140242.413650] [flux-sample-1:3544 :0]            sock.c:513  UCX  WARN  unable to read somaxconn value from /proc/sys/net/core/somaxconn file
[1751140242.446863] [flux-sample-3:3489 :0]            sock.c:513  UCX  WARN  unable to read somaxconn value from /proc/sys/net/core/somaxconn file
[1751140242.462516] [flux-sample-28:879  :0]            sock.c:513  UCX  WARN  unable to read somaxconn value from /proc/sys/net/core/somaxconn file
[1751140242.423242] [flux-sample-27:868  :0]            sock.c:513  UCX  WARN  unable to read somaxconn value from /proc/sys/net/core/somaxconn file
[1751140242.577355] [flux-sample-16:837  :0]            sock.c:513  UCX  WARN  unable to read somaxconn value from /proc/sys/net/core/somaxconn file
[1751140242.340226] [flux-sample-12:1735 :0]            sock.c:513  UCX  WARN  unable to read somaxconn value from /proc/sys/net/core/somaxconn file
[1751140242.307989] [flux-sample-21:812  :0]            sock.c:513  UCX  WARN  unable to read somaxconn value from /proc/sys/net/core/somaxconn file
[1751140242.480743] [flux-sample-12:1732 :0]            sock.c:513  UCX  WARN  unable to read somaxconn value from /proc/sys/net/core/somaxconn file
[1751140242.191526] [flux-sample-7:2550 :0]            sock.c:513  UCX  WARN  unable to read somaxconn value from /proc/sys/net/core/somaxconn file
[1751140242.487250] [flux-sample-23:829  :0]            sock.c:513  UCX  WARN  unable to read somaxconn value from /proc/sys/net/core/somaxconn file
[1751140242.457627] [flux-sample-14:1761 :0]            sock.c:513  UCX  WARN  unable to read somaxconn value from /proc/sys/net/core/somaxconn file
[1751140242.341619] [flux-sample-10:1682 :0]            sock.c:513  UCX  WARN  unable to read somaxconn value from /proc/sys/net/core/somaxconn file
[1751140242.456263] [flux-sample-17:941  :0]            sock.c:513  UCX  WARN  unable to read somaxconn value from /proc/sys/net/core/somaxconn file
[1751140242.459834] [flux-sample-19:864  :0]            sock.c:513  UCX  WARN  unable to read somaxconn value from /proc/sys/net/core/somaxconn file
[1751140242.313236] [flux-sample-22:879  :0]            sock.c:513  UCX  WARN  unable to read somaxconn value from /proc/sys/net/core/somaxconn file
[1751140242.320774] [flux-sample-15:1686 :0]            sock.c:513  UCX  WARN  unable to read somaxconn value from /proc/sys/net/core/somaxconn file
[1751140242.385004] [flux-sample-24:851  :0]            sock.c:513  UCX  WARN  unable to read somaxconn value from /proc/sys/net/core/somaxconn file
[1751140242.482203] [flux-sample-20:864  :0]            sock.c:513  UCX  WARN  unable to read somaxconn value from /proc/sys/net/core/somaxconn file
[1751140242.336231] [flux-sample-18:838  :0]            sock.c:513  UCX  WARN  unable to read somaxconn value from /proc/sys/net/core/somaxconn file
[1751140242.336470] [flux-sample-2:3477 :0]            sock.c:513  UCX  WARN  unable to read somaxconn value from /proc/sys/net/core/somaxconn file
[1751140242.425507] [flux-sample-5:2594 :0]            sock.c:513  UCX  WARN  unable to read somaxconn value from /proc/sys/net/core/somaxconn file
[1751140242.477965] [flux-sample-4:2617 :0]            sock.c:513  UCX  WARN  unable to read somaxconn value from /proc/sys/net/core/somaxconn file
[1751140242.472503] [flux-sample-11:1803 :0]            sock.c:513  UCX  WARN  unable to read somaxconn value from /proc/sys/net/core/somaxconn file
[1751140242.328918] [flux-sample-25:848  :0]            sock.c:513  UCX  WARN  unable to read somaxconn value from /proc/sys/net/core/somaxconn file
[1751140242.407020] [flux-sample-13:1747 :0]            sock.c:513  UCX  WARN  unable to read somaxconn value from /proc/sys/net/core/somaxconn file
[1751140242.372692] [flux-sample-8:1802 :0]            sock.c:513  UCX  WARN  unable to read somaxconn value from /proc/sys/net/core/somaxconn file
[1751140242.461120] [flux-sample-9:1747 :0]            sock.c:513  UCX  WARN  unable to read somaxconn value from /proc/sys/net/core/somaxconn file
[1751140242.425651] [flux-sample-30:877  :0]            sock.c:513  UCX  WARN  unable to read somaxconn value from /proc/sys/net/core/somaxconn file
[1751140242.454484] [flux-sample-31:824  :0]            sock.c:513  UCX  WARN  unable to read somaxconn value from /proc/sys/net/core/somaxconn file
[1751140242.462457] [flux-sample-29:933  :0]            sock.c:513  UCX  WARN  unable to read somaxconn value from /proc/sys/net/core/somaxconn file
[1751140242.358318] [flux-sample-26:933  :0]            sock.c:513  UCX  WARN  unable to read somaxconn value from /proc/sys/net/core/somaxconn file
[1751140242.410037] [flux-sample-1:3543 :0]            sock.c:513  UCX  WARN  unable to read somaxconn value from /proc/sys/net/core/somaxconn file
[1751140242.436879] [flux-sample-3:3487 :0]            sock.c:513  UCX  WARN  unable to read somaxconn value from /proc/sys/net/core/somaxconn file
[1751140242.460069] [flux-sample-28:877  :0]            sock.c:513  UCX  WARN  unable to read somaxconn value from /proc/sys/net/core/somaxconn file
[1751140242.344959] [flux-sample-27:865  :0]            sock.c:513  UCX  WARN  unable to read somaxconn value from /proc/sys/net/core/somaxconn file
[1751140242.584698] [flux-sample-16:835  :0]            sock.c:513  UCX  WARN  unable to read somaxconn value from /proc/sys/net/core/somaxconn file
[1751140242.311526] [flux-sample-21:811  :0]            sock.c:513  UCX  WARN  unable to read somaxconn value from /proc/sys/net/core/somaxconn file
[1751140242.332646] [flux-sample-12:1730 :0]            sock.c:513  UCX  WARN  unable to read somaxconn value from /proc/sys/net/core/somaxconn file
[1751140242.465118] [flux-sample-7:2549 :0]            sock.c:513  UCX  WARN  unable to read somaxconn value from /proc/sys/net/core/somaxconn file
[1751140242.483838] [flux-sample-23:826  :0]            sock.c:513  UCX  WARN  unable to read somaxconn value from /proc/sys/net/core/somaxconn file
[1751140242.418179] [flux-sample-14:1758 :0]            sock.c:513  UCX  WARN  unable to read somaxconn value from /proc/sys/net/core/somaxconn file
[1751140242.335756] [flux-sample-10:1681 :0]            sock.c:513  UCX  WARN  unable to read somaxconn value from /proc/sys/net/core/somaxconn file
[1751140242.452189] [flux-sample-17:932  :0]            sock.c:513  UCX  WARN  unable to read somaxconn value from /proc/sys/net/core/somaxconn file
[1751140242.479004] [flux-sample-19:860  :0]            sock.c:513  UCX  WARN  unable to read somaxconn value from /proc/sys/net/core/somaxconn file
[1751140242.312169] [flux-sample-22:876  :0]            sock.c:513  UCX  WARN  unable to read somaxconn value from /proc/sys/net/core/somaxconn file
[1751140242.290959] [flux-sample-15:1685 :0]            sock.c:513  UCX  WARN  unable to read somaxconn value from /proc/sys/net/core/somaxconn file
[1751140242.483385] [flux-sample-24:849  :0]            sock.c:513  UCX  WARN  unable to read somaxconn value from /proc/sys/net/core/somaxconn file
[1751140242.482203] [flux-sample-20:862  :0]            sock.c:513  UCX  WARN  unable to read somaxconn value from /proc/sys/net/core/somaxconn file
[1751140242.336231] [flux-sample-18:836  :0]            sock.c:513  UCX  WARN  unable to read somaxconn value from /proc/sys/net/core/somaxconn file
[1751140242.472425] [flux-sample-2:3475 :0]            sock.c:513  UCX  WARN  unable to read somaxconn value from /proc/sys/net/core/somaxconn file
[1751140242.331903] [flux-sample-5:2591 :0]            sock.c:513  UCX  WARN  unable to read somaxconn value from /proc/sys/net/core/somaxconn file
[1751140242.472747] [flux-sample-4:2615 :0]            sock.c:513  UCX  WARN  unable to read somaxconn value from /proc/sys/net/core/somaxconn file
[1751140242.465692] [flux-sample-11:1801 :0]            sock.c:513  UCX  WARN  unable to read somaxconn value from /proc/sys/net/core/somaxconn file
[1751140242.328918] [flux-sample-25:846  :0]            sock.c:513  UCX  WARN  unable to read somaxconn value from /proc/sys/net/core/somaxconn file
[1751140242.393919] [flux-sample-13:1744 :0]            sock.c:513  UCX  WARN  unable to read somaxconn value from /proc/sys/net/core/somaxconn file
[1751140242.441186] [flux-sample-8:1800 :0]            sock.c:513  UCX  WARN  unable to read somaxconn value from /proc/sys/net/core/somaxconn file
[1751140242.450482] [flux-sample-9:1745 :0]            sock.c:513  UCX  WARN  unable to read somaxconn value from /proc/sys/net/core/somaxconn file
[1751140242.419263] [flux-sample-30:875  :0]            sock.c:513  UCX  WARN  unable to read somaxconn value from /proc/sys/net/core/somaxconn file
[1751140242.313939] [flux-sample-31:823  :0]            sock.c:513  UCX  WARN  unable to read somaxconn value from /proc/sys/net/core/somaxconn file
[1751140242.454120] [flux-sample-29:931  :0]            sock.c:513  UCX  WARN  unable to read somaxconn value from /proc/sys/net/core/somaxconn file
[1751140242.467156] [flux-sample-26:931  :0]            sock.c:513  UCX  WARN  unable to read somaxconn value from /proc/sys/net/core/somaxconn file
[1751140242.443269] [flux-sample-1:3541 :0]            sock.c:513  UCX  WARN  unable to read somaxconn value from /proc/sys/net/core/somaxconn file
[1751140242.430509] [flux-sample-3:3486 :0]            sock.c:513  UCX  WARN  unable to read somaxconn value from /proc/sys/net/core/somaxconn file
[1751140242.467790] [flux-sample-28:875  :0]            sock.c:513  UCX  WARN  unable to read somaxconn value from /proc/sys/net/core/somaxconn file
[1751140242.450419] [flux-sample-27:862  :0]            sock.c:513  UCX  WARN  unable to read somaxconn value from /proc/sys/net/core/somaxconn file
[1751140242.574023] [flux-sample-16:834  :0]            sock.c:513  UCX  WARN  unable to read somaxconn value from /proc/sys/net/core/somaxconn file
[1751140242.311940] [flux-sample-21:810  :0]            sock.c:513  UCX  WARN  unable to read somaxconn value from /proc/sys/net/core/somaxconn file
[1751140242.411579] [flux-sample-12:1728 :0]            sock.c:513  UCX  WARN  unable to read somaxconn value from /proc/sys/net/core/somaxconn file
[1751140242.586048] [flux-sample-16:832  :0]            sock.c:513  UCX  WARN  unable to read somaxconn value from /proc/sys/net/core/somaxconn file
[1751140242.485780] [flux-sample-23:824  :0]            sock.c:513  UCX  WARN  unable to read somaxconn value from /proc/sys/net/core/somaxconn file
[1751140242.446650] [flux-sample-14:1756 :0]            sock.c:513  UCX  WARN  unable to read somaxconn value from /proc/sys/net/core/somaxconn file
[1751140242.334542] [flux-sample-10:1680 :0]            sock.c:513  UCX  WARN  unable to read somaxconn value from /proc/sys/net/core/somaxconn file
[1751140242.386306] [flux-sample-17:923  :0]            sock.c:513  UCX  WARN  unable to read somaxconn value from /proc/sys/net/core/somaxconn file
[1751140242.348572] [flux-sample-19:858  :0]            sock.c:513  UCX  WARN  unable to read somaxconn value from /proc/sys/net/core/somaxconn file
[1751140242.313238] [flux-sample-22:873  :0]            sock.c:513  UCX  WARN  unable to read somaxconn value from /proc/sys/net/core/somaxconn file
[1751140242.290959] [flux-sample-15:1684 :0]            sock.c:513  UCX  WARN  unable to read somaxconn value from /proc/sys/net/core/somaxconn file
[1751140242.385606] [flux-sample-24:846  :0]            sock.c:513  UCX  WARN  unable to read somaxconn value from /proc/sys/net/core/somaxconn file
[1751140242.421191] [flux-sample-20:859  :0]            sock.c:513  UCX  WARN  unable to read somaxconn value from /proc/sys/net/core/somaxconn file
[1751140242.476054] [flux-sample-18:835  :0]            sock.c:513  UCX  WARN  unable to read somaxconn value from /proc/sys/net/core/somaxconn file
[1751140242.472425] [flux-sample-2:3473 :0]            sock.c:513  UCX  WARN  unable to read somaxconn value from /proc/sys/net/core/somaxconn file
[1751140242.425507] [flux-sample-5:2588 :0]            sock.c:513  UCX  WARN  unable to read somaxconn value from /proc/sys/net/core/somaxconn file
[1751140242.474850] [flux-sample-4:2613 :0]            sock.c:513  UCX  WARN  unable to read somaxconn value from /proc/sys/net/core/somaxconn file
[1751140242.434715] [flux-sample-11:1799 :0]            sock.c:513  UCX  WARN  unable to read somaxconn value from /proc/sys/net/core/somaxconn file
[1751140242.409373] [flux-sample-25:844  :0]            sock.c:513  UCX  WARN  unable to read somaxconn value from /proc/sys/net/core/somaxconn file
[1751140242.419463] [flux-sample-13:1741 :0]            sock.c:513  UCX  WARN  unable to read somaxconn value from /proc/sys/net/core/somaxconn file
[1751140242.457383] [flux-sample-8:1798 :0]            sock.c:513  UCX  WARN  unable to read somaxconn value from /proc/sys/net/core/somaxconn file
[1751140242.450486] [flux-sample-9:1743 :0]            sock.c:513  UCX  WARN  unable to read somaxconn value from /proc/sys/net/core/somaxconn file
[1751140242.415692] [flux-sample-30:873  :0]            sock.c:513  UCX  WARN  unable to read somaxconn value from /proc/sys/net/core/somaxconn file
[1751140242.447445] [flux-sample-31:820  :0]            sock.c:513  UCX  WARN  unable to read somaxconn value from /proc/sys/net/core/somaxconn file
[1751140242.435020] [flux-sample-29:929  :0]            sock.c:513  UCX  WARN  unable to read somaxconn value from /proc/sys/net/core/somaxconn file
[1751140242.380529] [flux-sample-26:929  :0]            sock.c:513  UCX  WARN  unable to read somaxconn value from /proc/sys/net/core/somaxconn file
[1751140242.442404] [flux-sample-1:3538 :0]            sock.c:513  UCX  WARN  unable to read somaxconn value from /proc/sys/net/core/somaxconn file
[1751140242.434842] [flux-sample-3:3483 :0]            sock.c:513  UCX  WARN  unable to read somaxconn value from /proc/sys/net/core/somaxconn file
[1751140242.459281] [flux-sample-28:873  :0]            sock.c:513  UCX  WARN  unable to read somaxconn value from /proc/sys/net/core/somaxconn file
[1751140242.432853] [flux-sample-27:861  :0]            sock.c:513  UCX  WARN  unable to read somaxconn value from /proc/sys/net/core/somaxconn file
[1751140242.118305] [flux-sample-21:809  :0]            sock.c:513  UCX  WARN  unable to read somaxconn value from /proc/sys/net/core/somaxconn file
[1751140242.465492] [flux-sample-12:1769 :0]            sock.c:513  UCX  WARN  unable to read somaxconn value from /proc/sys/net/core/somaxconn file
[1751140242.564329] [flux-sample-16:831  :0]            sock.c:513  UCX  WARN  unable to read somaxconn value from /proc/sys/net/core/somaxconn file
[1751140242.394312] [flux-sample-23:822  :0]            sock.c:513  UCX  WARN  unable to read somaxconn value from /proc/sys/net/core/somaxconn file
[1751140242.342900] [flux-sample-14:1753 :0]            sock.c:513  UCX  WARN  unable to read somaxconn value from /proc/sys/net/core/somaxconn file
[1751140242.334542] [flux-sample-10:1679 :0]            sock.c:513  UCX  WARN  unable to read somaxconn value from /proc/sys/net/core/somaxconn file
[1751140242.379645] [flux-sample-17:917  :0]            sock.c:513  UCX  WARN  unable to read somaxconn value from /proc/sys/net/core/somaxconn file
[1751140242.347712] [flux-sample-19:855  :0]            sock.c:513  UCX  WARN  unable to read somaxconn value from /proc/sys/net/core/somaxconn file
[1751140242.302406] [flux-sample-22:872  :0]            sock.c:513  UCX  WARN  unable to read somaxconn value from /proc/sys/net/core/somaxconn file
[1751140242.264284] [flux-sample-15:1683 :0]            sock.c:513  UCX  WARN  unable to read somaxconn value from /proc/sys/net/core/somaxconn file
[1751140242.404883] [flux-sample-24:844  :0]            sock.c:513  UCX  WARN  unable to read somaxconn value from /proc/sys/net/core/somaxconn file
[1751140242.338613] [flux-sample-20:856  :0]            sock.c:513  UCX  WARN  unable to read somaxconn value from /proc/sys/net/core/somaxconn file
[1751140242.477905] [flux-sample-18:833  :0]            sock.c:513  UCX  WARN  unable to read somaxconn value from /proc/sys/net/core/somaxconn file
[1751140242.471145] [flux-sample-2:3471 :0]            sock.c:513  UCX  WARN  unable to read somaxconn value from /proc/sys/net/core/somaxconn file
[1751140242.444558] [flux-sample-5:2587 :0]            sock.c:513  UCX  WARN  unable to read somaxconn value from /proc/sys/net/core/somaxconn file
[1751140242.472870] [flux-sample-4:2611 :0]            sock.c:513  UCX  WARN  unable to read somaxconn value from /proc/sys/net/core/somaxconn file
[1751140242.342658] [flux-sample-11:1797 :0]            sock.c:513  UCX  WARN  unable to read somaxconn value from /proc/sys/net/core/somaxconn file
[1751140242.431946] [flux-sample-25:841  :0]            sock.c:513  UCX  WARN  unable to read somaxconn value from /proc/sys/net/core/somaxconn file
[1751140242.418110] [flux-sample-13:1739 :0]            sock.c:513  UCX  WARN  unable to read somaxconn value from /proc/sys/net/core/somaxconn file
[1751140242.457723] [flux-sample-8:1796 :0]            sock.c:513  UCX  WARN  unable to read somaxconn value from /proc/sys/net/core/somaxconn file
[1751140242.490841] [flux-sample-9:1741 :0]            sock.c:513  UCX  WARN  unable to read somaxconn value from /proc/sys/net/core/somaxconn file
[1751140242.421779] [flux-sample-30:871  :0]            sock.c:513  UCX  WARN  unable to read somaxconn value from /proc/sys/net/core/somaxconn file
[1751140242.313939] [flux-sample-31:817  :0]            sock.c:513  UCX  WARN  unable to read somaxconn value from /proc/sys/net/core/somaxconn file
[1751140242.414418] [flux-sample-29:927  :0]            sock.c:513  UCX  WARN  unable to read somaxconn value from /proc/sys/net/core/somaxconn file
[1751140242.474738] [flux-sample-26:925  :0]            sock.c:513  UCX  WARN  unable to read somaxconn value from /proc/sys/net/core/somaxconn file
[1751140242.442562] [flux-sample-1:3536 :0]            sock.c:513  UCX  WARN  unable to read somaxconn value from /proc/sys/net/core/somaxconn file
[1751140242.443560] [flux-sample-3:3480 :0]            sock.c:513  UCX  WARN  unable to read somaxconn value from /proc/sys/net/core/somaxconn file
[1751140242.436712] [flux-sample-28:871  :0]            sock.c:513  UCX  WARN  unable to read somaxconn value from /proc/sys/net/core/somaxconn file
[1751140242.432853] [flux-sample-27:859  :0]            sock.c:513  UCX  WARN  unable to read somaxconn value from /proc/sys/net/core/somaxconn file
[1751140242.118305] [flux-sample-21:808  :0]            sock.c:513  UCX  WARN  unable to read somaxconn value from /proc/sys/net/core/somaxconn file
[1751140242.341313] [flux-sample-12:1766 :0]            sock.c:513  UCX  WARN  unable to read somaxconn value from /proc/sys/net/core/somaxconn file
[1751140242.575809] [flux-sample-16:829  :0]            sock.c:513  UCX  WARN  unable to read somaxconn value from /proc/sys/net/core/somaxconn file
[1751140242.394763] [flux-sample-23:819  :0]            sock.c:513  UCX  WARN  unable to read somaxconn value from /proc/sys/net/core/somaxconn file
[1751140242.403655] [flux-sample-14:1751 :0]            sock.c:513  UCX  WARN  unable to read somaxconn value from /proc/sys/net/core/somaxconn file
[1751140242.451035] [flux-sample-10:1678 :0]            sock.c:513  UCX  WARN  unable to read somaxconn value from /proc/sys/net/core/somaxconn file
[1751140242.423967] [flux-sample-17:913  :0]            sock.c:513  UCX  WARN  unable to read somaxconn value from /proc/sys/net/core/somaxconn file
[1751140242.455708] [flux-sample-19:854  :0]            sock.c:513  UCX  WARN  unable to read somaxconn value from /proc/sys/net/core/somaxconn file
[1751140242.302406] [flux-sample-22:871  :0]            sock.c:513  UCX  WARN  unable to read somaxconn value from /proc/sys/net/core/somaxconn file
[1751140242.277230] [flux-sample-15:1682 :0]            sock.c:513  UCX  WARN  unable to read somaxconn value from /proc/sys/net/core/somaxconn file
[1751140242.426449] [flux-sample-24:842  :0]            sock.c:513  UCX  WARN  unable to read somaxconn value from /proc/sys/net/core/somaxconn file
[1751140242.338613] [flux-sample-20:854  :0]            sock.c:513  UCX  WARN  unable to read somaxconn value from /proc/sys/net/core/somaxconn file
[1751140242.483471] [flux-sample-18:830  :0]            sock.c:513  UCX  WARN  unable to read somaxconn value from /proc/sys/net/core/somaxconn file
[1751140242.334200] [flux-sample-2:3469 :0]            sock.c:513  UCX  WARN  unable to read somaxconn value from /proc/sys/net/core/somaxconn file
[1751140242.436226] [flux-sample-5:2586 :0]            sock.c:513  UCX  WARN  unable to read somaxconn value from /proc/sys/net/core/somaxconn file
[1751140242.498138] [flux-sample-4:2608 :0]            sock.c:513  UCX  WARN  unable to read somaxconn value from /proc/sys/net/core/somaxconn file
[1751140242.485638] [flux-sample-11:1795 :0]            sock.c:513  UCX  WARN  unable to read somaxconn value from /proc/sys/net/core/somaxconn file
[1751140242.325290] [flux-sample-25:839  :0]            sock.c:513  UCX  WARN  unable to read somaxconn value from /proc/sys/net/core/somaxconn file
[1751140242.419045] [flux-sample-13:1736 :0]            sock.c:513  UCX  WARN  unable to read somaxconn value from /proc/sys/net/core/somaxconn file
[1751140242.460209] [flux-sample-8:1793 :0]            sock.c:513  UCX  WARN  unable to read somaxconn value from /proc/sys/net/core/somaxconn file
[1751140242.491804] [flux-sample-9:1739 :0]            sock.c:513  UCX  WARN  unable to read somaxconn value from /proc/sys/net/core/somaxconn file
[1751140242.474979] [flux-sample-30:869  :0]            sock.c:513  UCX  WARN  unable to read somaxconn value from /proc/sys/net/core/somaxconn file
[1751140242.368717] [flux-sample-31:816  :0]            sock.c:513  UCX  WARN  unable to read somaxconn value from /proc/sys/net/core/somaxconn file
[1751140242.430887] [flux-sample-29:925  :0]            sock.c:513  UCX  WARN  unable to read somaxconn value from /proc/sys/net/core/somaxconn file
[1751140242.466574] [flux-sample-26:920  :0]            sock.c:513  UCX  WARN  unable to read somaxconn value from /proc/sys/net/core/somaxconn file
[1751140242.443100] [flux-sample-1:3534 :0]            sock.c:513  UCX  WARN  unable to read somaxconn value from /proc/sys/net/core/somaxconn file
[1751140242.428025] [flux-sample-3:3478 :0]            sock.c:513  UCX  WARN  unable to read somaxconn value from /proc/sys/net/core/somaxconn file
[1751140242.423468] [flux-sample-28:869  :0]            sock.c:513  UCX  WARN  unable to read somaxconn value from /proc/sys/net/core/somaxconn file
[1751140242.452836] [flux-sample-27:857  :0]            sock.c:513  UCX  WARN  unable to read somaxconn value from /proc/sys/net/core/somaxconn file
[1751140242.418088] [flux-sample-27:856  :0]            sock.c:513  UCX  WARN  unable to read somaxconn value from /proc/sys/net/core/somaxconn file
[1751140242.372968] [flux-sample-12:1765 :0]            sock.c:513  UCX  WARN  unable to read somaxconn value from /proc/sys/net/core/somaxconn file
[1751140242.586336] [flux-sample-16:825  :0]            sock.c:513  UCX  WARN  unable to read somaxconn value from /proc/sys/net/core/somaxconn file
[1751140242.480893] [flux-sample-23:817  :0]            sock.c:513  UCX  WARN  unable to read somaxconn value from /proc/sys/net/core/somaxconn file
[1751140242.345894] [flux-sample-14:1749 :0]            sock.c:513  UCX  WARN  unable to read somaxconn value from /proc/sys/net/core/somaxconn file
[1751140242.449795] [flux-sample-10:1759 :0]            sock.c:513  UCX  WARN  unable to read somaxconn value from /proc/sys/net/core/somaxconn file
[1751140242.456241] [flux-sample-17:908  :0]            sock.c:513  UCX  WARN  unable to read somaxconn value from /proc/sys/net/core/somaxconn file
[1751140242.454520] [flux-sample-19:853  :0]            sock.c:513  UCX  WARN  unable to read somaxconn value from /proc/sys/net/core/somaxconn file
[1751140242.302936] [flux-sample-22:870  :0]            sock.c:513  UCX  WARN  unable to read somaxconn value from /proc/sys/net/core/somaxconn file
[1751140242.379230] [flux-sample-15:1681 :0]            sock.c:513  UCX  WARN  unable to read somaxconn value from /proc/sys/net/core/somaxconn file
[1751140242.444154] [flux-sample-24:840  :0]            sock.c:513  UCX  WARN  unable to read somaxconn value from /proc/sys/net/core/somaxconn file
[1751140242.482411] [flux-sample-20:853  :0]            sock.c:513  UCX  WARN  unable to read somaxconn value from /proc/sys/net/core/somaxconn file
[1751140242.483455] [flux-sample-18:829  :0]            sock.c:513  UCX  WARN  unable to read somaxconn value from /proc/sys/net/core/somaxconn file
[1751140242.339096] [flux-sample-2:3468 :0]            sock.c:513  UCX  WARN  unable to read somaxconn value from /proc/sys/net/core/somaxconn file
[1751140242.436690] [flux-sample-5:2583 :0]            sock.c:513  UCX  WARN  unable to read somaxconn value from /proc/sys/net/core/somaxconn file
[1751140242.377228] [flux-sample-4:2606 :0]            sock.c:513  UCX  WARN  unable to read somaxconn value from /proc/sys/net/core/somaxconn file
[1751140242.450579] [flux-sample-11:1792 :0]            sock.c:513  UCX  WARN  unable to read somaxconn value from /proc/sys/net/core/somaxconn file
[1751140242.341240] [flux-sample-25:837  :0]            sock.c:513  UCX  WARN  unable to read somaxconn value from /proc/sys/net/core/somaxconn file
[1751140242.416649] [flux-sample-13:1735 :0]            sock.c:513  UCX  WARN  unable to read somaxconn value from /proc/sys/net/core/somaxconn file
[1751140242.458390] [flux-sample-8:1791 :0]            sock.c:513  UCX  WARN  unable to read somaxconn value from /proc/sys/net/core/somaxconn file
[1751140242.466081] [flux-sample-9:1737 :0]            sock.c:513  UCX  WARN  unable to read somaxconn value from /proc/sys/net/core/somaxconn file
[1751140242.436867] [flux-sample-30:867  :0]            sock.c:513  UCX  WARN  unable to read somaxconn value from /proc/sys/net/core/somaxconn file
[1751140242.293835] [flux-sample-31:815  :0]            sock.c:513  UCX  WARN  unable to read somaxconn value from /proc/sys/net/core/somaxconn file
[1751140242.476849] [flux-sample-29:923  :0]            sock.c:513  UCX  WARN  unable to read somaxconn value from /proc/sys/net/core/somaxconn file
[1751140242.472378] [flux-sample-26:917  :0]            sock.c:513  UCX  WARN  unable to read somaxconn value from /proc/sys/net/core/somaxconn file
[1751140242.429284] [flux-sample-1:3531 :0]            sock.c:513  UCX  WARN  unable to read somaxconn value from /proc/sys/net/core/somaxconn file
[1751140242.425331] [flux-sample-3:3476 :0]            sock.c:513  UCX  WARN  unable to read somaxconn value from /proc/sys/net/core/somaxconn file
[1751140242.423456] [flux-sample-28:867  :0]            sock.c:513  UCX  WARN  unable to read somaxconn value from /proc/sys/net/core/somaxconn file
[1751140242.391798] [flux-sample-27:854  :0]            sock.c:513  UCX  WARN  unable to read somaxconn value from /proc/sys/net/core/somaxconn file
[1751140242.430566] [flux-sample-12:1762 :0]            sock.c:513  UCX  WARN  unable to read somaxconn value from /proc/sys/net/core/somaxconn file
[1751140242.497126] [flux-sample-16:823  :0]            sock.c:513  UCX  WARN  unable to read somaxconn value from /proc/sys/net/core/somaxconn file
[1751140242.382403] [flux-sample-23:816  :0]            sock.c:513  UCX  WARN  unable to read somaxconn value from /proc/sys/net/core/somaxconn file
[1751140242.337481] [flux-sample-14:1748 :0]            sock.c:513  UCX  WARN  unable to read somaxconn value from /proc/sys/net/core/somaxconn file
[1751140242.421991] [flux-sample-28:863  :0]            sock.c:513  UCX  WARN  unable to read somaxconn value from /proc/sys/net/core/somaxconn file
[1751140242.381803] [flux-sample-17:905  :0]            sock.c:513  UCX  WARN  unable to read somaxconn value from /proc/sys/net/core/somaxconn file
[1751140242.454520] [flux-sample-19:851  :0]            sock.c:513  UCX  WARN  unable to read somaxconn value from /proc/sys/net/core/somaxconn file
[1751140242.322148] [flux-sample-22:869  :0]            sock.c:513  UCX  WARN  unable to read somaxconn value from /proc/sys/net/core/somaxconn file
[1751140242.299318] [flux-sample-15:1679 :0]            sock.c:513  UCX  WARN  unable to read somaxconn value from /proc/sys/net/core/somaxconn file
[1751140242.423709] [flux-sample-24:837  :0]            sock.c:513  UCX  WARN  unable to read somaxconn value from /proc/sys/net/core/somaxconn file
[1751140242.417690] [flux-sample-20:852  :0]            sock.c:513  UCX  WARN  unable to read somaxconn value from /proc/sys/net/core/somaxconn file
[1751140242.489317] [flux-sample-18:826  :0]            sock.c:513  UCX  WARN  unable to read somaxconn value from /proc/sys/net/core/somaxconn file
[1751140242.335562] [flux-sample-2:3465 :0]            sock.c:513  UCX  WARN  unable to read somaxconn value from /proc/sys/net/core/somaxconn file
[1751140242.432757] [flux-sample-5:2581 :0]            sock.c:513  UCX  WARN  unable to read somaxconn value from /proc/sys/net/core/somaxconn file
[1751140242.377228] [flux-sample-4:2604 :0]            sock.c:513  UCX  WARN  unable to read somaxconn value from /proc/sys/net/core/somaxconn file
[1751140242.466155] [flux-sample-11:1789 :0]            sock.c:513  UCX  WARN  unable to read somaxconn value from /proc/sys/net/core/somaxconn file
[1751140242.325103] [flux-sample-25:836  :0]            sock.c:513  UCX  WARN  unable to read somaxconn value from /proc/sys/net/core/somaxconn file
[1751140242.408227] [flux-sample-13:1732 :0]            sock.c:513  UCX  WARN  unable to read somaxconn value from /proc/sys/net/core/somaxconn file
[1751140242.375750] [flux-sample-8:1788 :0]            sock.c:513  UCX  WARN  unable to read somaxconn value from /proc/sys/net/core/somaxconn file
[1751140242.490244] [flux-sample-9:1734 :0]            sock.c:513  UCX  WARN  unable to read somaxconn value from /proc/sys/net/core/somaxconn file
[1751140242.426948] [flux-sample-30:864  :0]            sock.c:513  UCX  WARN  unable to read somaxconn value from /proc/sys/net/core/somaxconn file
[1751140242.311590] [flux-sample-31:814  :0]            sock.c:513  UCX  WARN  unable to read somaxconn value from /proc/sys/net/core/somaxconn file
[1751140242.429634] [flux-sample-29:920  :0]            sock.c:513  UCX  WARN  unable to read somaxconn value from /proc/sys/net/core/somaxconn file
[1751140242.477899] [flux-sample-26:915  :0]            sock.c:513  UCX  WARN  unable to read somaxconn value from /proc/sys/net/core/somaxconn file
[1751140242.395191] [flux-sample-1:3528 :0]            sock.c:513  UCX  WARN  unable to read somaxconn value from /proc/sys/net/core/somaxconn file
[1751140242.436674] [flux-sample-3:3472 :0]            sock.c:513  UCX  WARN  unable to read somaxconn value from /proc/sys/net/core/somaxconn file
[1751140242.407249] [flux-sample-27:853  :0]            sock.c:513  UCX  WARN  unable to read somaxconn value from /proc/sys/net/core/somaxconn file
[1751140242.467038] [flux-sample-12:1760 :0]            sock.c:513  UCX  WARN  unable to read somaxconn value from /proc/sys/net/core/somaxconn file
[1751140242.586031] [flux-sample-16:820  :0]            sock.c:513  UCX  WARN  unable to read somaxconn value from /proc/sys/net/core/somaxconn file
[1751140242.371302] [flux-sample-23:815  :0]            sock.c:513  UCX  WARN  unable to read somaxconn value from /proc/sys/net/core/somaxconn file
[1751140242.338210] [flux-sample-14:1746 :0]            sock.c:513  UCX  WARN  unable to read somaxconn value from /proc/sys/net/core/somaxconn file
[1751140242.394620] [flux-sample-28:861  :0]            sock.c:513  UCX  WARN  unable to read somaxconn value from /proc/sys/net/core/somaxconn file
[1751140242.423732] [flux-sample-3:3469 :0]            sock.c:513  UCX  WARN  unable to read somaxconn value from /proc/sys/net/core/somaxconn file
[1751140242.067150] [flux-sample-19:808  :0]            sock.c:513  UCX  WARN  unable to read somaxconn value from /proc/sys/net/core/somaxconn file
[1751140242.280452] [flux-sample-22:868  :0]            sock.c:513  UCX  WARN  unable to read somaxconn value from /proc/sys/net/core/somaxconn file
[1751140242.333688] [flux-sample-15:1680 :0]            sock.c:513  UCX  WARN  unable to read somaxconn value from /proc/sys/net/core/somaxconn file
[1751140242.444142] [flux-sample-24:836  :0]            sock.c:513  UCX  WARN  unable to read somaxconn value from /proc/sys/net/core/somaxconn file
[1751140242.373414] [flux-sample-20:851  :0]            sock.c:513  UCX  WARN  unable to read somaxconn value from /proc/sys/net/core/somaxconn file
[1751140242.480037] [flux-sample-18:825  :0]            sock.c:513  UCX  WARN  unable to read somaxconn value from /proc/sys/net/core/somaxconn file
[1751140242.466559] [flux-sample-2:3462 :0]            sock.c:513  UCX  WARN  unable to read somaxconn value from /proc/sys/net/core/somaxconn file
[1751140242.429634] [flux-sample-5:2580 :0]            sock.c:513  UCX  WARN  unable to read somaxconn value from /proc/sys/net/core/somaxconn file
[1751140242.491652] [flux-sample-4:2602 :0]            sock.c:513  UCX  WARN  unable to read somaxconn value from /proc/sys/net/core/somaxconn file
[1751140242.448501] [flux-sample-11:1787 :0]            sock.c:513  UCX  WARN  unable to read somaxconn value from /proc/sys/net/core/somaxconn file
[1751140242.325285] [flux-sample-25:833  :0]            sock.c:513  UCX  WARN  unable to read somaxconn value from /proc/sys/net/core/somaxconn file
[1751140242.422335] [flux-sample-13:1730 :0]            sock.c:513  UCX  WARN  unable to read somaxconn value from /proc/sys/net/core/somaxconn file
[1751140242.448010] [flux-sample-8:1785 :0]            sock.c:513  UCX  WARN  unable to read somaxconn value from /proc/sys/net/core/somaxconn file
[1751140242.485215] [flux-sample-9:1732 :0]            sock.c:513  UCX  WARN  unable to read somaxconn value from /proc/sys/net/core/somaxconn file
[1751140242.385771] [flux-sample-30:862  :0]            sock.c:513  UCX  WARN  unable to read somaxconn value from /proc/sys/net/core/somaxconn file
[1751140242.289781] [flux-sample-31:813  :0]            sock.c:513  UCX  WARN  unable to read somaxconn value from /proc/sys/net/core/somaxconn file
[1751140242.426173] [flux-sample-29:918  :0]            sock.c:513  UCX  WARN  unable to read somaxconn value from /proc/sys/net/core/somaxconn file
[1751140242.482043] [flux-sample-26:913  :0]            sock.c:513  UCX  WARN  unable to read somaxconn value from /proc/sys/net/core/somaxconn file
[1751140242.394303] [flux-sample-1:3525 :0]            sock.c:513  UCX  WARN  unable to read somaxconn value from /proc/sys/net/core/somaxconn file
[1751140242.396331] [flux-sample-27:901  :0]            sock.c:513  UCX  WARN  unable to read somaxconn value from /proc/sys/net/core/somaxconn file
[1751140242.418134] [flux-sample-12:1758 :0]            sock.c:513  UCX  WARN  unable to read somaxconn value from /proc/sys/net/core/somaxconn file
[1751140242.587665] [flux-sample-16:818  :0]            sock.c:513  UCX  WARN  unable to read somaxconn value from /proc/sys/net/core/somaxconn file
[1751140242.393444] [flux-sample-23:814  :0]            sock.c:513  UCX  WARN  unable to read somaxconn value from /proc/sys/net/core/somaxconn file
[1751140242.339694] [flux-sample-14:1743 :0]            sock.c:513  UCX  WARN  unable to read somaxconn value from /proc/sys/net/core/somaxconn file
[1751140242.400507] [flux-sample-28:857  :0]            sock.c:513  UCX  WARN  unable to read somaxconn value from /proc/sys/net/core/somaxconn file
[1751140242.426568] [flux-sample-3:3466 :0]            sock.c:513  UCX  WARN  unable to read somaxconn value from /proc/sys/net/core/somaxconn file
[1751140242.393428] [flux-sample-1:3522 :0]            sock.c:513  UCX  WARN  unable to read somaxconn value from /proc/sys/net/core/somaxconn file
[1751140242.322148] [flux-sample-22:867  :0]            sock.c:513  UCX  WARN  unable to read somaxconn value from /proc/sys/net/core/somaxconn file
[1751140242.467136] [flux-sample-26:911  :0]            sock.c:513  UCX  WARN  unable to read somaxconn value from /proc/sys/net/core/somaxconn file
[1751140242.428530] [flux-sample-24:833  :0]            sock.c:513  UCX  WARN  unable to read somaxconn value from /proc/sys/net/core/somaxconn file
[1751140242.475077] [flux-sample-20:850  :0]            sock.c:513  UCX  WARN  unable to read somaxconn value from /proc/sys/net/core/somaxconn file
[1751140242.328490] [flux-sample-18:822  :0]            sock.c:513  UCX  WARN  unable to read somaxconn value from /proc/sys/net/core/somaxconn file
[1751140242.459527] [flux-sample-2:3459 :0]            sock.c:513  UCX  WARN  unable to read somaxconn value from /proc/sys/net/core/somaxconn file
[1751140242.435877] [flux-sample-5:2578 :0]            sock.c:513  UCX  WARN  unable to read somaxconn value from /proc/sys/net/core/somaxconn file
[1751140242.497803] [flux-sample-4:2600 :0]            sock.c:513  UCX  WARN  unable to read somaxconn value from /proc/sys/net/core/somaxconn file
[1751140242.447972] [flux-sample-11:1784 :0]            sock.c:513  UCX  WARN  unable to read somaxconn value from /proc/sys/net/core/somaxconn file
[1751140242.331555] [flux-sample-25:831  :0]            sock.c:513  UCX  WARN  unable to read somaxconn value from /proc/sys/net/core/somaxconn file
[1751140242.410867] [flux-sample-13:1728 :0]            sock.c:513  UCX  WARN  unable to read somaxconn value from /proc/sys/net/core/somaxconn file
[1751140242.439690] [flux-sample-8:1783 :0]            sock.c:513  UCX  WARN  unable to read somaxconn value from /proc/sys/net/core/somaxconn file
[1751140242.439236] [flux-sample-9:1730 :0]            sock.c:513  UCX  WARN  unable to read somaxconn value from /proc/sys/net/core/somaxconn file
[1751140242.385765] [flux-sample-30:858  :0]            sock.c:513  UCX  WARN  unable to read somaxconn value from /proc/sys/net/core/somaxconn file
[1751140242.289781] [flux-sample-31:812  :0]            sock.c:513  UCX  WARN  unable to read somaxconn value from /proc/sys/net/core/somaxconn file
[1751140242.424560] [flux-sample-29:914  :0]            sock.c:513  UCX  WARN  unable to read somaxconn value from /proc/sys/net/core/somaxconn file
[1751140242.415018] [flux-sample-27:899  :0]            sock.c:513  UCX  WARN  unable to read somaxconn value from /proc/sys/net/core/somaxconn file
[1751140242.332646] [flux-sample-12:1727 :0]            sock.c:513  UCX  WARN  unable to read somaxconn value from /proc/sys/net/core/somaxconn file
[1751140242.586028] [flux-sample-16:817  :0]            sock.c:513  UCX  WARN  unable to read somaxconn value from /proc/sys/net/core/somaxconn file
[1751140242.382508] [flux-sample-23:813  :0]            sock.c:513  UCX  WARN  unable to read somaxconn value from /proc/sys/net/core/somaxconn file
[1751140242.339719] [flux-sample-14:1742 :0]            sock.c:513  UCX  WARN  unable to read somaxconn value from /proc/sys/net/core/somaxconn file
[1751140242.413718] [flux-sample-28:855  :0]            sock.c:513  UCX  WARN  unable to read somaxconn value from /proc/sys/net/core/somaxconn file
[1751140242.423732] [flux-sample-3:3464 :0]            sock.c:513  UCX  WARN  unable to read somaxconn value from /proc/sys/net/core/somaxconn file
[1751140242.392564] [flux-sample-1:3519 :0]            sock.c:513  UCX  WARN  unable to read somaxconn value from /proc/sys/net/core/somaxconn file
[1751140242.145928] [flux-sample-22:866  :0]            sock.c:513  UCX  WARN  unable to read somaxconn value from /proc/sys/net/core/somaxconn file
[1751140242.473035] [flux-sample-26:910  :0]            sock.c:513  UCX  WARN  unable to read somaxconn value from /proc/sys/net/core/somaxconn file
[1751140242.405339] [flux-sample-24:830  :0]            sock.c:513  UCX  WARN  unable to read somaxconn value from /proc/sys/net/core/somaxconn file
[1751140242.494168] [flux-sample-20:849  :0]            sock.c:513  UCX  WARN  unable to read somaxconn value from /proc/sys/net/core/somaxconn file
[1751140242.409715] [flux-sample-18:821  :0]            sock.c:513  UCX  WARN  unable to read somaxconn value from /proc/sys/net/core/somaxconn file
[1751140242.331877] [flux-sample-2:3457 :0]            sock.c:513  UCX  WARN  unable to read somaxconn value from /proc/sys/net/core/somaxconn file
[1751140242.438547] [flux-sample-5:2575 :0]            sock.c:513  UCX  WARN  unable to read somaxconn value from /proc/sys/net/core/somaxconn file
[1751140242.491662] [flux-sample-4:2599 :0]            sock.c:513  UCX  WARN  unable to read somaxconn value from /proc/sys/net/core/somaxconn file
[1751140242.444422] [flux-sample-11:1782 :0]            sock.c:513  UCX  WARN  unable to read somaxconn value from /proc/sys/net/core/somaxconn file
[1751140242.322899] [flux-sample-25:829  :0]            sock.c:513  UCX  WARN  unable to read somaxconn value from /proc/sys/net/core/somaxconn file
[1751140242.385587] [flux-sample-13:1727 :0]            sock.c:513  UCX  WARN  unable to read somaxconn value from /proc/sys/net/core/somaxconn file
[1751140242.440282] [flux-sample-8:1781 :0]            sock.c:513  UCX  WARN  unable to read somaxconn value from /proc/sys/net/core/somaxconn file
[1751140242.439236] [flux-sample-9:1727 :0]            sock.c:513  UCX  WARN  unable to read somaxconn value from /proc/sys/net/core/somaxconn file
[1751140242.385765] [flux-sample-30:856  :0]            sock.c:513  UCX  WARN  unable to read somaxconn value from /proc/sys/net/core/somaxconn file
[1751140242.198921] [flux-sample-31:811  :0]            sock.c:513  UCX  WARN  unable to read somaxconn value from /proc/sys/net/core/somaxconn file
[1751140242.435367] [flux-sample-29:912  :0]            sock.c:513  UCX  WARN  unable to read somaxconn value from /proc/sys/net/core/somaxconn file
[1751140242.406081] [flux-sample-27:896  :0]            sock.c:513  UCX  WARN  unable to read somaxconn value from /proc/sys/net/core/somaxconn file
[1751140242.458808] [flux-sample-12:1726 :0]            sock.c:513  UCX  WARN  unable to read somaxconn value from /proc/sys/net/core/somaxconn file
[1751140242.578035] [flux-sample-16:816  :0]            sock.c:513  UCX  WARN  unable to read somaxconn value from /proc/sys/net/core/somaxconn file
[1751140242.396764] [flux-sample-23:812  :0]            sock.c:513  UCX  WARN  unable to read somaxconn value from /proc/sys/net/core/somaxconn file
[1751140242.339719] [flux-sample-14:1741 :0]            sock.c:513  UCX  WARN  unable to read somaxconn value from /proc/sys/net/core/somaxconn file
[1751140242.428842] [flux-sample-28:853  :0]            sock.c:513  UCX  WARN  unable to read somaxconn value from /proc/sys/net/core/somaxconn file
[1751140242.420811] [flux-sample-3:3463 :0]            sock.c:513  UCX  WARN  unable to read somaxconn value from /proc/sys/net/core/somaxconn file
[1751140242.352203] [flux-sample-1:3518 :0]            sock.c:513  UCX  WARN  unable to read somaxconn value from /proc/sys/net/core/somaxconn file
[1751140242.145928] [flux-sample-22:865  :0]            sock.c:513  UCX  WARN  unable to read somaxconn value from /proc/sys/net/core/somaxconn file
[1751140242.473036] [flux-sample-26:907  :0]            sock.c:513  UCX  WARN  unable to read somaxconn value from /proc/sys/net/core/somaxconn file
[1751140242.421417] [flux-sample-24:827  :0]            sock.c:513  UCX  WARN  unable to read somaxconn value from /proc/sys/net/core/somaxconn file
[1751140242.480114] [flux-sample-20:847  :0]            sock.c:513  UCX  WARN  unable to read somaxconn value from /proc/sys/net/core/somaxconn file
[1751140242.381940] [flux-sample-18:817  :0]            sock.c:513  UCX  WARN  unable to read somaxconn value from /proc/sys/net/core/somaxconn file
[1751140242.331502] [flux-sample-2:3454 :0]            sock.c:513  UCX  WARN  unable to read somaxconn value from /proc/sys/net/core/somaxconn file
[1751140242.430890] [flux-sample-5:2573 :0]            sock.c:513  UCX  WARN  unable to read somaxconn value from /proc/sys/net/core/somaxconn file
[1751140242.483905] [flux-sample-4:2597 :0]            sock.c:513  UCX  WARN  unable to read somaxconn value from /proc/sys/net/core/somaxconn file
[1751140242.474682] [flux-sample-11:1781 :0]            sock.c:513  UCX  WARN  unable to read somaxconn value from /proc/sys/net/core/somaxconn file
[1751140242.447435] [flux-sample-25:869  :0]            sock.c:513  UCX  WARN  unable to read somaxconn value from /proc/sys/net/core/somaxconn file
[1751140242.406047] [flux-sample-13:1725 :0]            sock.c:513  UCX  WARN  unable to read somaxconn value from /proc/sys/net/core/somaxconn file
[1751140242.371642] [flux-sample-8:1779 :0]            sock.c:513  UCX  WARN  unable to read somaxconn value from /proc/sys/net/core/somaxconn file
[1751140242.441066] [flux-sample-9:1725 :0]            sock.c:513  UCX  WARN  unable to read somaxconn value from /proc/sys/net/core/somaxconn file
[1751140242.432188] [flux-sample-30:854  :0]            sock.c:513  UCX  WARN  unable to read somaxconn value from /proc/sys/net/core/somaxconn file
[1751140242.430237] [flux-sample-31:899  :0]            sock.c:513  UCX  WARN  unable to read somaxconn value from /proc/sys/net/core/somaxconn file
[1751140242.451009] [flux-sample-29:909  :0]            sock.c:513  UCX  WARN  unable to read somaxconn value from /proc/sys/net/core/somaxconn file
[1751140242.458349] [flux-sample-27:894  :0]            sock.c:513  UCX  WARN  unable to read somaxconn value from /proc/sys/net/core/somaxconn file
[1751140242.452435] [flux-sample-12:1725 :0]            sock.c:513  UCX  WARN  unable to read somaxconn value from /proc/sys/net/core/somaxconn file
[1751140242.582386] [flux-sample-16:815  :0]            sock.c:513  UCX  WARN  unable to read somaxconn value from /proc/sys/net/core/somaxconn file
[1751140242.479701] [flux-sample-23:811  :0]            sock.c:513  UCX  WARN  unable to read somaxconn value from /proc/sys/net/core/somaxconn file
[1751140242.340146] [flux-sample-14:1740 :0]            sock.c:513  UCX  WARN  unable to read somaxconn value from /proc/sys/net/core/somaxconn file
[1751140242.423517] [flux-sample-28:851  :0]            sock.c:513  UCX  WARN  unable to read somaxconn value from /proc/sys/net/core/somaxconn file
[1751140242.420811] [flux-sample-3:3461 :0]            sock.c:513  UCX  WARN  unable to read somaxconn value from /proc/sys/net/core/somaxconn file
[1751140242.351712] [flux-sample-1:3517 :0]            sock.c:513  UCX  WARN  unable to read somaxconn value from /proc/sys/net/core/somaxconn file
[1751140242.145928] [flux-sample-22:864  :0]            sock.c:513  UCX  WARN  unable to read somaxconn value from /proc/sys/net/core/somaxconn file
[1751140242.481899] [flux-sample-26:898  :0]            sock.c:513  UCX  WARN  unable to read somaxconn value from /proc/sys/net/core/somaxconn file
[1751140242.416321] [flux-sample-24:825  :0]            sock.c:513  UCX  WARN  unable to read somaxconn value from /proc/sys/net/core/somaxconn file
[1751140242.475084] [flux-sample-20:844  :0]            sock.c:513  UCX  WARN  unable to read somaxconn value from /proc/sys/net/core/somaxconn file
[1751140242.389293] [flux-sample-18:816  :0]            sock.c:513  UCX  WARN  unable to read somaxconn value from /proc/sys/net/core/somaxconn file
[1751140242.332579] [flux-sample-2:3451 :0]            sock.c:513  UCX  WARN  unable to read somaxconn value from /proc/sys/net/core/somaxconn file
[1751140242.451527] [flux-sample-5:2570 :0]            sock.c:513  UCX  WARN  unable to read somaxconn value from /proc/sys/net/core/somaxconn file
[1751140242.361279] [flux-sample-4:2594 :0]            sock.c:513  UCX  WARN  unable to read somaxconn value from /proc/sys/net/core/somaxconn file
[1751140242.337700] [flux-sample-11:1780 :0]            sock.c:513  UCX  WARN  unable to read somaxconn value from /proc/sys/net/core/somaxconn file
[1751140242.449951] [flux-sample-25:899  :0]            sock.c:513  UCX  WARN  unable to read somaxconn value from /proc/sys/net/core/somaxconn file
[1751140242.408956] [flux-sample-13:1724 :0]            sock.c:513  UCX  WARN  unable to read somaxconn value from /proc/sys/net/core/somaxconn file
[1751140242.373075] [flux-sample-8:1778 :0]            sock.c:513  UCX  WARN  unable to read somaxconn value from /proc/sys/net/core/somaxconn file
[1751140242.386697] [flux-sample-9:1724 :0]            sock.c:513  UCX  WARN  unable to read somaxconn value from /proc/sys/net/core/somaxconn file
[1751140242.464106] [flux-sample-30:852  :0]            sock.c:513  UCX  WARN  unable to read somaxconn value from /proc/sys/net/core/somaxconn file
[1751140242.435051] [flux-sample-31:897  :0]            sock.c:513  UCX  WARN  unable to read somaxconn value from /proc/sys/net/core/somaxconn file
[1751140242.461231] [flux-sample-29:906  :0]            sock.c:513  UCX  WARN  unable to read somaxconn value from /proc/sys/net/core/somaxconn file
[1751140242.457172] [flux-sample-27:892  :0]            sock.c:513  UCX  WARN  unable to read somaxconn value from /proc/sys/net/core/somaxconn file
[1751140242.452435] [flux-sample-12:1722 :0]            sock.c:513  UCX  WARN  unable to read somaxconn value from /proc/sys/net/core/somaxconn file
[1751140242.586025] [flux-sample-16:814  :0]            sock.c:513  UCX  WARN  unable to read somaxconn value from /proc/sys/net/core/somaxconn file
[1751140242.417758] [flux-sample-23:810  :0]            sock.c:513  UCX  WARN  unable to read somaxconn value from /proc/sys/net/core/somaxconn file
[1751140242.342896] [flux-sample-14:1739 :0]            sock.c:513  UCX  WARN  unable to read somaxconn value from /proc/sys/net/core/somaxconn file
[1751140242.408660] [flux-sample-28:850  :0]            sock.c:513  UCX  WARN  unable to read somaxconn value from /proc/sys/net/core/somaxconn file
[1751140242.333376] [flux-sample-3:3458 :0]            sock.c:513  UCX  WARN  unable to read somaxconn value from /proc/sys/net/core/somaxconn file
[1751140242.395619] [flux-sample-1:3516 :0]            sock.c:513  UCX  WARN  unable to read somaxconn value from /proc/sys/net/core/somaxconn file
[1751140242.456572] [flux-sample-29:905  :0]            sock.c:513  UCX  WARN  unable to read somaxconn value from /proc/sys/net/core/somaxconn file
[1751140242.481899] [flux-sample-26:897  :0]            sock.c:513  UCX  WARN  unable to read somaxconn value from /proc/sys/net/core/somaxconn file
[1751140242.420531] [flux-sample-24:823  :0]            sock.c:513  UCX  WARN  unable to read somaxconn value from /proc/sys/net/core/somaxconn file
[1751140242.448522] [flux-sample-20:842  :0]            sock.c:513  UCX  WARN  unable to read somaxconn value from /proc/sys/net/core/somaxconn file
[1751140242.424864] [flux-sample-18:815  :0]            sock.c:513  UCX  WARN  unable to read somaxconn value from /proc/sys/net/core/somaxconn file
[1751140242.332564] [flux-sample-2:3450 :0]            sock.c:513  UCX  WARN  unable to read somaxconn value from /proc/sys/net/core/somaxconn file
[1751140242.450476] [flux-sample-5:2567 :0]            sock.c:513  UCX  WARN  unable to read somaxconn value from /proc/sys/net/core/somaxconn file
[1751140242.361279] [flux-sample-4:2591 :0]            sock.c:513  UCX  WARN  unable to read somaxconn value from /proc/sys/net/core/somaxconn file
[1751140242.340030] [flux-sample-11:1777 :0]            sock.c:513  UCX  WARN  unable to read somaxconn value from /proc/sys/net/core/somaxconn file
[1751140242.438470] [flux-sample-25:897  :0]            sock.c:513  UCX  WARN  unable to read somaxconn value from /proc/sys/net/core/somaxconn file
[1751140242.408219] [flux-sample-13:1722 :0]            sock.c:513  UCX  WARN  unable to read somaxconn value from /proc/sys/net/core/somaxconn file
[1751140242.374431] [flux-sample-8:1777 :0]            sock.c:513  UCX  WARN  unable to read somaxconn value from /proc/sys/net/core/somaxconn file
[1751140242.461123] [flux-sample-9:1721 :0]            sock.c:513  UCX  WARN  unable to read somaxconn value from /proc/sys/net/core/somaxconn file
[1751140242.383875] [flux-sample-30:850  :0]            sock.c:513  UCX  WARN  unable to read somaxconn value from /proc/sys/net/core/somaxconn file
[1751140242.379307] [flux-sample-31:895  :0]            sock.c:513  UCX  WARN  unable to read somaxconn value from /proc/sys/net/core/somaxconn file
[1751140242.449682] [flux-sample-27:851  :0]            sock.c:513  UCX  WARN  unable to read somaxconn value from /proc/sys/net/core/somaxconn file
[1751140242.466470] [flux-sample-12:1719 :0]            sock.c:513  UCX  WARN  unable to read somaxconn value from /proc/sys/net/core/somaxconn file
[1751140242.584710] [flux-sample-16:813  :0]            sock.c:513  UCX  WARN  unable to read somaxconn value from /proc/sys/net/core/somaxconn file
[1751140242.371912] [flux-sample-23:809  :0]            sock.c:513  UCX  WARN  unable to read somaxconn value from /proc/sys/net/core/somaxconn file
[1751140242.336625] [flux-sample-14:1738 :0]            sock.c:513  UCX  WARN  unable to read somaxconn value from /proc/sys/net/core/somaxconn file
[1751140242.424714] [flux-sample-28:849  :0]            sock.c:513  UCX  WARN  unable to read somaxconn value from /proc/sys/net/core/somaxconn file
[1751140242.333398] [flux-sample-3:3457 :0]            sock.c:513  UCX  WARN  unable to read somaxconn value from /proc/sys/net/core/somaxconn file
[1751140242.435651] [flux-sample-1:3515 :0]            sock.c:513  UCX  WARN  unable to read somaxconn value from /proc/sys/net/core/somaxconn file
[1751140242.353678] [flux-sample-29:903  :0]            sock.c:513  UCX  WARN  unable to read somaxconn value from /proc/sys/net/core/somaxconn file
[1751140242.481899] [flux-sample-26:895  :0]            sock.c:513  UCX  WARN  unable to read somaxconn value from /proc/sys/net/core/somaxconn file
[1751140242.424145] [flux-sample-24:821  :0]            sock.c:513  UCX  WARN  unable to read somaxconn value from /proc/sys/net/core/somaxconn file
[1751140242.448522] [flux-sample-20:839  :0]            sock.c:513  UCX  WARN  unable to read somaxconn value from /proc/sys/net/core/somaxconn file
[1751140242.388581] [flux-sample-18:814  :0]            sock.c:513  UCX  WARN  unable to read somaxconn value from /proc/sys/net/core/somaxconn file
[1751140242.333431] [flux-sample-2:3448 :0]            sock.c:513  UCX  WARN  unable to read somaxconn value from /proc/sys/net/core/somaxconn file
[1751140242.445337] [flux-sample-5:2565 :0]            sock.c:513  UCX  WARN  unable to read somaxconn value from /proc/sys/net/core/somaxconn file
[1751140242.496556] [flux-sample-4:2589 :0]            sock.c:513  UCX  WARN  unable to read somaxconn value from /proc/sys/net/core/somaxconn file
[1751140242.401662] [flux-sample-11:1774 :0]            sock.c:513  UCX  WARN  unable to read somaxconn value from /proc/sys/net/core/somaxconn file
[1751140242.447952] [flux-sample-25:895  :0]            sock.c:513  UCX  WARN  unable to read somaxconn value from /proc/sys/net/core/somaxconn file
[1751140242.321589] [flux-sample-13:1720 :0]            sock.c:513  UCX  WARN  unable to read somaxconn value from /proc/sys/net/core/somaxconn file
[1751140242.469414] [flux-sample-8:1775 :0]            sock.c:513  UCX  WARN  unable to read somaxconn value from /proc/sys/net/core/somaxconn file
[1751140242.442520] [flux-sample-9:1719 :0]            sock.c:513  UCX  WARN  unable to read somaxconn value from /proc/sys/net/core/somaxconn file
[1751140242.424036] [flux-sample-30:848  :0]            sock.c:513  UCX  WARN  unable to read somaxconn value from /proc/sys/net/core/somaxconn file
[1751140242.413072] [flux-sample-31:892  :0]            sock.c:513  UCX  WARN  unable to read somaxconn value from /proc/sys/net/core/somaxconn file
[1751140242.450457] [flux-sample-27:849  :0]            sock.c:513  UCX  WARN  unable to read somaxconn value from /proc/sys/net/core/somaxconn file
[1751140242.462864] [flux-sample-12:1716 :0]            sock.c:513  UCX  WARN  unable to read somaxconn value from /proc/sys/net/core/somaxconn file
[1751140242.561931] [flux-sample-16:812  :0]            sock.c:513  UCX  WARN  unable to read somaxconn value from /proc/sys/net/core/somaxconn file
[1751140242.371912] [flux-sample-23:808  :0]            sock.c:513  UCX  WARN  unable to read somaxconn value from /proc/sys/net/core/somaxconn file
[1751140242.338208] [flux-sample-14:1737 :0]            sock.c:513  UCX  WARN  unable to read somaxconn value from /proc/sys/net/core/somaxconn file
[1751140242.464471] [flux-sample-28:847  :0]            sock.c:513  UCX  WARN  unable to read somaxconn value from /proc/sys/net/core/somaxconn file
[1751140242.331634] [flux-sample-3:3455 :0]            sock.c:513  UCX  WARN  unable to read somaxconn value from /proc/sys/net/core/somaxconn file
[1751140242.436894] [flux-sample-1:3514 :0]            sock.c:513  UCX  WARN  unable to read somaxconn value from /proc/sys/net/core/somaxconn file
[1751140242.353856] [flux-sample-29:901  :0]            sock.c:513  UCX  WARN  unable to read somaxconn value from /proc/sys/net/core/somaxconn file
[1751140242.357374] [flux-sample-26:892  :0]            sock.c:513  UCX  WARN  unable to read somaxconn value from /proc/sys/net/core/somaxconn file
[1751140242.426686] [flux-sample-24:819  :0]            sock.c:513  UCX  WARN  unable to read somaxconn value from /proc/sys/net/core/somaxconn file
[1751140242.337117] [flux-sample-20:837  :0]            sock.c:513  UCX  WARN  unable to read somaxconn value from /proc/sys/net/core/somaxconn file
[1751140242.327937] [flux-sample-18:813  :0]            sock.c:513  UCX  WARN  unable to read somaxconn value from /proc/sys/net/core/somaxconn file
[1751140242.333872] [flux-sample-2:3445 :0]            sock.c:513  UCX  WARN  unable to read somaxconn value from /proc/sys/net/core/somaxconn file
[1751140242.439188] [flux-sample-5:2563 :0]            sock.c:513  UCX  WARN  unable to read somaxconn value from /proc/sys/net/core/somaxconn file
[1751140242.497154] [flux-sample-4:2586 :0]            sock.c:513  UCX  WARN  unable to read somaxconn value from /proc/sys/net/core/somaxconn file
[1751140242.337230] [flux-sample-11:1772 :0]            sock.c:513  UCX  WARN  unable to read somaxconn value from /proc/sys/net/core/somaxconn file
[1751140242.373391] [flux-sample-25:893  :0]            sock.c:513  UCX  WARN  unable to read somaxconn value from /proc/sys/net/core/somaxconn file
[1751140242.320417] [flux-sample-13:1717 :0]            sock.c:513  UCX  WARN  unable to read somaxconn value from /proc/sys/net/core/somaxconn file
[1751140242.471116] [flux-sample-8:1773 :0]            sock.c:513  UCX  WARN  unable to read somaxconn value from /proc/sys/net/core/somaxconn file
[1751140242.492902] [flux-sample-9:1717 :0]            sock.c:513  UCX  WARN  unable to read somaxconn value from /proc/sys/net/core/somaxconn file
[1751140242.369645] [flux-sample-30:845  :0]            sock.c:513  UCX  WARN  unable to read somaxconn value from /proc/sys/net/core/somaxconn file
[1751140242.428289] [flux-sample-31:890  :0]            sock.c:513  UCX  WARN  unable to read somaxconn value from /proc/sys/net/core/somaxconn file
[1751140242.453444] [flux-sample-27:847  :0]            sock.c:513  UCX  WARN  unable to read somaxconn value from /proc/sys/net/core/somaxconn file
[1751140242.423378] [flux-sample-12:1712 :0]            sock.c:513  UCX  WARN  unable to read somaxconn value from /proc/sys/net/core/somaxconn file
[1751140242.497127] [flux-sample-16:811  :0]            sock.c:513  UCX  WARN  unable to read somaxconn value from /proc/sys/net/core/somaxconn file
[1751140242.424367] [flux-sample-31:888  :0]            sock.c:513  UCX  WARN  unable to read somaxconn value from /proc/sys/net/core/somaxconn file
[1751140242.339753] [flux-sample-14:1736 :0]            sock.c:513  UCX  WARN  unable to read somaxconn value from /proc/sys/net/core/somaxconn file
[1751140242.464471] [flux-sample-28:846  :0]            sock.c:513  UCX  WARN  unable to read somaxconn value from /proc/sys/net/core/somaxconn file
[1751140242.332278] [flux-sample-3:3453 :0]            sock.c:513  UCX  WARN  unable to read somaxconn value from /proc/sys/net/core/somaxconn file
[1751140242.437746] [flux-sample-1:3512 :0]            sock.c:513  UCX  WARN  unable to read somaxconn value from /proc/sys/net/core/somaxconn file
[1751140242.350120] [flux-sample-29:899  :0]            sock.c:513  UCX  WARN  unable to read somaxconn value from /proc/sys/net/core/somaxconn file
[1751140242.378871] [flux-sample-26:890  :0]            sock.c:513  UCX  WARN  unable to read somaxconn value from /proc/sys/net/core/somaxconn file
[1751140242.424657] [flux-sample-24:817  :0]            sock.c:513  UCX  WARN  unable to read somaxconn value from /proc/sys/net/core/somaxconn file
[1751140242.337112] [flux-sample-20:834  :0]            sock.c:513  UCX  WARN  unable to read somaxconn value from /proc/sys/net/core/somaxconn file
[1751140242.482255] [flux-sample-18:812  :0]            sock.c:513  UCX  WARN  unable to read somaxconn value from /proc/sys/net/core/somaxconn file
[1751140242.332313] [flux-sample-2:3443 :0]            sock.c:513  UCX  WARN  unable to read somaxconn value from /proc/sys/net/core/somaxconn file
[1751140242.446545] [flux-sample-5:2562 :0]            sock.c:513  UCX  WARN  unable to read somaxconn value from /proc/sys/net/core/somaxconn file
[1751140242.498116] [flux-sample-4:2583 :0]            sock.c:513  UCX  WARN  unable to read somaxconn value from /proc/sys/net/core/somaxconn file
[1751140242.337124] [flux-sample-11:1770 :0]            sock.c:513  UCX  WARN  unable to read somaxconn value from /proc/sys/net/core/somaxconn file
[1751140242.449952] [flux-sample-25:891  :0]            sock.c:513  UCX  WARN  unable to read somaxconn value from /proc/sys/net/core/somaxconn file
[1751140242.320012] [flux-sample-13:1714 :0]            sock.c:513  UCX  WARN  unable to read somaxconn value from /proc/sys/net/core/somaxconn file
[1751140242.470383] [flux-sample-8:1769 :0]            sock.c:513  UCX  WARN  unable to read somaxconn value from /proc/sys/net/core/somaxconn file
[1751140242.442520] [flux-sample-9:1715 :0]            sock.c:513  UCX  WARN  unable to read somaxconn value from /proc/sys/net/core/somaxconn file
[1751140242.417004] [flux-sample-30:843  :0]            sock.c:513  UCX  WARN  unable to read somaxconn value from /proc/sys/net/core/somaxconn file
[1751140242.448081] [flux-sample-27:845  :0]            sock.c:513  UCX  WARN  unable to read somaxconn value from /proc/sys/net/core/somaxconn file
[1751140242.420030] [flux-sample-12:1710 :0]            sock.c:513  UCX  WARN  unable to read somaxconn value from /proc/sys/net/core/somaxconn file
[1751140242.581684] [flux-sample-16:810  :0]            sock.c:513  UCX  WARN  unable to read somaxconn value from /proc/sys/net/core/somaxconn file
[1751140242.447457] [flux-sample-31:886  :0]            sock.c:513  UCX  WARN  unable to read somaxconn value from /proc/sys/net/core/somaxconn file
[1751140242.345923] [flux-sample-14:1735 :0]            sock.c:513  UCX  WARN  unable to read somaxconn value from /proc/sys/net/core/somaxconn file
[1751140242.348397] [flux-sample-28:844  :0]            sock.c:513  UCX  WARN  unable to read somaxconn value from /proc/sys/net/core/somaxconn file
[1751140242.331634] [flux-sample-3:3452 :0]            sock.c:513  UCX  WARN  unable to read somaxconn value from /proc/sys/net/core/somaxconn file
[1751140242.441120] [flux-sample-1:3510 :0]            sock.c:513  UCX  WARN  unable to read somaxconn value from /proc/sys/net/core/somaxconn file
[1751140242.352579] [flux-sample-29:898  :0]            sock.c:513  UCX  WARN  unable to read somaxconn value from /proc/sys/net/core/somaxconn file
[1751140242.378518] [flux-sample-26:888  :0]            sock.c:513  UCX  WARN  unable to read somaxconn value from /proc/sys/net/core/somaxconn file
[1751140242.382319] [flux-sample-24:816  :0]            sock.c:513  UCX  WARN  unable to read somaxconn value from /proc/sys/net/core/somaxconn file
[1751140242.338604] [flux-sample-20:832  :0]            sock.c:513  UCX  WARN  unable to read somaxconn value from /proc/sys/net/core/somaxconn file
[1751140242.327937] [flux-sample-18:811  :0]            sock.c:513  UCX  WARN  unable to read somaxconn value from /proc/sys/net/core/somaxconn file
[1751140242.332917] [flux-sample-2:3442 :0]            sock.c:513  UCX  WARN  unable to read somaxconn value from /proc/sys/net/core/somaxconn file
[1751140242.444916] [flux-sample-5:2558 :0]            sock.c:513  UCX  WARN  unable to read somaxconn value from /proc/sys/net/core/somaxconn file
[1751140242.496059] [flux-sample-4:2581 :0]            sock.c:513  UCX  WARN  unable to read somaxconn value from /proc/sys/net/core/somaxconn file
[1751140242.333896] [flux-sample-11:1768 :0]            sock.c:513  UCX  WARN  unable to read somaxconn value from /proc/sys/net/core/somaxconn file
[1751140242.446274] [flux-sample-25:889  :0]            sock.c:513  UCX  WARN  unable to read somaxconn value from /proc/sys/net/core/somaxconn file
[1751140242.315093] [flux-sample-13:1712 :0]            sock.c:513  UCX  WARN  unable to read somaxconn value from /proc/sys/net/core/somaxconn file
[1751140242.463152] [flux-sample-8:1767 :0]            sock.c:513  UCX  WARN  unable to read somaxconn value from /proc/sys/net/core/somaxconn file
[1751140242.475320] [flux-sample-9:1712 :0]            sock.c:513  UCX  WARN  unable to read somaxconn value from /proc/sys/net/core/somaxconn file
[1751140242.440368] [flux-sample-30:841  :0]            sock.c:513  UCX  WARN  unable to read somaxconn value from /proc/sys/net/core/somaxconn file
[1751140242.450593] [flux-sample-27:842  :0]            sock.c:513  UCX  WARN  unable to read somaxconn value from /proc/sys/net/core/somaxconn file
[1751140242.456860] [flux-sample-12:1708 :0]            sock.c:513  UCX  WARN  unable to read somaxconn value from /proc/sys/net/core/somaxconn file
[1751140242.576690] [flux-sample-16:809  :0]            sock.c:513  UCX  WARN  unable to read somaxconn value from /proc/sys/net/core/somaxconn file
[1751140242.436940] [flux-sample-31:885  :0]            sock.c:513  UCX  WARN  unable to read somaxconn value from /proc/sys/net/core/somaxconn file
[1751140242.339749] [flux-sample-14:1734 :0]            sock.c:513  UCX  WARN  unable to read somaxconn value from /proc/sys/net/core/somaxconn file
[1751140242.467790] [flux-sample-28:841  :0]            sock.c:513  UCX  WARN  unable to read somaxconn value from /proc/sys/net/core/somaxconn file
[1751140242.333389] [flux-sample-3:3449 :0]            sock.c:513  UCX  WARN  unable to read somaxconn value from /proc/sys/net/core/somaxconn file
[1751140242.456496] [flux-sample-1:3507 :0]            sock.c:513  UCX  WARN  unable to read somaxconn value from /proc/sys/net/core/somaxconn file
[1751140242.352579] [flux-sample-29:895  :0]            sock.c:513  UCX  WARN  unable to read somaxconn value from /proc/sys/net/core/somaxconn file
[1751140242.358320] [flux-sample-26:880  :0]            sock.c:513  UCX  WARN  unable to read somaxconn value from /proc/sys/net/core/somaxconn file
[1751140242.448130] [flux-sample-24:815  :0]            sock.c:513  UCX  WARN  unable to read somaxconn value from /proc/sys/net/core/somaxconn file
[1751140242.340453] [flux-sample-20:829  :0]            sock.c:513  UCX  WARN  unable to read somaxconn value from /proc/sys/net/core/somaxconn file
[1751140242.331028] [flux-sample-18:810  :0]            sock.c:513  UCX  WARN  unable to read somaxconn value from /proc/sys/net/core/somaxconn file
[1751140242.332917] [flux-sample-2:3439 :0]            sock.c:513  UCX  WARN  unable to read somaxconn value from /proc/sys/net/core/somaxconn file
[1751140242.443264] [flux-sample-5:2557 :0]            sock.c:513  UCX  WARN  unable to read somaxconn value from /proc/sys/net/core/somaxconn file
[1751140242.498598] [flux-sample-4:2580 :0]            sock.c:513  UCX  WARN  unable to read somaxconn value from /proc/sys/net/core/somaxconn file
[1751140242.340016] [flux-sample-11:1765 :0]            sock.c:513  UCX  WARN  unable to read somaxconn value from /proc/sys/net/core/somaxconn file
[1751140242.406373] [flux-sample-25:887  :0]            sock.c:513  UCX  WARN  unable to read somaxconn value from /proc/sys/net/core/somaxconn file
[1751140242.315093] [flux-sample-13:1709 :0]            sock.c:513  UCX  WARN  unable to read somaxconn value from /proc/sys/net/core/somaxconn file
[1751140242.461484] [flux-sample-8:1764 :0]            sock.c:513  UCX  WARN  unable to read somaxconn value from /proc/sys/net/core/somaxconn file
[1751140242.491968] [flux-sample-9:1709 :0]            sock.c:513  UCX  WARN  unable to read somaxconn value from /proc/sys/net/core/somaxconn file
[1751140242.358240] [flux-sample-30:840  :0]            sock.c:513  UCX  WARN  unable to read somaxconn value from /proc/sys/net/core/somaxconn file
[1751140242.464639] [flux-sample-27:839  :0]            sock.c:513  UCX  WARN  unable to read somaxconn value from /proc/sys/net/core/somaxconn file
[1751140242.460912] [flux-sample-12:1706 :0]            sock.c:513  UCX  WARN  unable to read somaxconn value from /proc/sys/net/core/somaxconn file
[1751140242.583549] [flux-sample-16:808  :0]            sock.c:513  UCX  WARN  unable to read somaxconn value from /proc/sys/net/core/somaxconn file
[1751140242.436940] [flux-sample-31:883  :0]            sock.c:513  UCX  WARN  unable to read somaxconn value from /proc/sys/net/core/somaxconn file
[1751140242.456497] [flux-sample-14:1805 :0]            sock.c:513  UCX  WARN  unable to read somaxconn value from /proc/sys/net/core/somaxconn file
[1751140242.466795] [flux-sample-28:838  :0]            sock.c:513  UCX  WARN  unable to read somaxconn value from /proc/sys/net/core/somaxconn file
[1751140242.342817] [flux-sample-3:3447 :0]            sock.c:513  UCX  WARN  unable to read somaxconn value from /proc/sys/net/core/somaxconn file
[1751140242.439615] [flux-sample-1:3504 :0]            sock.c:513  UCX  WARN  unable to read somaxconn value from /proc/sys/net/core/somaxconn file
[1751140242.357538] [flux-sample-29:893  :0]            sock.c:513  UCX  WARN  unable to read somaxconn value from /proc/sys/net/core/somaxconn file
[1751140242.453937] [flux-sample-26:876  :0]            sock.c:513  UCX  WARN  unable to read somaxconn value from /proc/sys/net/core/somaxconn file
[1751140242.383295] [flux-sample-24:814  :0]            sock.c:513  UCX  WARN  unable to read somaxconn value from /proc/sys/net/core/somaxconn file
[1751140242.494498] [flux-sample-20:827  :0]            sock.c:513  UCX  WARN  unable to read somaxconn value from /proc/sys/net/core/somaxconn file
[1751140242.337147] [flux-sample-18:809  :0]            sock.c:513  UCX  WARN  unable to read somaxconn value from /proc/sys/net/core/somaxconn file
[1751140242.434527] [flux-sample-2:3438 :0]            sock.c:513  UCX  WARN  unable to read somaxconn value from /proc/sys/net/core/somaxconn file
[1751140242.334127] [flux-sample-5:2556 :0]            sock.c:513  UCX  WARN  unable to read somaxconn value from /proc/sys/net/core/somaxconn file
[1751140242.496788] [flux-sample-4:2576 :0]            sock.c:513  UCX  WARN  unable to read somaxconn value from /proc/sys/net/core/somaxconn file
[1751140242.339998] [flux-sample-11:1763 :0]            sock.c:513  UCX  WARN  unable to read somaxconn value from /proc/sys/net/core/somaxconn file
[1751140242.447695] [flux-sample-25:885  :0]            sock.c:513  UCX  WARN  unable to read somaxconn value from /proc/sys/net/core/somaxconn file
[1751140242.315233] [flux-sample-13:1707 :0]            sock.c:513  UCX  WARN  unable to read somaxconn value from /proc/sys/net/core/somaxconn file
[1751140242.460877] [flux-sample-8:1762 :0]            sock.c:513  UCX  WARN  unable to read somaxconn value from /proc/sys/net/core/somaxconn file
[1751140242.466082] [flux-sample-9:1706 :0]            sock.c:513  UCX  WARN  unable to read somaxconn value from /proc/sys/net/core/somaxconn file
[1751140242.358230] [flux-sample-30:836  :0]            sock.c:513  UCX  WARN  unable to read somaxconn value from /proc/sys/net/core/somaxconn file
[1751140242.450457] [flux-sample-27:836  :0]            sock.c:513  UCX  WARN  unable to read somaxconn value from /proc/sys/net/core/somaxconn file
[1751140242.475224] [flux-sample-12:1703 :0]            sock.c:513  UCX  WARN  unable to read somaxconn value from /proc/sys/net/core/somaxconn file
[1751140242.418853] [flux-sample-30:834  :0]            sock.c:513  UCX  WARN  unable to read somaxconn value from /proc/sys/net/core/somaxconn file
[1751140242.441416] [flux-sample-31:881  :0]            sock.c:513  UCX  WARN  unable to read somaxconn value from /proc/sys/net/core/somaxconn file
[1751140242.426552] [flux-sample-9:1704 :0]            sock.c:513  UCX  WARN  unable to read somaxconn value from /proc/sys/net/core/somaxconn file
[1751140242.465475] [flux-sample-28:836  :0]            sock.c:513  UCX  WARN  unable to read somaxconn value from /proc/sys/net/core/somaxconn file
[1751140242.342833] [flux-sample-3:3444 :0]            sock.c:513  UCX  WARN  unable to read somaxconn value from /proc/sys/net/core/somaxconn file
[1751140242.412493] [flux-sample-1:3502 :0]            sock.c:513  UCX  WARN  unable to read somaxconn value from /proc/sys/net/core/somaxconn file
[1751140242.352606] [flux-sample-29:892  :0]            sock.c:513  UCX  WARN  unable to read somaxconn value from /proc/sys/net/core/somaxconn file
[1751140242.492596] [flux-sample-26:923  :0]            sock.c:513  UCX  WARN  unable to read somaxconn value from /proc/sys/net/core/somaxconn file
[1751140242.437606] [flux-sample-24:813  :0]            sock.c:513  UCX  WARN  unable to read somaxconn value from /proc/sys/net/core/somaxconn file
[1751140242.484606] [flux-sample-20:823  :0]            sock.c:513  UCX  WARN  unable to read somaxconn value from /proc/sys/net/core/somaxconn file
[1751140242.331028] [flux-sample-18:808  :0]            sock.c:513  UCX  WARN  unable to read somaxconn value from /proc/sys/net/core/somaxconn file
[1751140242.440206] [flux-sample-2:3436 :0]            sock.c:513  UCX  WARN  unable to read somaxconn value from /proc/sys/net/core/somaxconn file
[1751140242.336742] [flux-sample-5:2555 :0]            sock.c:513  UCX  WARN  unable to read somaxconn value from /proc/sys/net/core/somaxconn file
[1751140242.480333] [flux-sample-4:2574 :0]            sock.c:513  UCX  WARN  unable to read somaxconn value from /proc/sys/net/core/somaxconn file
[1751140242.340000] [flux-sample-11:1762 :0]            sock.c:513  UCX  WARN  unable to read somaxconn value from /proc/sys/net/core/somaxconn file
[1751140242.406373] [flux-sample-25:883  :0]            sock.c:513  UCX  WARN  unable to read somaxconn value from /proc/sys/net/core/somaxconn file
[1751140242.321617] [flux-sample-13:1705 :0]            sock.c:513  UCX  WARN  unable to read somaxconn value from /proc/sys/net/core/somaxconn file
[1751140242.454972] [flux-sample-8:1760 :0]            sock.c:513  UCX  WARN  unable to read somaxconn value from /proc/sys/net/core/somaxconn file
[1751140242.457748] [flux-sample-27:833  :0]            sock.c:513  UCX  WARN  unable to read somaxconn value from /proc/sys/net/core/somaxconn file
[1751140242.456877] [flux-sample-12:1701 :0]            sock.c:513  UCX  WARN  unable to read somaxconn value from /proc/sys/net/core/somaxconn file
[1751140242.358968] [flux-sample-30:832  :0]            sock.c:513  UCX  WARN  unable to read somaxconn value from /proc/sys/net/core/somaxconn file
[1751140242.446213] [flux-sample-31:879  :0]            sock.c:513  UCX  WARN  unable to read somaxconn value from /proc/sys/net/core/somaxconn file
[1751140242.506555] [flux-sample-9:1702 :0]            sock.c:513  UCX  WARN  unable to read somaxconn value from /proc/sys/net/core/somaxconn file
[1751140242.466888] [flux-sample-28:833  :0]            sock.c:513  UCX  WARN  unable to read somaxconn value from /proc/sys/net/core/somaxconn file
[1751140242.342815] [flux-sample-3:3441 :0]            sock.c:513  UCX  WARN  unable to read somaxconn value from /proc/sys/net/core/somaxconn file
[1751140242.412493] [flux-sample-1:3499 :0]            sock.c:513  UCX  WARN  unable to read somaxconn value from /proc/sys/net/core/somaxconn file
[1751140242.360153] [flux-sample-29:889  :0]            sock.c:513  UCX  WARN  unable to read somaxconn value from /proc/sys/net/core/somaxconn file
[1751140242.479322] [flux-sample-26:903  :0]            sock.c:513  UCX  WARN  unable to read somaxconn value from /proc/sys/net/core/somaxconn file
[1751140242.399521] [flux-sample-24:812  :0]            sock.c:513  UCX  WARN  unable to read somaxconn value from /proc/sys/net/core/somaxconn file
[1751140242.337111] [flux-sample-20:822  :0]            sock.c:513  UCX  WARN  unable to read somaxconn value from /proc/sys/net/core/somaxconn file
[1751140242.429176] [flux-sample-8:1758 :0]            sock.c:513  UCX  WARN  unable to read somaxconn value from /proc/sys/net/core/somaxconn file
[1751140242.435167] [flux-sample-2:3434 :0]            sock.c:513  UCX  WARN  unable to read somaxconn value from /proc/sys/net/core/somaxconn file
[1751140242.407944] [flux-sample-5:2554 :0]            sock.c:513  UCX  WARN  unable to read somaxconn value from /proc/sys/net/core/somaxconn file
[1751140242.491061] [flux-sample-4:2573 :0]            sock.c:513  UCX  WARN  unable to read somaxconn value from /proc/sys/net/core/somaxconn file
[1751140242.340006] [flux-sample-11:1760 :0]            sock.c:513  UCX  WARN  unable to read somaxconn value from /proc/sys/net/core/somaxconn file
[1751140242.419410] [flux-sample-25:881  :0]            sock.c:513  UCX  WARN  unable to read somaxconn value from /proc/sys/net/core/somaxconn file
[1751140242.321606] [flux-sample-13:1702 :0]            sock.c:513  UCX  WARN  unable to read somaxconn value from /proc/sys/net/core/somaxconn file
[1751140242.443089] [flux-sample-27:831  :0]            sock.c:513  UCX  WARN  unable to read somaxconn value from /proc/sys/net/core/somaxconn file
[1751140242.466175] [flux-sample-12:1699 :0]            sock.c:513  UCX  WARN  unable to read somaxconn value from /proc/sys/net/core/somaxconn file
[1751140242.418073] [flux-sample-30:829  :0]            sock.c:513  UCX  WARN  unable to read somaxconn value from /proc/sys/net/core/somaxconn file
[1751140242.435748] [flux-sample-31:877  :0]            sock.c:513  UCX  WARN  unable to read somaxconn value from /proc/sys/net/core/somaxconn file
[1751140242.383974] [flux-sample-9:1699 :0]            sock.c:513  UCX  WARN  unable to read somaxconn value from /proc/sys/net/core/somaxconn file
[1751140242.456072] [flux-sample-28:830  :0]            sock.c:513  UCX  WARN  unable to read somaxconn value from /proc/sys/net/core/somaxconn file
[1751140242.342129] [flux-sample-3:3438 :0]            sock.c:513  UCX  WARN  unable to read somaxconn value from /proc/sys/net/core/somaxconn file
[1751140242.413010] [flux-sample-1:3496 :0]            sock.c:513  UCX  WARN  unable to read somaxconn value from /proc/sys/net/core/somaxconn file
[1751140242.429674] [flux-sample-29:886  :0]            sock.c:513  UCX  WARN  unable to read somaxconn value from /proc/sys/net/core/somaxconn file
[1751140242.479322] [flux-sample-26:902  :0]            sock.c:513  UCX  WARN  unable to read somaxconn value from /proc/sys/net/core/somaxconn file
[1751140242.394315] [flux-sample-24:811  :0]            sock.c:513  UCX  WARN  unable to read somaxconn value from /proc/sys/net/core/somaxconn file
[1751140242.337129] [flux-sample-20:819  :0]            sock.c:513  UCX  WARN  unable to read somaxconn value from /proc/sys/net/core/somaxconn file
[1751140242.439489] [flux-sample-8:1755 :0]            sock.c:513  UCX  WARN  unable to read somaxconn value from /proc/sys/net/core/somaxconn file
[1751140242.484752] [flux-sample-2:3432 :0]            sock.c:513  UCX  WARN  unable to read somaxconn value from /proc/sys/net/core/somaxconn file
[1751140242.230744] [flux-sample-5:2553 :0]            sock.c:513  UCX  WARN  unable to read somaxconn value from /proc/sys/net/core/somaxconn file
[1751140242.493857] [flux-sample-4:2570 :0]            sock.c:513  UCX  WARN  unable to read somaxconn value from /proc/sys/net/core/somaxconn file
[1751140242.340030] [flux-sample-11:1758 :0]            sock.c:513  UCX  WARN  unable to read somaxconn value from /proc/sys/net/core/somaxconn file
[1751140242.446863] [flux-sample-25:879  :0]            sock.c:513  UCX  WARN  unable to read somaxconn value from /proc/sys/net/core/somaxconn file
[1751140242.321606] [flux-sample-13:1701 :0]            sock.c:513  UCX  WARN  unable to read somaxconn value from /proc/sys/net/core/somaxconn file
[1751140242.437117] [flux-sample-27:829  :0]            sock.c:513  UCX  WARN  unable to read somaxconn value from /proc/sys/net/core/somaxconn file
[1751140242.479823] [flux-sample-12:1698 :0]            sock.c:513  UCX  WARN  unable to read somaxconn value from /proc/sys/net/core/somaxconn file
[1751140242.428075] [flux-sample-30:828  :0]            sock.c:513  UCX  WARN  unable to read somaxconn value from /proc/sys/net/core/somaxconn file
[1751140242.361643] [flux-sample-31:874  :0]            sock.c:513  UCX  WARN  unable to read somaxconn value from /proc/sys/net/core/somaxconn file
[1751140242.438074] [flux-sample-9:1697 :0]            sock.c:513  UCX  WARN  unable to read somaxconn value from /proc/sys/net/core/somaxconn file
[1751140242.379865] [flux-sample-28:829  :0]            sock.c:513  UCX  WARN  unable to read somaxconn value from /proc/sys/net/core/somaxconn file
[1751140242.341604] [flux-sample-3:3436 :0]            sock.c:513  UCX  WARN  unable to read somaxconn value from /proc/sys/net/core/somaxconn file
[1751140242.404997] [flux-sample-1:3495 :0]            sock.c:513  UCX  WARN  unable to read somaxconn value from /proc/sys/net/core/somaxconn file
[1751140242.437079] [flux-sample-29:885  :0]            sock.c:513  UCX  WARN  unable to read somaxconn value from /proc/sys/net/core/somaxconn file
[1751140242.481067] [flux-sample-26:900  :0]            sock.c:513  UCX  WARN  unable to read somaxconn value from /proc/sys/net/core/somaxconn file
[1751140242.383998] [flux-sample-24:810  :0]            sock.c:513  UCX  WARN  unable to read somaxconn value from /proc/sys/net/core/somaxconn file
[1751140242.421980] [flux-sample-20:817  :0]            sock.c:513  UCX  WARN  unable to read somaxconn value from /proc/sys/net/core/somaxconn file
[1751140242.453540] [flux-sample-8:1754 :0]            sock.c:513  UCX  WARN  unable to read somaxconn value from /proc/sys/net/core/somaxconn file
[1751140242.474308] [flux-sample-2:3430 :0]            sock.c:513  UCX  WARN  unable to read somaxconn value from /proc/sys/net/core/somaxconn file
[1751140242.185818] [flux-sample-5:2551 :0]            sock.c:513  UCX  WARN  unable to read somaxconn value from /proc/sys/net/core/somaxconn file
[1751140242.365534] [flux-sample-4:2568 :0]            sock.c:513  UCX  WARN  unable to read somaxconn value from /proc/sys/net/core/somaxconn file
[1751140242.339970] [flux-sample-11:1756 :0]            sock.c:513  UCX  WARN  unable to read somaxconn value from /proc/sys/net/core/somaxconn file
[1751140242.436507] [flux-sample-25:877  :0]            sock.c:513  UCX  WARN  unable to read somaxconn value from /proc/sys/net/core/somaxconn file
[1751140242.291194] [flux-sample-13:1699 :0]            sock.c:513  UCX  WARN  unable to read somaxconn value from /proc/sys/net/core/somaxconn file
[1751140242.439730] [flux-sample-27:828  :0]            sock.c:513  UCX  WARN  unable to read somaxconn value from /proc/sys/net/core/somaxconn file
[1751140242.464512] [flux-sample-12:1695 :0]            sock.c:513  UCX  WARN  unable to read somaxconn value from /proc/sys/net/core/somaxconn file
[1751140242.432358] [flux-sample-30:826  :0]            sock.c:513  UCX  WARN  unable to read somaxconn value from /proc/sys/net/core/somaxconn file
[1751140242.446222] [flux-sample-31:871  :0]            sock.c:513  UCX  WARN  unable to read somaxconn value from /proc/sys/net/core/somaxconn file
[1751140242.409887] [flux-sample-9:1696 :0]            sock.c:513  UCX  WARN  unable to read somaxconn value from /proc/sys/net/core/somaxconn file
[1751140242.393544] [flux-sample-28:826  :0]            sock.c:513  UCX  WARN  unable to read somaxconn value from /proc/sys/net/core/somaxconn file
[1751140242.342120] [flux-sample-3:3433 :0]            sock.c:513  UCX  WARN  unable to read somaxconn value from /proc/sys/net/core/somaxconn file
[1751140242.414311] [flux-sample-1:3491 :0]            sock.c:513  UCX  WARN  unable to read somaxconn value from /proc/sys/net/core/somaxconn file
[1751140242.352478] [flux-sample-29:881  :0]            sock.c:513  UCX  WARN  unable to read somaxconn value from /proc/sys/net/core/somaxconn file
[1751140242.369016] [flux-sample-26:886  :0]            sock.c:513  UCX  WARN  unable to read somaxconn value from /proc/sys/net/core/somaxconn file
[1751140242.387747] [flux-sample-24:809  :0]            sock.c:513  UCX  WARN  unable to read somaxconn value from /proc/sys/net/core/somaxconn file
[1751140242.338626] [flux-sample-20:816  :0]            sock.c:513  UCX  WARN  unable to read somaxconn value from /proc/sys/net/core/somaxconn file
[1751140242.452016] [flux-sample-8:1751 :0]            sock.c:513  UCX  WARN  unable to read somaxconn value from /proc/sys/net/core/somaxconn file
[1751140242.434527] [flux-sample-2:3427 :0]            sock.c:513  UCX  WARN  unable to read somaxconn value from /proc/sys/net/core/somaxconn file
[1751140242.188507] [flux-sample-5:2550 :0]            sock.c:513  UCX  WARN  unable to read somaxconn value from /proc/sys/net/core/somaxconn file
[1751140242.365534] [flux-sample-4:2565 :0]            sock.c:513  UCX  WARN  unable to read somaxconn value from /proc/sys/net/core/somaxconn file
[1751140242.336814] [flux-sample-11:1752 :0]            sock.c:513  UCX  WARN  unable to read somaxconn value from /proc/sys/net/core/somaxconn file
[1751140242.325065] [flux-sample-25:828  :0]            sock.c:513  UCX  WARN  unable to read somaxconn value from /proc/sys/net/core/somaxconn file
[1751140242.291193] [flux-sample-13:1697 :0]            sock.c:513  UCX  WARN  unable to read somaxconn value from /proc/sys/net/core/somaxconn file
[1751140242.442065] [flux-sample-27:825  :0]            sock.c:513  UCX  WARN  unable to read somaxconn value from /proc/sys/net/core/somaxconn file
[1751140242.466173] [flux-sample-12:1693 :0]            sock.c:513  UCX  WARN  unable to read somaxconn value from /proc/sys/net/core/somaxconn file
[1751140242.359960] [flux-sample-30:823  :0]            sock.c:513  UCX  WARN  unable to read somaxconn value from /proc/sys/net/core/somaxconn file
[1751140242.360412] [flux-sample-31:868  :0]            sock.c:513  UCX  WARN  unable to read somaxconn value from /proc/sys/net/core/somaxconn file
[1751140242.438074] [flux-sample-9:1693 :0]            sock.c:513  UCX  WARN  unable to read somaxconn value from /proc/sys/net/core/somaxconn file
[1751140242.456072] [flux-sample-28:824  :0]            sock.c:513  UCX  WARN  unable to read somaxconn value from /proc/sys/net/core/somaxconn file
[1751140242.289226] [flux-sample-3:3431 :0]            sock.c:513  UCX  WARN  unable to read somaxconn value from /proc/sys/net/core/somaxconn file
[1751140242.414513] [flux-sample-1:3489 :0]            sock.c:513  UCX  WARN  unable to read somaxconn value from /proc/sys/net/core/somaxconn file
[1751140242.358564] [flux-sample-29:879  :0]            sock.c:513  UCX  WARN  unable to read somaxconn value from /proc/sys/net/core/somaxconn file
[1751140242.345731] [flux-sample-26:884  :0]            sock.c:513  UCX  WARN  unable to read somaxconn value from /proc/sys/net/core/somaxconn file
[1751140242.383997] [flux-sample-24:808  :0]            sock.c:513  UCX  WARN  unable to read somaxconn value from /proc/sys/net/core/somaxconn file
[1751140242.368711] [flux-sample-20:815  :0]            sock.c:513  UCX  WARN  unable to read somaxconn value from /proc/sys/net/core/somaxconn file
[1751140242.440164] [flux-sample-8:1749 :0]            sock.c:513  UCX  WARN  unable to read somaxconn value from /proc/sys/net/core/somaxconn file
[1751140242.440203] [flux-sample-2:3426 :0]            sock.c:513  UCX  WARN  unable to read somaxconn value from /proc/sys/net/core/somaxconn file
[1751140242.176821] [flux-sample-5:2549 :0]            sock.c:513  UCX  WARN  unable to read somaxconn value from /proc/sys/net/core/somaxconn file
[1751140242.477100] [flux-sample-4:2563 :0]            sock.c:513  UCX  WARN  unable to read somaxconn value from /proc/sys/net/core/somaxconn file
[1751140242.338497] [flux-sample-11:1750 :0]            sock.c:513  UCX  WARN  unable to read somaxconn value from /proc/sys/net/core/somaxconn file
[1751140242.324762] [flux-sample-25:825  :0]            sock.c:513  UCX  WARN  unable to read somaxconn value from /proc/sys/net/core/somaxconn file
[1751140242.322590] [flux-sample-13:1694 :0]            sock.c:513  UCX  WARN  unable to read somaxconn value from /proc/sys/net/core/somaxconn file
[1751140242.333407] [flux-sample-27:824  :0]            sock.c:513  UCX  WARN  unable to read somaxconn value from /proc/sys/net/core/somaxconn file
[1751140242.406536] [flux-sample-12:1691 :0]            sock.c:513  UCX  WARN  unable to read somaxconn value from /proc/sys/net/core/somaxconn file
[1751140242.464207] [flux-sample-30:822  :0]            sock.c:513  UCX  WARN  unable to read somaxconn value from /proc/sys/net/core/somaxconn file
[1751140242.379884] [flux-sample-31:866  :0]            sock.c:513  UCX  WARN  unable to read somaxconn value from /proc/sys/net/core/somaxconn file
[1751140242.459909] [flux-sample-9:1691 :0]            sock.c:513  UCX  WARN  unable to read somaxconn value from /proc/sys/net/core/somaxconn file
[1751140242.313795] [flux-sample-28:822  :0]            sock.c:513  UCX  WARN  unable to read somaxconn value from /proc/sys/net/core/somaxconn file
[1751140242.300833] [flux-sample-3:3428 :0]            sock.c:513  UCX  WARN  unable to read somaxconn value from /proc/sys/net/core/somaxconn file
[1751140242.314586] [flux-sample-1:3487 :0]            sock.c:513  UCX  WARN  unable to read somaxconn value from /proc/sys/net/core/somaxconn file
[1751140242.349924] [flux-sample-29:878  :0]            sock.c:513  UCX  WARN  unable to read somaxconn value from /proc/sys/net/core/somaxconn file
[1751140242.374529] [flux-sample-26:881  :0]            sock.c:513  UCX  WARN  unable to read somaxconn value from /proc/sys/net/core/somaxconn file
[1751140242.322549] [flux-sample-13:1692 :0]            sock.c:513  UCX  WARN  unable to read somaxconn value from /proc/sys/net/core/somaxconn file
[1751140242.450774] [flux-sample-20:814  :0]            sock.c:513  UCX  WARN  unable to read somaxconn value from /proc/sys/net/core/somaxconn file
[1751140242.331679] [flux-sample-8:1748 :0]            sock.c:513  UCX  WARN  unable to read somaxconn value from /proc/sys/net/core/somaxconn file
[1751140242.467723] [flux-sample-2:3425 :0]            sock.c:513  UCX  WARN  unable to read somaxconn value from /proc/sys/net/core/somaxconn file
[1751140242.230744] [flux-sample-5:2552 :0]            sock.c:513  UCX  WARN  unable to read somaxconn value from /proc/sys/net/core/somaxconn file
[1751140242.359573] [flux-sample-4:2561 :0]            sock.c:513  UCX  WARN  unable to read somaxconn value from /proc/sys/net/core/somaxconn file
[1751140242.443912] [flux-sample-11:1748 :0]            sock.c:513  UCX  WARN  unable to read somaxconn value from /proc/sys/net/core/somaxconn file
[1751140242.329054] [flux-sample-25:823  :0]            sock.c:513  UCX  WARN  unable to read somaxconn value from /proc/sys/net/core/somaxconn file
[1751140242.251176] [flux-sample-27:821  :0]            sock.c:513  UCX  WARN  unable to read somaxconn value from /proc/sys/net/core/somaxconn file
[1751140242.465472] [flux-sample-12:1688 :0]            sock.c:513  UCX  WARN  unable to read somaxconn value from /proc/sys/net/core/somaxconn file
[1751140242.464200] [flux-sample-30:820  :0]            sock.c:513  UCX  WARN  unable to read somaxconn value from /proc/sys/net/core/somaxconn file
[1751140242.445324] [flux-sample-31:864  :0]            sock.c:513  UCX  WARN  unable to read somaxconn value from /proc/sys/net/core/somaxconn file
[1751140242.428563] [flux-sample-9:1690 :0]            sock.c:513  UCX  WARN  unable to read somaxconn value from /proc/sys/net/core/somaxconn file
[1751140242.313795] [flux-sample-28:820  :0]            sock.c:513  UCX  WARN  unable to read somaxconn value from /proc/sys/net/core/somaxconn file
[1751140242.289226] [flux-sample-3:3427 :0]            sock.c:513  UCX  WARN  unable to read somaxconn value from /proc/sys/net/core/somaxconn file
[1751140242.291714] [flux-sample-1:3484 :0]            sock.c:513  UCX  WARN  unable to read somaxconn value from /proc/sys/net/core/somaxconn file
[1751140242.412232] [flux-sample-29:876  :0]            sock.c:513  UCX  WARN  unable to read somaxconn value from /proc/sys/net/core/somaxconn file
[1751140242.357371] [flux-sample-26:873  :0]            sock.c:513  UCX  WARN  unable to read somaxconn value from /proc/sys/net/core/somaxconn file
[1751140242.411602] [flux-sample-13:1689 :0]            sock.c:513  UCX  WARN  unable to read somaxconn value from /proc/sys/net/core/somaxconn file
[1751140242.335624] [flux-sample-20:813  :0]            sock.c:513  UCX  WARN  unable to read somaxconn value from /proc/sys/net/core/somaxconn file
[1751140242.329425] [flux-sample-8:1745 :0]            sock.c:513  UCX  WARN  unable to read somaxconn value from /proc/sys/net/core/somaxconn file
[1751140242.437506] [flux-sample-2:3423 :0]            sock.c:513  UCX  WARN  unable to read somaxconn value from /proc/sys/net/core/somaxconn file
[1751140242.184723] [flux-sample-5:2548 :0]            sock.c:513  UCX  WARN  unable to read somaxconn value from /proc/sys/net/core/somaxconn file
[1751140242.357739] [flux-sample-4:2558 :0]            sock.c:513  UCX  WARN  unable to read somaxconn value from /proc/sys/net/core/somaxconn file
[1751140242.340062] [flux-sample-11:1745 :0]            sock.c:513  UCX  WARN  unable to read somaxconn value from /proc/sys/net/core/somaxconn file
[1751140242.325096] [flux-sample-25:820  :0]            sock.c:513  UCX  WARN  unable to read somaxconn value from /proc/sys/net/core/somaxconn file
[1751140242.258438] [flux-sample-27:818  :0]            sock.c:513  UCX  WARN  unable to read somaxconn value from /proc/sys/net/core/somaxconn file
[1751140242.325273] [flux-sample-12:1687 :0]            sock.c:513  UCX  WARN  unable to read somaxconn value from /proc/sys/net/core/somaxconn file
[1751140242.466802] [flux-sample-30:817  :0]            sock.c:513  UCX  WARN  unable to read somaxconn value from /proc/sys/net/core/somaxconn file
[1751140242.446234] [flux-sample-31:861  :0]            sock.c:513  UCX  WARN  unable to read somaxconn value from /proc/sys/net/core/somaxconn file
[1751140242.386000] [flux-sample-9:1687 :0]            sock.c:513  UCX  WARN  unable to read somaxconn value from /proc/sys/net/core/somaxconn file
[1751140242.344465] [flux-sample-28:817  :0]            sock.c:513  UCX  WARN  unable to read somaxconn value from /proc/sys/net/core/somaxconn file
[1751140242.289775] [flux-sample-3:3426 :0]            sock.c:513  UCX  WARN  unable to read somaxconn value from /proc/sys/net/core/somaxconn file
[1751140242.275849] [flux-sample-1:3483 :0]            sock.c:513  UCX  WARN  unable to read somaxconn value from /proc/sys/net/core/somaxconn file
[1751140242.463750] [flux-sample-29:873  :0]            sock.c:513  UCX  WARN  unable to read somaxconn value from /proc/sys/net/core/somaxconn file
[1751140242.500275] [flux-sample-26:872  :0]            sock.c:513  UCX  WARN  unable to read somaxconn value from /proc/sys/net/core/somaxconn file
[1751140242.169790] [flux-sample-13:1687 :0]            sock.c:513  UCX  WARN  unable to read somaxconn value from /proc/sys/net/core/somaxconn file
[1751140242.335620] [flux-sample-20:812  :0]            sock.c:513  UCX  WARN  unable to read somaxconn value from /proc/sys/net/core/somaxconn file
[1751140242.329425] [flux-sample-8:1743 :0]            sock.c:513  UCX  WARN  unable to read somaxconn value from /proc/sys/net/core/somaxconn file
[1751140242.472659] [flux-sample-2:3422 :0]            sock.c:513  UCX  WARN  unable to read somaxconn value from /proc/sys/net/core/somaxconn file
[1751140242.325097] [flux-sample-25:817  :0]            sock.c:513  UCX  WARN  unable to read somaxconn value from /proc/sys/net/core/somaxconn file
[1751140242.357978] [flux-sample-4:2557 :0]            sock.c:513  UCX  WARN  unable to read somaxconn value from /proc/sys/net/core/somaxconn file
[1751140242.479491] [flux-sample-11:1743 :0]            sock.c:513  UCX  WARN  unable to read somaxconn value from /proc/sys/net/core/somaxconn file
[1751140242.258299] [flux-sample-27:817  :0]            sock.c:513  UCX  WARN  unable to read somaxconn value from /proc/sys/net/core/somaxconn file
[1751140242.325077] [flux-sample-12:1686 :0]            sock.c:513  UCX  WARN  unable to read somaxconn value from /proc/sys/net/core/somaxconn file
[1751140242.361969] [flux-sample-30:816  :0]            sock.c:513  UCX  WARN  unable to read somaxconn value from /proc/sys/net/core/somaxconn file
[1751140242.397896] [flux-sample-31:860  :0]            sock.c:513  UCX  WARN  unable to read somaxconn value from /proc/sys/net/core/somaxconn file
[1751140242.337087] [flux-sample-9:1686 :0]            sock.c:513  UCX  WARN  unable to read somaxconn value from /proc/sys/net/core/somaxconn file
[1751140242.320020] [flux-sample-28:816  :0]            sock.c:513  UCX  WARN  unable to read somaxconn value from /proc/sys/net/core/somaxconn file
[1751140242.290424] [flux-sample-3:3425 :0]            sock.c:513  UCX  WARN  unable to read somaxconn value from /proc/sys/net/core/somaxconn file
[1751140242.282323] [flux-sample-1:3482 :0]            sock.c:513  UCX  WARN  unable to read somaxconn value from /proc/sys/net/core/somaxconn file
[1751140242.350347] [flux-sample-29:872  :0]            sock.c:513  UCX  WARN  unable to read somaxconn value from /proc/sys/net/core/somaxconn file
[1751140242.326675] [flux-sample-26:871  :0]            sock.c:513  UCX  WARN  unable to read somaxconn value from /proc/sys/net/core/somaxconn file
[1751140242.167943] [flux-sample-13:1686 :0]            sock.c:513  UCX  WARN  unable to read somaxconn value from /proc/sys/net/core/somaxconn file
[1751140242.335623] [flux-sample-20:811  :0]            sock.c:513  UCX  WARN  unable to read somaxconn value from /proc/sys/net/core/somaxconn file
[1751140242.369685] [flux-sample-8:1742 :0]            sock.c:513  UCX  WARN  unable to read somaxconn value from /proc/sys/net/core/somaxconn file
[1751140242.438436] [flux-sample-2:3421 :0]            sock.c:513  UCX  WARN  unable to read somaxconn value from /proc/sys/net/core/somaxconn file
[1751140242.322898] [flux-sample-25:816  :0]            sock.c:513  UCX  WARN  unable to read somaxconn value from /proc/sys/net/core/somaxconn file
[1751140242.345879] [flux-sample-4:2556 :0]            sock.c:513  UCX  WARN  unable to read somaxconn value from /proc/sys/net/core/somaxconn file
[1751140242.398106] [flux-sample-11:1742 :0]            sock.c:513  UCX  WARN  unable to read somaxconn value from /proc/sys/net/core/somaxconn file
[1751140242.247543] [flux-sample-27:816  :0]            sock.c:513  UCX  WARN  unable to read somaxconn value from /proc/sys/net/core/somaxconn file
[1751140242.325077] [flux-sample-12:1685 :0]            sock.c:513  UCX  WARN  unable to read somaxconn value from /proc/sys/net/core/somaxconn file
[1751140242.304617] [flux-sample-30:815  :0]            sock.c:513  UCX  WARN  unable to read somaxconn value from /proc/sys/net/core/somaxconn file
[1751140242.373571] [flux-sample-31:857  :0]            sock.c:513  UCX  WARN  unable to read somaxconn value from /proc/sys/net/core/somaxconn file
[1751140242.460432] [flux-sample-9:1685 :0]            sock.c:513  UCX  WARN  unable to read somaxconn value from /proc/sys/net/core/somaxconn file
[1751140242.338711] [flux-sample-28:815  :0]            sock.c:513  UCX  WARN  unable to read somaxconn value from /proc/sys/net/core/somaxconn file
[1751140242.333404] [flux-sample-3:3424 :0]            sock.c:513  UCX  WARN  unable to read somaxconn value from /proc/sys/net/core/somaxconn file
[1751140242.269913] [flux-sample-1:3481 :0]            sock.c:513  UCX  WARN  unable to read somaxconn value from /proc/sys/net/core/somaxconn file
[1751140242.352586] [flux-sample-29:871  :0]            sock.c:513  UCX  WARN  unable to read somaxconn value from /proc/sys/net/core/somaxconn file
[1751140242.331495] [flux-sample-26:870  :0]            sock.c:513  UCX  WARN  unable to read somaxconn value from /proc/sys/net/core/somaxconn file
[1751140242.180208] [flux-sample-13:1685 :0]            sock.c:513  UCX  WARN  unable to read somaxconn value from /proc/sys/net/core/somaxconn file
[1751140242.337121] [flux-sample-20:810  :0]            sock.c:513  UCX  WARN  unable to read somaxconn value from /proc/sys/net/core/somaxconn file
[1751140242.329498] [flux-sample-8:1741 :0]            sock.c:513  UCX  WARN  unable to read somaxconn value from /proc/sys/net/core/somaxconn file
[1751140242.471882] [flux-sample-2:3420 :0]            sock.c:513  UCX  WARN  unable to read somaxconn value from /proc/sys/net/core/somaxconn file
[1751140242.330478] [flux-sample-25:815  :0]            sock.c:513  UCX  WARN  unable to read somaxconn value from /proc/sys/net/core/somaxconn file
[1751140242.355099] [flux-sample-4:2555 :0]            sock.c:513  UCX  WARN  unable to read somaxconn value from /proc/sys/net/core/somaxconn file
[1751140242.397698] [flux-sample-11:1741 :0]            sock.c:513  UCX  WARN  unable to read somaxconn value from /proc/sys/net/core/somaxconn file
[1751140242.248167] [flux-sample-27:815  :0]            sock.c:513  UCX  WARN  unable to read somaxconn value from /proc/sys/net/core/somaxconn file
[1751140242.342759] [flux-sample-12:1684 :0]            sock.c:513  UCX  WARN  unable to read somaxconn value from /proc/sys/net/core/somaxconn file
[1751140242.464097] [flux-sample-30:814  :0]            sock.c:513  UCX  WARN  unable to read somaxconn value from /proc/sys/net/core/somaxconn file
[1751140242.318353] [flux-sample-31:856  :0]            sock.c:513  UCX  WARN  unable to read somaxconn value from /proc/sys/net/core/somaxconn file
[1751140242.451145] [flux-sample-9:1684 :0]            sock.c:513  UCX  WARN  unable to read somaxconn value from /proc/sys/net/core/somaxconn file
[1751140242.330377] [flux-sample-28:814  :0]            sock.c:513  UCX  WARN  unable to read somaxconn value from /proc/sys/net/core/somaxconn file
[1751140242.288428] [flux-sample-3:3423 :0]            sock.c:513  UCX  WARN  unable to read somaxconn value from /proc/sys/net/core/somaxconn file
[1751140242.269913] [flux-sample-1:3480 :0]            sock.c:513  UCX  WARN  unable to read somaxconn value from /proc/sys/net/core/somaxconn file
[1751140242.463465] [flux-sample-29:870  :0]            sock.c:513  UCX  WARN  unable to read somaxconn value from /proc/sys/net/core/somaxconn file
[1751140242.375297] [flux-sample-26:869  :0]            sock.c:513  UCX  WARN  unable to read somaxconn value from /proc/sys/net/core/somaxconn file
[1751140242.170457] [flux-sample-13:1684 :0]            sock.c:513  UCX  WARN  unable to read somaxconn value from /proc/sys/net/core/somaxconn file
[1751140242.475079] [flux-sample-20:809  :0]            sock.c:513  UCX  WARN  unable to read somaxconn value from /proc/sys/net/core/somaxconn file
[1751140242.333471] [flux-sample-8:1740 :0]            sock.c:513  UCX  WARN  unable to read somaxconn value from /proc/sys/net/core/somaxconn file
[1751140242.480404] [flux-sample-2:3419 :0]            sock.c:513  UCX  WARN  unable to read somaxconn value from /proc/sys/net/core/somaxconn file
[1751140242.330482] [flux-sample-25:814  :0]            sock.c:513  UCX  WARN  unable to read somaxconn value from /proc/sys/net/core/somaxconn file
[1751140242.345879] [flux-sample-4:2554 :0]            sock.c:513  UCX  WARN  unable to read somaxconn value from /proc/sys/net/core/somaxconn file
[1751140242.340053] [flux-sample-11:1740 :0]            sock.c:513  UCX  WARN  unable to read somaxconn value from /proc/sys/net/core/somaxconn file
[1751140242.248693] [flux-sample-27:814  :0]            sock.c:513  UCX  WARN  unable to read somaxconn value from /proc/sys/net/core/somaxconn file
[1751140242.329582] [flux-sample-12:1683 :0]            sock.c:513  UCX  WARN  unable to read somaxconn value from /proc/sys/net/core/somaxconn file
[1751140242.293263] [flux-sample-30:813  :0]            sock.c:513  UCX  WARN  unable to read somaxconn value from /proc/sys/net/core/somaxconn file
[1751140242.456739] [flux-sample-31:854  :0]            sock.c:513  UCX  WARN  unable to read somaxconn value from /proc/sys/net/core/somaxconn file
[1751140242.346766] [flux-sample-9:1683 :0]            sock.c:513  UCX  WARN  unable to read somaxconn value from /proc/sys/net/core/somaxconn file
[1751140242.336714] [flux-sample-28:813  :0]            sock.c:513  UCX  WARN  unable to read somaxconn value from /proc/sys/net/core/somaxconn file
[1751140242.290272] [flux-sample-3:3422 :0]            sock.c:513  UCX  WARN  unable to read somaxconn value from /proc/sys/net/core/somaxconn file
[1751140242.275178] [flux-sample-1:3479 :0]            sock.c:513  UCX  WARN  unable to read somaxconn value from /proc/sys/net/core/somaxconn file
[1751140242.462033] [flux-sample-29:869  :0]            sock.c:513  UCX  WARN  unable to read somaxconn value from /proc/sys/net/core/somaxconn file
[1751140242.377437] [flux-sample-26:868  :0]            sock.c:513  UCX  WARN  unable to read somaxconn value from /proc/sys/net/core/somaxconn file
[1751140242.180205] [flux-sample-13:1683 :0]            sock.c:513  UCX  WARN  unable to read somaxconn value from /proc/sys/net/core/somaxconn file
[1751140242.337123] [flux-sample-20:808  :0]            sock.c:513  UCX  WARN  unable to read somaxconn value from /proc/sys/net/core/somaxconn file
[1751140242.233284] [flux-sample-8:1739 :0]            sock.c:513  UCX  WARN  unable to read somaxconn value from /proc/sys/net/core/somaxconn file
[1751140242.470479] [flux-sample-2:3418 :0]            sock.c:513  UCX  WARN  unable to read somaxconn value from /proc/sys/net/core/somaxconn file
[1751140242.323063] [flux-sample-25:813  :0]            sock.c:513  UCX  WARN  unable to read somaxconn value from /proc/sys/net/core/somaxconn file
[1751140242.345663] [flux-sample-4:2553 :0]            sock.c:513  UCX  WARN  unable to read somaxconn value from /proc/sys/net/core/somaxconn file
[1751140242.340091] [flux-sample-11:1739 :0]            sock.c:513  UCX  WARN  unable to read somaxconn value from /proc/sys/net/core/somaxconn file
[1751140242.260806] [flux-sample-27:813  :0]            sock.c:513  UCX  WARN  unable to read somaxconn value from /proc/sys/net/core/somaxconn file
[1751140242.356440] [flux-sample-12:1682 :0]            sock.c:513  UCX  WARN  unable to read somaxconn value from /proc/sys/net/core/somaxconn file
[1751140242.428857] [flux-sample-30:812  :0]            sock.c:513  UCX  WARN  unable to read somaxconn value from /proc/sys/net/core/somaxconn file
[1751140242.445295] [flux-sample-31:852  :0]            sock.c:513  UCX  WARN  unable to read somaxconn value from /proc/sys/net/core/somaxconn file
[1751140242.352650] [flux-sample-9:1682 :0]            sock.c:513  UCX  WARN  unable to read somaxconn value from /proc/sys/net/core/somaxconn file
[1751140242.341338] [flux-sample-28:811  :0]            sock.c:513  UCX  WARN  unable to read somaxconn value from /proc/sys/net/core/somaxconn file
[1751140242.290884] [flux-sample-3:3421 :0]            sock.c:513  UCX  WARN  unable to read somaxconn value from /proc/sys/net/core/somaxconn file
[1751140242.288820] [flux-sample-1:3478 :0]            sock.c:513  UCX  WARN  unable to read somaxconn value from /proc/sys/net/core/somaxconn file
[1751140242.471042] [flux-sample-29:868  :0]            sock.c:513  UCX  WARN  unable to read somaxconn value from /proc/sys/net/core/somaxconn file
[1751140242.326659] [flux-sample-26:867  :0]            sock.c:513  UCX  WARN  unable to read somaxconn value from /proc/sys/net/core/somaxconn file
[1751140242.182787] [flux-sample-13:1682 :0]            sock.c:513  UCX  WARN  unable to read somaxconn value from /proc/sys/net/core/somaxconn file
[1751140242.488566] [flux-sample-11:1738 :0]            sock.c:513  UCX  WARN  unable to read somaxconn value from /proc/sys/net/core/somaxconn file
[1751140242.354502] [flux-sample-8:1738 :0]            sock.c:513  UCX  WARN  unable to read somaxconn value from /proc/sys/net/core/somaxconn file
[1751140242.354525] [flux-sample-4:2552 :0]            sock.c:513  UCX  WARN  unable to read somaxconn value from /proc/sys/net/core/somaxconn file
[1751140242.323682] [flux-sample-25:812  :0]            sock.c:513  UCX  WARN  unable to read somaxconn value from /proc/sys/net/core/somaxconn file
[1751140242.344164] [flux-sample-27:812  :0]            sock.c:513  UCX  WARN  unable to read somaxconn value from /proc/sys/net/core/somaxconn file
[1751140242.339124] [flux-sample-12:1681 :0]            sock.c:513  UCX  WARN  unable to read somaxconn value from /proc/sys/net/core/somaxconn file
[1751140242.293263] [flux-sample-30:811  :0]            sock.c:513  UCX  WARN  unable to read somaxconn value from /proc/sys/net/core/somaxconn file
[1751140242.435747] [flux-sample-31:850  :0]            sock.c:513  UCX  WARN  unable to read somaxconn value from /proc/sys/net/core/somaxconn file
[1751140242.325233] [flux-sample-9:1681 :0]            sock.c:513  UCX  WARN  unable to read somaxconn value from /proc/sys/net/core/somaxconn file
[1751140242.316494] [flux-sample-28:810  :0]            sock.c:513  UCX  WARN  unable to read somaxconn value from /proc/sys/net/core/somaxconn file
[1751140242.147080] [flux-sample-3:3420 :0]            sock.c:513  UCX  WARN  unable to read somaxconn value from /proc/sys/net/core/somaxconn file
[1751140242.275178] [flux-sample-1:3477 :0]            sock.c:513  UCX  WARN  unable to read somaxconn value from /proc/sys/net/core/somaxconn file
[1751140242.353977] [flux-sample-29:867  :0]            sock.c:513  UCX  WARN  unable to read somaxconn value from /proc/sys/net/core/somaxconn file
[1751140242.326660] [flux-sample-26:866  :0]            sock.c:513  UCX  WARN  unable to read somaxconn value from /proc/sys/net/core/somaxconn file
[1751140242.167943] [flux-sample-13:1681 :0]            sock.c:513  UCX  WARN  unable to read somaxconn value from /proc/sys/net/core/somaxconn file
[1751140242.431028] [flux-sample-11:1737 :0]            sock.c:513  UCX  WARN  unable to read somaxconn value from /proc/sys/net/core/somaxconn file
[1751140242.239100] [flux-sample-8:1737 :0]            sock.c:513  UCX  WARN  unable to read somaxconn value from /proc/sys/net/core/somaxconn file
[1751140242.353396] [flux-sample-4:2551 :0]            sock.c:513  UCX  WARN  unable to read somaxconn value from /proc/sys/net/core/somaxconn file
[1751140242.331399] [flux-sample-25:811  :0]            sock.c:513  UCX  WARN  unable to read somaxconn value from /proc/sys/net/core/somaxconn file
[1751140242.249029] [flux-sample-27:811  :0]            sock.c:513  UCX  WARN  unable to read somaxconn value from /proc/sys/net/core/somaxconn file
[1751140242.316745] [flux-sample-12:1680 :0]            sock.c:513  UCX  WARN  unable to read somaxconn value from /proc/sys/net/core/somaxconn file
[1751140242.296298] [flux-sample-30:810  :0]            sock.c:513  UCX  WARN  unable to read somaxconn value from /proc/sys/net/core/somaxconn file
[1751140242.184668] [flux-sample-31:810  :0]            sock.c:513  UCX  WARN  unable to read somaxconn value from /proc/sys/net/core/somaxconn file
[1751140242.325236] [flux-sample-9:1680 :0]            sock.c:513  UCX  WARN  unable to read somaxconn value from /proc/sys/net/core/somaxconn file
[1751140242.316494] [flux-sample-28:809  :0]            sock.c:513  UCX  WARN  unable to read somaxconn value from /proc/sys/net/core/somaxconn file
[1751140242.147080] [flux-sample-3:3419 :0]            sock.c:513  UCX  WARN  unable to read somaxconn value from /proc/sys/net/core/somaxconn file
[1751140242.290344] [flux-sample-1:3476 :0]            sock.c:513  UCX  WARN  unable to read somaxconn value from /proc/sys/net/core/somaxconn file
[1751140242.360980] [flux-sample-29:866  :0]            sock.c:513  UCX  WARN  unable to read somaxconn value from /proc/sys/net/core/somaxconn file
[1751140242.326652] [flux-sample-26:865  :0]            sock.c:513  UCX  WARN  unable to read somaxconn value from /proc/sys/net/core/somaxconn file
[1751140242.283198] [flux-sample-13:1680 :0]            sock.c:513  UCX  WARN  unable to read somaxconn value from /proc/sys/net/core/somaxconn file
[1751140242.340058] [flux-sample-11:1736 :0]            sock.c:513  UCX  WARN  unable to read somaxconn value from /proc/sys/net/core/somaxconn file
[1751140242.226219] [flux-sample-8:1736 :0]            sock.c:513  UCX  WARN  unable to read somaxconn value from /proc/sys/net/core/somaxconn file
[1751140242.357593] [flux-sample-4:2550 :0]            sock.c:513  UCX  WARN  unable to read somaxconn value from /proc/sys/net/core/somaxconn file
[1751140242.436510] [flux-sample-25:810  :0]            sock.c:513  UCX  WARN  unable to read somaxconn value from /proc/sys/net/core/somaxconn file
[1751140242.249030] [flux-sample-27:810  :0]            sock.c:513  UCX  WARN  unable to read somaxconn value from /proc/sys/net/core/somaxconn file
[1751140242.316734] [flux-sample-12:1679 :0]            sock.c:513  UCX  WARN  unable to read somaxconn value from /proc/sys/net/core/somaxconn file
[1751140242.296298] [flux-sample-30:809  :0]            sock.c:513  UCX  WARN  unable to read somaxconn value from /proc/sys/net/core/somaxconn file
[1751140242.184673] [flux-sample-31:809  :0]            sock.c:513  UCX  WARN  unable to read somaxconn value from /proc/sys/net/core/somaxconn file
[1751140242.363260] [flux-sample-9:1679 :0]            sock.c:513  UCX  WARN  unable to read somaxconn value from /proc/sys/net/core/somaxconn file
[1751140242.338693] [flux-sample-28:812  :0]            sock.c:513  UCX  WARN  unable to read somaxconn value from /proc/sys/net/core/somaxconn file
[1751140242.147081] [flux-sample-3:3418 :0]            sock.c:513  UCX  WARN  unable to read somaxconn value from /proc/sys/net/core/somaxconn file
[1751140242.276419] [flux-sample-1:3475 :0]            sock.c:513  UCX  WARN  unable to read somaxconn value from /proc/sys/net/core/somaxconn file
[1751140242.458998] [flux-sample-29:865  :0]            sock.c:513  UCX  WARN  unable to read somaxconn value from /proc/sys/net/core/somaxconn file
[1751140242.326641] [flux-sample-26:864  :0]            sock.c:513  UCX  WARN  unable to read somaxconn value from /proc/sys/net/core/somaxconn file
[1751140242.283167] [flux-sample-13:1679 :0]            sock.c:513  UCX  WARN  unable to read somaxconn value from /proc/sys/net/core/somaxconn file
[1751140242.461735] [flux-sample-11:1735 :0]            sock.c:513  UCX  WARN  unable to read somaxconn value from /proc/sys/net/core/somaxconn file
[1751140242.239806] [flux-sample-8:1735 :0]            sock.c:513  UCX  WARN  unable to read somaxconn value from /proc/sys/net/core/somaxconn file
[1751140242.357137] [flux-sample-4:2549 :0]            sock.c:513  UCX  WARN  unable to read somaxconn value from /proc/sys/net/core/somaxconn file
[1751140242.188138] [flux-sample-25:809  :0]            sock.c:513  UCX  WARN  unable to read somaxconn value from /proc/sys/net/core/somaxconn file
[1751140242.249029] [flux-sample-27:809  :0]            sock.c:513  UCX  WARN  unable to read somaxconn value from /proc/sys/net/core/somaxconn file
[1751140242.322670] [flux-sample-12:1678 :0]            sock.c:513  UCX  WARN  unable to read somaxconn value from /proc/sys/net/core/somaxconn file
[1751140242.429352] [flux-sample-30:808  :0]            sock.c:513  UCX  WARN  unable to read somaxconn value from /proc/sys/net/core/somaxconn file
[1751140242.184671] [flux-sample-31:808  :0]            sock.c:513  UCX  WARN  unable to read somaxconn value from /proc/sys/net/core/somaxconn file
[1751140242.356292] [flux-sample-9:1678 :0]            sock.c:513  UCX  WARN  unable to read somaxconn value from /proc/sys/net/core/somaxconn file
[1751140242.338713] [flux-sample-28:808  :0]            sock.c:513  UCX  WARN  unable to read somaxconn value from /proc/sys/net/core/somaxconn file
[1751140242.343467] [flux-sample-3:3459 :0]            sock.c:513  UCX  WARN  unable to read somaxconn value from /proc/sys/net/core/somaxconn file
[1751140242.169954] [flux-sample-1:3474 :0]            sock.c:513  UCX  WARN  unable to read somaxconn value from /proc/sys/net/core/somaxconn file
[1751140242.360979] [flux-sample-29:864  :0]            sock.c:513  UCX  WARN  unable to read somaxconn value from /proc/sys/net/core/somaxconn file
[1751140242.473225] [flux-sample-26:904  :0]            sock.c:513  UCX  WARN  unable to read somaxconn value from /proc/sys/net/core/somaxconn file
[1751140242.283278] [flux-sample-13:1678 :0]            sock.c:513  UCX  WARN  unable to read somaxconn value from /proc/sys/net/core/somaxconn file
[1751140242.462288] [flux-sample-11:1734 :0]            sock.c:513  UCX  WARN  unable to read somaxconn value from /proc/sys/net/core/somaxconn file
[1751140242.226219] [flux-sample-8:1734 :0]            sock.c:513  UCX  WARN  unable to read somaxconn value from /proc/sys/net/core/somaxconn file
[1751140242.140686] [flux-sample-4:2548 :0]            sock.c:513  UCX  WARN  unable to read somaxconn value from /proc/sys/net/core/somaxconn file
[1751140242.188138] [flux-sample-25:808  :0]            sock.c:513  UCX  WARN  unable to read somaxconn value from /proc/sys/net/core/somaxconn file
4                      58.88
8                      73.41
16                    459.77
32                    215.38
64                    113.46
128                   211.25
256                   213.37
512                   543.07
1024                  793.03
2048                  442.51
4096                  164.05
8192                  534.27
16384                 890.43
32768                 349.39
65536                4223.51
131072               1027.11
262144               2885.69
524288               8340.41
1048576             10215.52
