[1751077064.601771] [flux-sample-0:716  :0]            sock.c:513  UCX  WARN  unable to read somaxconn value from /proc/sys/net/core/somaxconn file
[1751077064.611054] [flux-sample-0:714  :0]            sock.c:513  UCX  WARN  unable to read somaxconn value from /proc/sys/net/core/somaxconn file
[1751077064.608542] [flux-sample-0:712  :0]            sock.c:513  UCX  WARN  unable to read somaxconn value from /proc/sys/net/core/somaxconn file
[1751077064.615084] [flux-sample-0:711  :0]            sock.c:513  UCX  WARN  unable to read somaxconn value from /proc/sys/net/core/somaxconn file
[1751077064.614357] [flux-sample-0:708  :0]            sock.c:513  UCX  WARN  unable to read somaxconn value from /proc/sys/net/core/somaxconn file
[1751077064.615075] [flux-sample-0:706  :0]            sock.c:513  UCX  WARN  unable to read somaxconn value from /proc/sys/net/core/somaxconn file
[1751077064.534421] [flux-sample-0:703  :0]            sock.c:513  UCX  WARN  unable to read somaxconn value from /proc/sys/net/core/somaxconn file
[1751077064.515405] [flux-sample-0:701  :0]            sock.c:513  UCX  WARN  unable to read somaxconn value from /proc/sys/net/core/somaxconn file
[1751077064.578642] [flux-sample-0:699  :0]            sock.c:513  UCX  WARN  unable to read somaxconn value from /proc/sys/net/core/somaxconn file
[1751077064.514111] [flux-sample-0:697  :0]            sock.c:513  UCX  WARN  unable to read somaxconn value from /proc/sys/net/core/somaxconn file
[1751077064.533735] [flux-sample-0:696  :0]            sock.c:513  UCX  WARN  unable to read somaxconn value from /proc/sys/net/core/somaxconn file
[1751077064.564513] [flux-sample-0:694  :0]            sock.c:513  UCX  WARN  unable to read somaxconn value from /proc/sys/net/core/somaxconn file
[1751077064.605546] [flux-sample-0:692  :0]            sock.c:513  UCX  WARN  unable to read somaxconn value from /proc/sys/net/core/somaxconn file
[1751077064.606042] [flux-sample-0:690  :0]            sock.c:513  UCX  WARN  unable to read somaxconn value from /proc/sys/net/core/somaxconn file
[1751077064.605546] [flux-sample-0:688  :0]            sock.c:513  UCX  WARN  unable to read somaxconn value from /proc/sys/net/core/somaxconn file
[1751077064.607899] [flux-sample-0:685  :0]            sock.c:513  UCX  WARN  unable to read somaxconn value from /proc/sys/net/core/somaxconn file
[1751077064.606882] [flux-sample-0:683  :0]            sock.c:513  UCX  WARN  unable to read somaxconn value from /proc/sys/net/core/somaxconn file
[1751077064.603543] [flux-sample-0:681  :0]            sock.c:513  UCX  WARN  unable to read somaxconn value from /proc/sys/net/core/somaxconn file
[1751077064.531595] [flux-sample-0:679  :0]            sock.c:513  UCX  WARN  unable to read somaxconn value from /proc/sys/net/core/somaxconn file
[1751077064.510951] [flux-sample-0:677  :0]            sock.c:513  UCX  WARN  unable to read somaxconn value from /proc/sys/net/core/somaxconn file
[1751077064.531420] [flux-sample-0:676  :0]            sock.c:513  UCX  WARN  unable to read somaxconn value from /proc/sys/net/core/somaxconn file
[1751077064.517989] [flux-sample-0:674  :0]            sock.c:513  UCX  WARN  unable to read somaxconn value from /proc/sys/net/core/somaxconn file
[1751077064.584872] [flux-sample-0:671  :0]            sock.c:513  UCX  WARN  unable to read somaxconn value from /proc/sys/net/core/somaxconn file
[1751077064.609730] [flux-sample-0:669  :0]            sock.c:513  UCX  WARN  unable to read somaxconn value from /proc/sys/net/core/somaxconn file
[1751077064.535541] [flux-sample-0:667  :0]            sock.c:513  UCX  WARN  unable to read somaxconn value from /proc/sys/net/core/somaxconn file
[1751077064.610250] [flux-sample-0:664  :0]            sock.c:513  UCX  WARN  unable to read somaxconn value from /proc/sys/net/core/somaxconn file
[1751077064.591795] [flux-sample-0:662  :0]            sock.c:513  UCX  WARN  unable to read somaxconn value from /proc/sys/net/core/somaxconn file
[1751077064.513961] [flux-sample-0:660  :0]            sock.c:513  UCX  WARN  unable to read somaxconn value from /proc/sys/net/core/somaxconn file
[1751077064.513956] [flux-sample-0:658  :0]            sock.c:513  UCX  WARN  unable to read somaxconn value from /proc/sys/net/core/somaxconn file
[1751077064.615958] [flux-sample-0:657  :0]            sock.c:513  UCX  WARN  unable to read somaxconn value from /proc/sys/net/core/somaxconn file
[1751077064.611491] [flux-sample-0:655  :0]            sock.c:513  UCX  WARN  unable to read somaxconn value from /proc/sys/net/core/somaxconn file
[1751077064.613831] [flux-sample-0:652  :0]            sock.c:513  UCX  WARN  unable to read somaxconn value from /proc/sys/net/core/somaxconn file
[1751077064.614344] [flux-sample-0:649  :0]            sock.c:513  UCX  WARN  unable to read somaxconn value from /proc/sys/net/core/somaxconn file
[1751077064.607899] [flux-sample-0:647  :0]            sock.c:513  UCX  WARN  unable to read somaxconn value from /proc/sys/net/core/somaxconn file
[1751077064.614524] [flux-sample-0:643  :0]            sock.c:513  UCX  WARN  unable to read somaxconn value from /proc/sys/net/core/somaxconn file
[1751077064.607899] [flux-sample-0:640  :0]            sock.c:513  UCX  WARN  unable to read somaxconn value from /proc/sys/net/core/somaxconn file
[1751077064.452709] [flux-sample-0:638  :0]            sock.c:513  UCX  WARN  unable to read somaxconn value from /proc/sys/net/core/somaxconn file
[1751077064.452712] [flux-sample-0:635  :0]            sock.c:513  UCX  WARN  unable to read somaxconn value from /proc/sys/net/core/somaxconn file
[1751077064.452710] [flux-sample-0:634  :0]            sock.c:513  UCX  WARN  unable to read somaxconn value from /proc/sys/net/core/somaxconn file
[1751077064.587801] [flux-sample-0:633  :0]            sock.c:513  UCX  WARN  unable to read somaxconn value from /proc/sys/net/core/somaxconn file
[1751077064.533733] [flux-sample-0:632  :0]            sock.c:513  UCX  WARN  unable to read somaxconn value from /proc/sys/net/core/somaxconn file
[1751077064.465935] [flux-sample-0:631  :0]            sock.c:513  UCX  WARN  unable to read somaxconn value from /proc/sys/net/core/somaxconn file
[1751077064.335193] [flux-sample-0:630  :0]            sock.c:513  UCX  WARN  unable to read somaxconn value from /proc/sys/net/core/somaxconn file
[1751077064.335192] [flux-sample-0:629  :0]            sock.c:513  UCX  WARN  unable to read somaxconn value from /proc/sys/net/core/somaxconn file
[1751077064.335192] [flux-sample-0:628  :0]            sock.c:513  UCX  WARN  unable to read somaxconn value from /proc/sys/net/core/somaxconn file
[1751077064.348941] [flux-sample-0:627  :0]            sock.c:513  UCX  WARN  unable to read somaxconn value from /proc/sys/net/core/somaxconn file
[1751077064.336968] [flux-sample-0:626  :0]            sock.c:513  UCX  WARN  unable to read somaxconn value from /proc/sys/net/core/somaxconn file
[1751077064.475401] [flux-sample-2:381  :0]            sock.c:513  UCX  WARN  unable to read somaxconn value from /proc/sys/net/core/somaxconn file
[1751077064.342282] [flux-sample-0:625  :0]            sock.c:513  UCX  WARN  unable to read somaxconn value from /proc/sys/net/core/somaxconn file
[1751077064.285200] [flux-sample-2:380  :0]            sock.c:513  UCX  WARN  unable to read somaxconn value from /proc/sys/net/core/somaxconn file

[1751077064.254654] [flux-sample-2:379  :0]            sock.c:513  UCX  WARN  unable to read somaxconn value from /proc/sys/net/core/somaxconn file
# OSU MPI Allreduce Latency Test v7.5
[1751077064.254654] [flux-sample-2:378  :0]            sock.c:513  UCX  WARN  unable to read somaxconn value from /proc/sys/net/core/somaxconn file
# Datatype: MPI_INT.
[1751077064.284262] [flux-sample-2:377  :0]            sock.c:513  UCX  WARN  unable to read somaxconn value from /proc/sys/net/core/somaxconn file
# Size       Avg Latency(us)
[1751077064.284262] [flux-sample-2:376  :0]            sock.c:513  UCX  WARN  unable to read somaxconn value from /proc/sys/net/core/somaxconn file
[1751077064.285175] [flux-sample-2:375  :0]            sock.c:513  UCX  WARN  unable to read somaxconn value from /proc/sys/net/core/somaxconn file
[1751077064.623286] [flux-sample-1:462  :0]            sock.c:513  UCX  WARN  unable to read somaxconn value from /proc/sys/net/core/somaxconn file
[1751077064.628318] [flux-sample-1:416  :0]            sock.c:513  UCX  WARN  unable to read somaxconn value from /proc/sys/net/core/somaxconn file
[1751077064.593471] [flux-sample-1:414  :0]            sock.c:513  UCX  WARN  unable to read somaxconn value from /proc/sys/net/core/somaxconn file
[1751077064.617359] [flux-sample-1:411  :0]            sock.c:513  UCX  WARN  unable to read somaxconn value from /proc/sys/net/core/somaxconn file
[1751077064.575274] [flux-sample-1:408  :0]            sock.c:513  UCX  WARN  unable to read somaxconn value from /proc/sys/net/core/somaxconn file
[1751077064.575274] [flux-sample-1:405  :0]            sock.c:513  UCX  WARN  unable to read somaxconn value from /proc/sys/net/core/somaxconn file
[1751077064.581399] [flux-sample-1:403  :0]            sock.c:513  UCX  WARN  unable to read somaxconn value from /proc/sys/net/core/somaxconn file
[1751077064.628976] [flux-sample-1:402  :0]            sock.c:513  UCX  WARN  unable to read somaxconn value from /proc/sys/net/core/somaxconn file
[1751077064.620160] [flux-sample-1:395  :0]            sock.c:513  UCX  WARN  unable to read somaxconn value from /proc/sys/net/core/somaxconn file
[1751077064.652213] [flux-sample-1:393  :0]            sock.c:513  UCX  WARN  unable to read somaxconn value from /proc/sys/net/core/somaxconn file
[1751077064.627700] [flux-sample-1:390  :0]            sock.c:513  UCX  WARN  unable to read somaxconn value from /proc/sys/net/core/somaxconn file
[1751077064.593906] [flux-sample-1:389  :0]            sock.c:513  UCX  WARN  unable to read somaxconn value from /proc/sys/net/core/somaxconn file
[1751077064.595668] [flux-sample-1:387  :0]            sock.c:513  UCX  WARN  unable to read somaxconn value from /proc/sys/net/core/somaxconn file
[1751077064.597118] [flux-sample-1:384  :0]            sock.c:513  UCX  WARN  unable to read somaxconn value from /proc/sys/net/core/somaxconn file
[1751077064.494433] [flux-sample-1:383  :0]            sock.c:513  UCX  WARN  unable to read somaxconn value from /proc/sys/net/core/somaxconn file
[1751077064.384766] [flux-sample-1:380  :0]            sock.c:513  UCX  WARN  unable to read somaxconn value from /proc/sys/net/core/somaxconn file
[1751077064.384767] [flux-sample-1:379  :0]            sock.c:513  UCX  WARN  unable to read somaxconn value from /proc/sys/net/core/somaxconn file
[1751077064.384766] [flux-sample-1:378  :0]            sock.c:513  UCX  WARN  unable to read somaxconn value from /proc/sys/net/core/somaxconn file
[1751077064.609537] [flux-sample-1:467  :0]            sock.c:513  UCX  WARN  unable to read somaxconn value from /proc/sys/net/core/somaxconn file
[1751077064.615970] [flux-sample-1:465  :0]            sock.c:513  UCX  WARN  unable to read somaxconn value from /proc/sys/net/core/somaxconn file
[1751077064.621918] [flux-sample-1:460  :0]            sock.c:513  UCX  WARN  unable to read somaxconn value from /proc/sys/net/core/somaxconn file
[1751077064.626809] [flux-sample-1:458  :0]            sock.c:513  UCX  WARN  unable to read somaxconn value from /proc/sys/net/core/somaxconn file
[1751077064.623283] [flux-sample-1:456  :0]            sock.c:513  UCX  WARN  unable to read somaxconn value from /proc/sys/net/core/somaxconn file
[1751077064.627898] [flux-sample-1:455  :0]            sock.c:513  UCX  WARN  unable to read somaxconn value from /proc/sys/net/core/somaxconn file
[1751077064.595090] [flux-sample-1:452  :0]            sock.c:513  UCX  WARN  unable to read somaxconn value from /proc/sys/net/core/somaxconn file
[1751077064.628326] [flux-sample-1:450  :0]            sock.c:513  UCX  WARN  unable to read somaxconn value from /proc/sys/net/core/somaxconn file
[1751077064.594576] [flux-sample-1:447  :0]            sock.c:513  UCX  WARN  unable to read somaxconn value from /proc/sys/net/core/somaxconn file
[1751077064.596384] [flux-sample-1:445  :0]            sock.c:513  UCX  WARN  unable to read somaxconn value from /proc/sys/net/core/somaxconn file
[1751077064.601317] [flux-sample-1:443  :0]            sock.c:513  UCX  WARN  unable to read somaxconn value from /proc/sys/net/core/somaxconn file
[1751077064.633386] [flux-sample-1:441  :0]            sock.c:513  UCX  WARN  unable to read somaxconn value from /proc/sys/net/core/somaxconn file
[1751077064.613109] [flux-sample-1:440  :0]            sock.c:513  UCX  WARN  unable to read somaxconn value from /proc/sys/net/core/somaxconn file
[1751077064.619353] [flux-sample-1:438  :0]            sock.c:513  UCX  WARN  unable to read somaxconn value from /proc/sys/net/core/somaxconn file
[1751077064.603895] [flux-sample-1:436  :0]            sock.c:513  UCX  WARN  unable to read somaxconn value from /proc/sys/net/core/somaxconn file
[1751077064.531241] [flux-sample-1:434  :0]            sock.c:513  UCX  WARN  unable to read somaxconn value from /proc/sys/net/core/somaxconn file
[1751077064.596144] [flux-sample-1:431  :0]            sock.c:513  UCX  WARN  unable to read somaxconn value from /proc/sys/net/core/somaxconn file
[1751077064.590021] [flux-sample-1:429  :0]            sock.c:513  UCX  WARN  unable to read somaxconn value from /proc/sys/net/core/somaxconn file
[1751077064.591602] [flux-sample-1:426  :0]            sock.c:513  UCX  WARN  unable to read somaxconn value from /proc/sys/net/core/somaxconn file
[1751077064.635088] [flux-sample-1:423  :0]            sock.c:513  UCX  WARN  unable to read somaxconn value from /proc/sys/net/core/somaxconn file
[1751077064.531224] [flux-sample-1:421  :0]            sock.c:513  UCX  WARN  unable to read somaxconn value from /proc/sys/net/core/somaxconn file
[1751077064.613589] [flux-sample-1:420  :0]            sock.c:513  UCX  WARN  unable to read somaxconn value from /proc/sys/net/core/somaxconn file
[1751077064.531218] [flux-sample-1:418  :0]            sock.c:513  UCX  WARN  unable to read somaxconn value from /proc/sys/net/core/somaxconn file
[1751077064.622109] [flux-sample-1:399  :0]            sock.c:513  UCX  WARN  unable to read somaxconn value from /proc/sys/net/core/somaxconn file
[1751077064.631901] [flux-sample-1:397  :0]            sock.c:513  UCX  WARN  unable to read somaxconn value from /proc/sys/net/core/somaxconn file
[1751077064.483006] [flux-sample-1:382  :0]            sock.c:513  UCX  WARN  unable to read somaxconn value from /proc/sys/net/core/somaxconn file
[1751077064.391037] [flux-sample-1:381  :0]            sock.c:513  UCX  WARN  unable to read somaxconn value from /proc/sys/net/core/somaxconn file
[1751077064.391019] [flux-sample-1:377  :0]            sock.c:513  UCX  WARN  unable to read somaxconn value from /proc/sys/net/core/somaxconn file
[1751077064.391019] [flux-sample-1:376  :0]            sock.c:513  UCX  WARN  unable to read somaxconn value from /proc/sys/net/core/somaxconn file
[1751077064.396367] [flux-sample-1:375  :0]            sock.c:513  UCX  WARN  unable to read somaxconn value from /proc/sys/net/core/somaxconn file
[1751077064.603315] [flux-sample-2:464  :0]            sock.c:513  UCX  WARN  unable to read somaxconn value from /proc/sys/net/core/somaxconn file
[1751077064.607630] [flux-sample-2:463  :0]            sock.c:513  UCX  WARN  unable to read somaxconn value from /proc/sys/net/core/somaxconn file
[1751077064.606165] [flux-sample-2:460  :0]            sock.c:513  UCX  WARN  unable to read somaxconn value from /proc/sys/net/core/somaxconn file
[1751077064.617253] [flux-sample-2:459  :0]            sock.c:513  UCX  WARN  unable to read somaxconn value from /proc/sys/net/core/somaxconn file
[1751077064.604651] [flux-sample-2:458  :0]            sock.c:513  UCX  WARN  unable to read somaxconn value from /proc/sys/net/core/somaxconn file
[1751077064.603637] [flux-sample-2:456  :0]            sock.c:513  UCX  WARN  unable to read somaxconn value from /proc/sys/net/core/somaxconn file
[1751077064.581341] [flux-sample-2:454  :0]            sock.c:513  UCX  WARN  unable to read somaxconn value from /proc/sys/net/core/somaxconn file
[1751077064.612480] [flux-sample-2:452  :0]            sock.c:513  UCX  WARN  unable to read somaxconn value from /proc/sys/net/core/somaxconn file
[1751077064.597481] [flux-sample-2:450  :0]            sock.c:513  UCX  WARN  unable to read somaxconn value from /proc/sys/net/core/somaxconn file
[1751077064.618826] [flux-sample-2:448  :0]            sock.c:513  UCX  WARN  unable to read somaxconn value from /proc/sys/net/core/somaxconn file
[1751077064.491369] [flux-sample-2:446  :0]            sock.c:513  UCX  WARN  unable to read somaxconn value from /proc/sys/net/core/somaxconn file
[1751077064.511897] [flux-sample-2:444  :0]            sock.c:513  UCX  WARN  unable to read somaxconn value from /proc/sys/net/core/somaxconn file
[1751077064.574966] [flux-sample-2:442  :0]            sock.c:513  UCX  WARN  unable to read somaxconn value from /proc/sys/net/core/somaxconn file
[1751077064.577227] [flux-sample-2:440  :0]            sock.c:513  UCX  WARN  unable to read somaxconn value from /proc/sys/net/core/somaxconn file
[1751077064.600007] [flux-sample-2:438  :0]            sock.c:513  UCX  WARN  unable to read somaxconn value from /proc/sys/net/core/somaxconn file
[1751077064.612492] [flux-sample-2:435  :0]            sock.c:513  UCX  WARN  unable to read somaxconn value from /proc/sys/net/core/somaxconn file
[1751077064.519510] [flux-sample-2:432  :0]            sock.c:513  UCX  WARN  unable to read somaxconn value from /proc/sys/net/core/somaxconn file
[1751077064.601898] [flux-sample-2:430  :0]            sock.c:513  UCX  WARN  unable to read somaxconn value from /proc/sys/net/core/somaxconn file
[1751077064.491574] [flux-sample-2:427  :0]            sock.c:513  UCX  WARN  unable to read somaxconn value from /proc/sys/net/core/somaxconn file
[1751077064.580169] [flux-sample-2:425  :0]            sock.c:513  UCX  WARN  unable to read somaxconn value from /proc/sys/net/core/somaxconn file
[1751077064.470539] [flux-sample-15:83   :0]            sock.c:513  UCX  WARN  unable to read somaxconn value from /proc/sys/net/core/somaxconn file
[1751077064.516192] [flux-sample-2:423  :0]            sock.c:513  UCX  WARN  unable to read somaxconn value from /proc/sys/net/core/somaxconn file
[1751077064.490849] [flux-sample-2:421  :0]            sock.c:513  UCX  WARN  unable to read somaxconn value from /proc/sys/net/core/somaxconn file
[1751077064.490849] [flux-sample-2:419  :0]            sock.c:513  UCX  WARN  unable to read somaxconn value from /proc/sys/net/core/somaxconn file
[1751077064.578520] [flux-sample-2:416  :0]            sock.c:513  UCX  WARN  unable to read somaxconn value from /proc/sys/net/core/somaxconn file
[1751077064.600594] [flux-sample-2:414  :0]            sock.c:513  UCX  WARN  unable to read somaxconn value from /proc/sys/net/core/somaxconn file
[1751077064.520662] [flux-sample-2:412  :0]            sock.c:513  UCX  WARN  unable to read somaxconn value from /proc/sys/net/core/somaxconn file
[1751077064.614775] [flux-sample-2:410  :0]            sock.c:513  UCX  WARN  unable to read somaxconn value from /proc/sys/net/core/somaxconn file
[1751077064.492095] [flux-sample-2:409  :0]            sock.c:513  UCX  WARN  unable to read somaxconn value from /proc/sys/net/core/somaxconn file
[1751077064.618036] [flux-sample-2:407  :0]            sock.c:513  UCX  WARN  unable to read somaxconn value from /proc/sys/net/core/somaxconn file
[1751077064.611067] [flux-sample-2:404  :0]            sock.c:513  UCX  WARN  unable to read somaxconn value from /proc/sys/net/core/somaxconn file
[1751077064.613526] [flux-sample-2:402  :0]            sock.c:513  UCX  WARN  unable to read somaxconn value from /proc/sys/net/core/somaxconn file
[1751077064.613526] [flux-sample-2:399  :0]            sock.c:513  UCX  WARN  unable to read somaxconn value from /proc/sys/net/core/somaxconn file
[1751077064.620036] [flux-sample-2:396  :0]            sock.c:513  UCX  WARN  unable to read somaxconn value from /proc/sys/net/core/somaxconn file
[1751077064.617242] [flux-sample-2:394  :0]            sock.c:513  UCX  WARN  unable to read somaxconn value from /proc/sys/net/core/somaxconn file
[1751077064.617241] [flux-sample-2:392  :0]            sock.c:513  UCX  WARN  unable to read somaxconn value from /proc/sys/net/core/somaxconn file
[1751077064.617241] [flux-sample-2:389  :0]            sock.c:513  UCX  WARN  unable to read somaxconn value from /proc/sys/net/core/somaxconn file
[1751077064.474348] [flux-sample-2:387  :0]            sock.c:513  UCX  WARN  unable to read somaxconn value from /proc/sys/net/core/somaxconn file
[1751077064.475633] [flux-sample-2:385  :0]            sock.c:513  UCX  WARN  unable to read somaxconn value from /proc/sys/net/core/somaxconn file
[1751077064.475633] [flux-sample-2:384  :0]            sock.c:513  UCX  WARN  unable to read somaxconn value from /proc/sys/net/core/somaxconn file
[1751077064.474884] [flux-sample-2:383  :0]            sock.c:513  UCX  WARN  unable to read somaxconn value from /proc/sys/net/core/somaxconn file
[1751077064.474877] [flux-sample-2:382  :0]            sock.c:513  UCX  WARN  unable to read somaxconn value from /proc/sys/net/core/somaxconn file
[1751077064.652875] [flux-sample-13:174  :0]            sock.c:513  UCX  WARN  unable to read somaxconn value from /proc/sys/net/core/somaxconn file
[1751077064.595341] [flux-sample-4:240  :0]            sock.c:513  UCX  WARN  unable to read somaxconn value from /proc/sys/net/core/somaxconn file
[1751077064.654486] [flux-sample-13:172  :0]            sock.c:513  UCX  WARN  unable to read somaxconn value from /proc/sys/net/core/somaxconn file
[1751077064.667087] [flux-sample-4:313  :0]            sock.c:513  UCX  WARN  unable to read somaxconn value from /proc/sys/net/core/somaxconn file
[1751077064.599526] [flux-sample-13:170  :0]            sock.c:513  UCX  WARN  unable to read somaxconn value from /proc/sys/net/core/somaxconn file
[1751077064.543491] [flux-sample-4:242  :0]            sock.c:513  UCX  WARN  unable to read somaxconn value from /proc/sys/net/core/somaxconn file
[1751077064.513522] [flux-sample-4:234  :0]            sock.c:513  UCX  WARN  unable to read somaxconn value from /proc/sys/net/core/somaxconn file
[1751077064.650910] [flux-sample-13:168  :0]            sock.c:513  UCX  WARN  unable to read somaxconn value from /proc/sys/net/core/somaxconn file
[1751077064.650916] [flux-sample-13:166  :0]            sock.c:513  UCX  WARN  unable to read somaxconn value from /proc/sys/net/core/somaxconn file
[1751077064.649596] [flux-sample-13:164  :0]            sock.c:513  UCX  WARN  unable to read somaxconn value from /proc/sys/net/core/somaxconn file
[1751077064.638482] [flux-sample-13:162  :0]            sock.c:513  UCX  WARN  unable to read somaxconn value from /proc/sys/net/core/somaxconn file
[1751077064.654723] [flux-sample-6:317  :0]            sock.c:513  UCX  WARN  unable to read somaxconn value from /proc/sys/net/core/somaxconn file
[1751077064.658406] [flux-sample-6:314  :0]            sock.c:513  UCX  WARN  unable to read somaxconn value from /proc/sys/net/core/somaxconn file
[1751077064.655029] [flux-sample-6:312  :0]            sock.c:513  UCX  WARN  unable to read somaxconn value from /proc/sys/net/core/somaxconn file
[1751077064.658403] [flux-sample-6:310  :0]            sock.c:513  UCX  WARN  unable to read somaxconn value from /proc/sys/net/core/somaxconn file
[1751077064.628197] [flux-sample-6:308  :0]            sock.c:513  UCX  WARN  unable to read somaxconn value from /proc/sys/net/core/somaxconn file
[1751077064.659449] [flux-sample-6:305  :0]            sock.c:513  UCX  WARN  unable to read somaxconn value from /proc/sys/net/core/somaxconn file
[1751077064.651270] [flux-sample-6:304  :0]            sock.c:513  UCX  WARN  unable to read somaxconn value from /proc/sys/net/core/somaxconn file
[1751077064.531576] [flux-sample-6:302  :0]            sock.c:513  UCX  WARN  unable to read somaxconn value from /proc/sys/net/core/somaxconn file
[1751077064.600215] [flux-sample-8:129  :0]            sock.c:513  UCX  WARN  unable to read somaxconn value from /proc/sys/net/core/somaxconn file
[1751077064.645646] [flux-sample-8:122  :0]            sock.c:513  UCX  WARN  unable to read somaxconn value from /proc/sys/net/core/somaxconn file
[1751077064.627456] [flux-sample-10:204  :0]            sock.c:513  UCX  WARN  unable to read somaxconn value from /proc/sys/net/core/somaxconn file
[1751077064.639176] [flux-sample-8:121  :0]            sock.c:513  UCX  WARN  unable to read somaxconn value from /proc/sys/net/core/somaxconn file
[1751077064.598057] [flux-sample-8:118  :0]            sock.c:513  UCX  WARN  unable to read somaxconn value from /proc/sys/net/core/somaxconn file
[1751077064.610499] [flux-sample-10:202  :0]            sock.c:513  UCX  WARN  unable to read somaxconn value from /proc/sys/net/core/somaxconn file
[1751077064.614201] [flux-sample-10:200  :0]            sock.c:513  UCX  WARN  unable to read somaxconn value from /proc/sys/net/core/somaxconn file
[1751077064.622218] [flux-sample-10:194  :0]            sock.c:513  UCX  WARN  unable to read somaxconn value from /proc/sys/net/core/somaxconn file
[1751077064.587981] [flux-sample-10:189  :0]            sock.c:513  UCX  WARN  unable to read somaxconn value from /proc/sys/net/core/somaxconn file
[1751077064.639433] [flux-sample-4:319  :0]            sock.c:513  UCX  WARN  unable to read somaxconn value from /proc/sys/net/core/somaxconn file
[1751077064.520005] [flux-sample-12:162  :0]            sock.c:513  UCX  WARN  unable to read somaxconn value from /proc/sys/net/core/somaxconn file
[1751077064.586696] [flux-sample-10:187  :0]            sock.c:513  UCX  WARN  unable to read somaxconn value from /proc/sys/net/core/somaxconn file
[1751077064.660788] [flux-sample-9:170  :0]            sock.c:513  UCX  WARN  unable to read somaxconn value from /proc/sys/net/core/somaxconn file
[1751077064.684282] [flux-sample-12:160  :0]            sock.c:513  UCX  WARN  unable to read somaxconn value from /proc/sys/net/core/somaxconn file
[1751077064.681638] [flux-sample-12:158  :0]            sock.c:513  UCX  WARN  unable to read somaxconn value from /proc/sys/net/core/somaxconn file
[1751077064.664517] [flux-sample-4:317  :0]            sock.c:513  UCX  WARN  unable to read somaxconn value from /proc/sys/net/core/somaxconn file
[1751077064.684275] [flux-sample-12:156  :0]            sock.c:513  UCX  WARN  unable to read somaxconn value from /proc/sys/net/core/somaxconn file
[1751077064.657924] [flux-sample-4:315  :0]            sock.c:513  UCX  WARN  unable to read somaxconn value from /proc/sys/net/core/somaxconn file
[1751077064.650082] [flux-sample-5:375  :0]            sock.c:513  UCX  WARN  unable to read somaxconn value from /proc/sys/net/core/somaxconn file
[1751077064.683784] [flux-sample-12:154  :0]            sock.c:513  UCX  WARN  unable to read somaxconn value from /proc/sys/net/core/somaxconn file
[1751077064.649493] [flux-sample-5:373  :0]            sock.c:513  UCX  WARN  unable to read somaxconn value from /proc/sys/net/core/somaxconn file
[1751077064.666867] [flux-sample-12:152  :0]            sock.c:513  UCX  WARN  unable to read somaxconn value from /proc/sys/net/core/somaxconn file
[1751077064.624112] [flux-sample-6:376  :0]            sock.c:513  UCX  WARN  unable to read somaxconn value from /proc/sys/net/core/somaxconn file
[1751077064.687934] [flux-sample-12:150  :0]            sock.c:513  UCX  WARN  unable to read somaxconn value from /proc/sys/net/core/somaxconn file
[1751077064.638024] [flux-sample-4:312  :0]            sock.c:513  UCX  WARN  unable to read somaxconn value from /proc/sys/net/core/somaxconn file
[1751077064.655842] [flux-sample-6:374  :0]            sock.c:513  UCX  WARN  unable to read somaxconn value from /proc/sys/net/core/somaxconn file
[1751077064.677932] [flux-sample-12:148  :0]            sock.c:513  UCX  WARN  unable to read somaxconn value from /proc/sys/net/core/somaxconn file
[1751077064.623105] [flux-sample-13:160  :0]            sock.c:513  UCX  WARN  unable to read somaxconn value from /proc/sys/net/core/somaxconn file
[1751077064.671673] [flux-sample-12:146  :0]            sock.c:513  UCX  WARN  unable to read somaxconn value from /proc/sys/net/core/somaxconn file
[1751077064.637910] [flux-sample-4:308  :0]            sock.c:513  UCX  WARN  unable to read somaxconn value from /proc/sys/net/core/somaxconn file
[1751077064.651951] [flux-sample-6:371  :0]            sock.c:513  UCX  WARN  unable to read somaxconn value from /proc/sys/net/core/somaxconn file
[1751077064.656239] [flux-sample-6:370  :0]            sock.c:513  UCX  WARN  unable to read somaxconn value from /proc/sys/net/core/somaxconn file
[1751077064.521259] [flux-sample-12:141  :0]            sock.c:513  UCX  WARN  unable to read somaxconn value from /proc/sys/net/core/somaxconn file
[1751077064.619071] [flux-sample-10:197  :0]            sock.c:513  UCX  WARN  unable to read somaxconn value from /proc/sys/net/core/somaxconn file
[1751077064.614214] [flux-sample-10:192  :0]            sock.c:513  UCX  WARN  unable to read somaxconn value from /proc/sys/net/core/somaxconn file
[1751077064.665275] [flux-sample-4:306  :0]            sock.c:513  UCX  WARN  unable to read somaxconn value from /proc/sys/net/core/somaxconn file
[1751077064.515008] [flux-sample-12:138  :0]            sock.c:513  UCX  WARN  unable to read somaxconn value from /proc/sys/net/core/somaxconn file
[1751077064.625833] [flux-sample-8:117  :0]            sock.c:513  UCX  WARN  unable to read somaxconn value from /proc/sys/net/core/somaxconn file
[1751077064.633470] [flux-sample-8:115  :0]            sock.c:513  UCX  WARN  unable to read somaxconn value from /proc/sys/net/core/somaxconn file
[1751077064.580062] [flux-sample-10:186  :0]            sock.c:513  UCX  WARN  unable to read somaxconn value from /proc/sys/net/core/somaxconn file
[1751077064.579563] [flux-sample-10:184  :0]            sock.c:513  UCX  WARN  unable to read somaxconn value from /proc/sys/net/core/somaxconn file
[1751077064.640886] [flux-sample-4:304  :0]            sock.c:513  UCX  WARN  unable to read somaxconn value from /proc/sys/net/core/somaxconn file
[1751077064.637556] [flux-sample-14:230  :0]            sock.c:513  UCX  WARN  unable to read somaxconn value from /proc/sys/net/core/somaxconn file
[1751077064.625805] [flux-sample-14:225  :0]            sock.c:513  UCX  WARN  unable to read somaxconn value from /proc/sys/net/core/somaxconn file
[1751077064.661229] [flux-sample-6:367  :0]            sock.c:513  UCX  WARN  unable to read somaxconn value from /proc/sys/net/core/somaxconn file
[1751077064.635298] [flux-sample-3:466  :0]            sock.c:513  UCX  WARN  unable to read somaxconn value from /proc/sys/net/core/somaxconn file
[1751077064.566974] [flux-sample-14:223  :0]            sock.c:513  UCX  WARN  unable to read somaxconn value from /proc/sys/net/core/somaxconn file
[1751077064.665237] [flux-sample-6:365  :0]            sock.c:513  UCX  WARN  unable to read somaxconn value from /proc/sys/net/core/somaxconn file
[1751077064.635732] [flux-sample-3:463  :0]            sock.c:513  UCX  WARN  unable to read somaxconn value from /proc/sys/net/core/somaxconn file
[1751077064.612650] [flux-sample-10:178  :0]            sock.c:513  UCX  WARN  unable to read somaxconn value from /proc/sys/net/core/somaxconn file
[1751077064.640118] [flux-sample-4:302  :0]            sock.c:513  UCX  WARN  unable to read somaxconn value from /proc/sys/net/core/somaxconn file
[1751077064.639947] [flux-sample-5:370  :0]            sock.c:513  UCX  WARN  unable to read somaxconn value from /proc/sys/net/core/somaxconn file
[1751077064.636659] [flux-sample-8:112  :0]            sock.c:513  UCX  WARN  unable to read somaxconn value from /proc/sys/net/core/somaxconn file
[1751077064.656862] [flux-sample-6:363  :0]            sock.c:513  UCX  WARN  unable to read somaxconn value from /proc/sys/net/core/somaxconn file
[1751077064.640935] [flux-sample-5:369  :0]            sock.c:513  UCX  WARN  unable to read somaxconn value from /proc/sys/net/core/somaxconn file
[1751077064.623146] [flux-sample-10:172  :0]            sock.c:513  UCX  WARN  unable to read somaxconn value from /proc/sys/net/core/somaxconn file
[1751077064.600007] [flux-sample-8:110  :0]            sock.c:513  UCX  WARN  unable to read somaxconn value from /proc/sys/net/core/somaxconn file
[1751077064.653266] [flux-sample-6:361  :0]            sock.c:513  UCX  WARN  unable to read somaxconn value from /proc/sys/net/core/somaxconn file
[1751077064.640948] [flux-sample-5:367  :0]            sock.c:513  UCX  WARN  unable to read somaxconn value from /proc/sys/net/core/somaxconn file
[1751077064.650703] [flux-sample-5:365  :0]            sock.c:513  UCX  WARN  unable to read somaxconn value from /proc/sys/net/core/somaxconn file
[1751077064.595090] [flux-sample-5:364  :0]            sock.c:513  UCX  WARN  unable to read somaxconn value from /proc/sys/net/core/somaxconn file
[1751077064.667421] [flux-sample-5:362  :0]            sock.c:513  UCX  WARN  unable to read somaxconn value from /proc/sys/net/core/somaxconn file
[1751077064.570771] [flux-sample-5:359  :0]            sock.c:513  UCX  WARN  unable to read somaxconn value from /proc/sys/net/core/somaxconn file
[1751077064.639949] [flux-sample-5:357  :0]            sock.c:513  UCX  WARN  unable to read somaxconn value from /proc/sys/net/core/somaxconn file
[1751077064.648265] [flux-sample-5:355  :0]            sock.c:513  UCX  WARN  unable to read somaxconn value from /proc/sys/net/core/somaxconn file
[1751077064.648581] [flux-sample-5:353  :0]            sock.c:513  UCX  WARN  unable to read somaxconn value from /proc/sys/net/core/somaxconn file
[1751077064.618782] [flux-sample-5:351  :0]            sock.c:513  UCX  WARN  unable to read somaxconn value from /proc/sys/net/core/somaxconn file
[1751077064.595532] [flux-sample-5:349  :0]            sock.c:513  UCX  WARN  unable to read somaxconn value from /proc/sys/net/core/somaxconn file
[1751077064.600263] [flux-sample-5:347  :0]            sock.c:513  UCX  WARN  unable to read somaxconn value from /proc/sys/net/core/somaxconn file
[1751077064.598709] [flux-sample-5:344  :0]            sock.c:513  UCX  WARN  unable to read somaxconn value from /proc/sys/net/core/somaxconn file
[1751077064.598505] [flux-sample-5:343  :0]            sock.c:513  UCX  WARN  unable to read somaxconn value from /proc/sys/net/core/somaxconn file
[1751077064.652420] [flux-sample-6:359  :0]            sock.c:513  UCX  WARN  unable to read somaxconn value from /proc/sys/net/core/somaxconn file
[1751077064.640946] [flux-sample-5:340  :0]            sock.c:513  UCX  WARN  unable to read somaxconn value from /proc/sys/net/core/somaxconn file
[1751077064.654107] [flux-sample-6:357  :0]            sock.c:513  UCX  WARN  unable to read somaxconn value from /proc/sys/net/core/somaxconn file
[1751077064.608306] [flux-sample-10:169  :0]            sock.c:513  UCX  WARN  unable to read somaxconn value from /proc/sys/net/core/somaxconn file
[1751077064.633011] [flux-sample-5:338  :0]            sock.c:513  UCX  WARN  unable to read somaxconn value from /proc/sys/net/core/somaxconn file
[1751077064.523171] [flux-sample-6:353  :0]            sock.c:513  UCX  WARN  unable to read somaxconn value from /proc/sys/net/core/somaxconn file
[1751077064.604712] [flux-sample-10:166  :0]            sock.c:513  UCX  WARN  unable to read somaxconn value from /proc/sys/net/core/somaxconn file
[1751077064.655838] [flux-sample-5:336  :0]            sock.c:513  UCX  WARN  unable to read somaxconn value from /proc/sys/net/core/somaxconn file
[1751077064.662652] [flux-sample-6:351  :0]            sock.c:513  UCX  WARN  unable to read somaxconn value from /proc/sys/net/core/somaxconn file
[1751077064.612763] [flux-sample-10:165  :0]            sock.c:513  UCX  WARN  unable to read somaxconn value from /proc/sys/net/core/somaxconn file
[1751077064.640532] [flux-sample-4:300  :0]            sock.c:513  UCX  WARN  unable to read somaxconn value from /proc/sys/net/core/somaxconn file
[1751077064.634785] [flux-sample-5:335  :0]            sock.c:513  UCX  WARN  unable to read somaxconn value from /proc/sys/net/core/somaxconn file
[1751077064.657603] [flux-sample-6:346  :0]            sock.c:513  UCX  WARN  unable to read somaxconn value from /proc/sys/net/core/somaxconn file
[1751077064.623366] [flux-sample-10:164  :0]            sock.c:513  UCX  WARN  unable to read somaxconn value from /proc/sys/net/core/somaxconn file
[1751077064.637913] [flux-sample-4:298  :0]            sock.c:513  UCX  WARN  unable to read somaxconn value from /proc/sys/net/core/somaxconn file
[1751077064.668857] [flux-sample-5:332  :0]            sock.c:513  UCX  WARN  unable to read somaxconn value from /proc/sys/net/core/somaxconn file
[1751077064.523889] [flux-sample-6:341  :0]            sock.c:513  UCX  WARN  unable to read somaxconn value from /proc/sys/net/core/somaxconn file
[1751077064.610507] [flux-sample-10:161  :0]            sock.c:513  UCX  WARN  unable to read somaxconn value from /proc/sys/net/core/somaxconn file
[1751077064.667330] [flux-sample-4:296  :0]            sock.c:513  UCX  WARN  unable to read somaxconn value from /proc/sys/net/core/somaxconn file
[1751077064.660567] [flux-sample-3:461  :0]            sock.c:513  UCX  WARN  unable to read somaxconn value from /proc/sys/net/core/somaxconn file
[1751077064.660105] [flux-sample-5:329  :0]            sock.c:513  UCX  WARN  unable to read somaxconn value from /proc/sys/net/core/somaxconn file
[1751077064.655857] [flux-sample-6:339  :0]            sock.c:513  UCX  WARN  unable to read somaxconn value from /proc/sys/net/core/somaxconn file
[1751077064.611996] [flux-sample-10:160  :0]            sock.c:513  UCX  WARN  unable to read somaxconn value from /proc/sys/net/core/somaxconn file
[1751077064.651469] [flux-sample-4:294  :0]            sock.c:513  UCX  WARN  unable to read somaxconn value from /proc/sys/net/core/somaxconn file
[1751077064.619092] [flux-sample-3:459  :0]            sock.c:513  UCX  WARN  unable to read somaxconn value from /proc/sys/net/core/somaxconn file
[1751077064.662590] [flux-sample-9:173  :0]            sock.c:513  UCX  WARN  unable to read somaxconn value from /proc/sys/net/core/somaxconn file
[1751077064.658891] [flux-sample-5:328  :0]            sock.c:513  UCX  WARN  unable to read somaxconn value from /proc/sys/net/core/somaxconn file
[1751077064.659453] [flux-sample-6:335  :0]            sock.c:513  UCX  WARN  unable to read somaxconn value from /proc/sys/net/core/somaxconn file
[1751077064.570743] [flux-sample-10:157  :0]            sock.c:513  UCX  WARN  unable to read somaxconn value from /proc/sys/net/core/somaxconn file
[1751077064.664705] [flux-sample-4:292  :0]            sock.c:513  UCX  WARN  unable to read somaxconn value from /proc/sys/net/core/somaxconn file
[1751077064.644756] [flux-sample-3:458  :0]            sock.c:513  UCX  WARN  unable to read somaxconn value from /proc/sys/net/core/somaxconn file
[1751077064.660025] [flux-sample-9:172  :0]            sock.c:513  UCX  WARN  unable to read somaxconn value from /proc/sys/net/core/somaxconn file
[1751077064.625805] [flux-sample-14:227  :0]            sock.c:513  UCX  WARN  unable to read somaxconn value from /proc/sys/net/core/somaxconn file
[1751077064.519855] [flux-sample-12:136  :0]            sock.c:513  UCX  WARN  unable to read somaxconn value from /proc/sys/net/core/somaxconn file
[1751077064.645071] [flux-sample-8:105  :0]            sock.c:513  UCX  WARN  unable to read somaxconn value from /proc/sys/net/core/somaxconn file
[1751077064.657828] [flux-sample-5:318  :0]            sock.c:513  UCX  WARN  unable to read somaxconn value from /proc/sys/net/core/somaxconn file
[1751077064.659453] [flux-sample-6:334  :0]            sock.c:513  UCX  WARN  unable to read somaxconn value from /proc/sys/net/core/somaxconn file
[1751077064.567197] [flux-sample-13:158  :0]            sock.c:513  UCX  WARN  unable to read somaxconn value from /proc/sys/net/core/somaxconn file
[1751077064.595841] [flux-sample-4:290  :0]            sock.c:513  UCX  WARN  unable to read somaxconn value from /proc/sys/net/core/somaxconn file
[1751077064.619092] [flux-sample-3:456  :0]            sock.c:513  UCX  WARN  unable to read somaxconn value from /proc/sys/net/core/somaxconn file
[1751077064.664457] [flux-sample-9:168  :0]            sock.c:513  UCX  WARN  unable to read somaxconn value from /proc/sys/net/core/somaxconn file
[1751077064.567875] [flux-sample-14:221  :0]            sock.c:513  UCX  WARN  unable to read somaxconn value from /proc/sys/net/core/somaxconn file
[1751077064.654056] [flux-sample-12:134  :0]            sock.c:513  UCX  WARN  unable to read somaxconn value from /proc/sys/net/core/somaxconn file
[1751077064.511447] [flux-sample-8:104  :0]            sock.c:513  UCX  WARN  unable to read somaxconn value from /proc/sys/net/core/somaxconn file
[1751077064.611346] [flux-sample-11:175  :0]            sock.c:513  UCX  WARN  unable to read somaxconn value from /proc/sys/net/core/somaxconn file
[1751077064.658695] [flux-sample-5:315  :0]            sock.c:513  UCX  WARN  unable to read somaxconn value from /proc/sys/net/core/somaxconn file
[1751077064.523314] [flux-sample-6:329  :0]            sock.c:513  UCX  WARN  unable to read somaxconn value from /proc/sys/net/core/somaxconn file
[1751077064.603842] [flux-sample-13:155  :0]            sock.c:513  UCX  WARN  unable to read somaxconn value from /proc/sys/net/core/somaxconn file
[1751077064.578868] [flux-sample-4:288  :0]            sock.c:513  UCX  WARN  unable to read somaxconn value from /proc/sys/net/core/somaxconn file
[1751077064.619760] [flux-sample-3:453  :0]            sock.c:513  UCX  WARN  unable to read somaxconn value from /proc/sys/net/core/somaxconn file
[1751077064.671461] [flux-sample-9:166  :0]            sock.c:513  UCX  WARN  unable to read somaxconn value from /proc/sys/net/core/somaxconn file
[1751077064.603325] [flux-sample-14:220  :0]            sock.c:513  UCX  WARN  unable to read somaxconn value from /proc/sys/net/core/somaxconn file
[1751077064.684878] [flux-sample-12:132  :0]            sock.c:513  UCX  WARN  unable to read somaxconn value from /proc/sys/net/core/somaxconn file
[1751077064.506489] [flux-sample-8:102  :0]            sock.c:513  UCX  WARN  unable to read somaxconn value from /proc/sys/net/core/somaxconn file
[1751077064.665945] [flux-sample-11:173  :0]            sock.c:513  UCX  WARN  unable to read somaxconn value from /proc/sys/net/core/somaxconn file
[1751077064.660690] [flux-sample-15:174  :0]            sock.c:513  UCX  WARN  unable to read somaxconn value from /proc/sys/net/core/somaxconn file
[1751077064.669715] [flux-sample-5:312  :0]            sock.c:513  UCX  WARN  unable to read somaxconn value from /proc/sys/net/core/somaxconn file
[1751077064.649597] [flux-sample-6:327  :0]            sock.c:513  UCX  WARN  unable to read somaxconn value from /proc/sys/net/core/somaxconn file
[1751077064.643380] [flux-sample-13:153  :0]            sock.c:513  UCX  WARN  unable to read somaxconn value from /proc/sys/net/core/somaxconn file
[1751077064.629479] [flux-sample-4:283  :0]            sock.c:513  UCX  WARN  unable to read somaxconn value from /proc/sys/net/core/somaxconn file
[1751077064.619760] [flux-sample-3:451  :0]            sock.c:513  UCX  WARN  unable to read somaxconn value from /proc/sys/net/core/somaxconn file
[1751077064.632843] [flux-sample-9:164  :0]            sock.c:513  UCX  WARN  unable to read somaxconn value from /proc/sys/net/core/somaxconn file
[1751077064.602433] [flux-sample-14:218  :0]            sock.c:513  UCX  WARN  unable to read somaxconn value from /proc/sys/net/core/somaxconn file
[1751077064.519992] [flux-sample-12:127  :0]            sock.c:513  UCX  WARN  unable to read somaxconn value from /proc/sys/net/core/somaxconn file
[1751077064.572438] [flux-sample-8:99   :0]            sock.c:513  UCX  WARN  unable to read somaxconn value from /proc/sys/net/core/somaxconn file
[1751077064.640921] [flux-sample-11:170  :0]            sock.c:513  UCX  WARN  unable to read somaxconn value from /proc/sys/net/core/somaxconn file
[1751077064.658549] [flux-sample-15:172  :0]            sock.c:513  UCX  WARN  unable to read somaxconn value from /proc/sys/net/core/somaxconn file
[1751077064.649046] [flux-sample-5:311  :0]            sock.c:513  UCX  WARN  unable to read somaxconn value from /proc/sys/net/core/somaxconn file
[1751077064.661745] [flux-sample-6:325  :0]            sock.c:513  UCX  WARN  unable to read somaxconn value from /proc/sys/net/core/somaxconn file
[1751077064.618023] [flux-sample-13:151  :0]            sock.c:513  UCX  WARN  unable to read somaxconn value from /proc/sys/net/core/somaxconn file
[1751077064.589989] [flux-sample-4:278  :0]            sock.c:513  UCX  WARN  unable to read somaxconn value from /proc/sys/net/core/somaxconn file
[1751077064.644761] [flux-sample-3:449  :0]            sock.c:513  UCX  WARN  unable to read somaxconn value from /proc/sys/net/core/somaxconn file
[1751077064.570441] [flux-sample-9:162  :0]            sock.c:513  UCX  WARN  unable to read somaxconn value from /proc/sys/net/core/somaxconn file
[1751077064.628741] [flux-sample-14:216  :0]            sock.c:513  UCX  WARN  unable to read somaxconn value from /proc/sys/net/core/somaxconn file
[1751077064.517949] [flux-sample-12:143  :0]            sock.c:513  UCX  WARN  unable to read somaxconn value from /proc/sys/net/core/somaxconn file
[1751077064.514808] [flux-sample-8:94   :0]            sock.c:513  UCX  WARN  unable to read somaxconn value from /proc/sys/net/core/somaxconn file
[1751077064.637605] [flux-sample-11:167  :0]            sock.c:513  UCX  WARN  unable to read somaxconn value from /proc/sys/net/core/somaxconn file
[1751077064.658549] [flux-sample-15:170  :0]            sock.c:513  UCX  WARN  unable to read somaxconn value from /proc/sys/net/core/somaxconn file
[1751077064.656629] [flux-sample-5:305  :0]            sock.c:513  UCX  WARN  unable to read somaxconn value from /proc/sys/net/core/somaxconn file
[1751077064.654713] [flux-sample-6:323  :0]            sock.c:513  UCX  WARN  unable to read somaxconn value from /proc/sys/net/core/somaxconn file
[1751077064.657889] [flux-sample-13:149  :0]            sock.c:513  UCX  WARN  unable to read somaxconn value from /proc/sys/net/core/somaxconn file
[1751077064.675719] [flux-sample-4:275  :0]            sock.c:513  UCX  WARN  unable to read somaxconn value from /proc/sys/net/core/somaxconn file
[1751077064.634351] [flux-sample-3:447  :0]            sock.c:513  UCX  WARN  unable to read somaxconn value from /proc/sys/net/core/somaxconn file
[1751077064.603399] [flux-sample-9:160  :0]            sock.c:513  UCX  WARN  unable to read somaxconn value from /proc/sys/net/core/somaxconn file
[1751077064.628741] [flux-sample-14:214  :0]            sock.c:513  UCX  WARN  unable to read somaxconn value from /proc/sys/net/core/somaxconn file
[1751077064.681637] [flux-sample-12:130  :0]            sock.c:513  UCX  WARN  unable to read somaxconn value from /proc/sys/net/core/somaxconn file
[1751077064.506375] [flux-sample-8:92   :0]            sock.c:513  UCX  WARN  unable to read somaxconn value from /proc/sys/net/core/somaxconn file
[1751077064.638533] [flux-sample-11:165  :0]            sock.c:513  UCX  WARN  unable to read somaxconn value from /proc/sys/net/core/somaxconn file
[1751077064.660732] [flux-sample-15:167  :0]            sock.c:513  UCX  WARN  unable to read somaxconn value from /proc/sys/net/core/somaxconn file
[1751077064.658013] [flux-sample-5:325  :0]            sock.c:513  UCX  WARN  unable to read somaxconn value from /proc/sys/net/core/somaxconn file
[1751077064.654713] [flux-sample-6:319  :0]            sock.c:513  UCX  WARN  unable to read somaxconn value from /proc/sys/net/core/somaxconn file
[1751077064.657047] [flux-sample-13:148  :0]            sock.c:513  UCX  WARN  unable to read somaxconn value from /proc/sys/net/core/somaxconn file
[1751077064.530547] [flux-sample-4:274  :0]            sock.c:513  UCX  WARN  unable to read somaxconn value from /proc/sys/net/core/somaxconn file
[1751077064.634351] [flux-sample-3:446  :0]            sock.c:513  UCX  WARN  unable to read somaxconn value from /proc/sys/net/core/somaxconn file
[1751077064.661817] [flux-sample-9:158  :0]            sock.c:513  UCX  WARN  unable to read somaxconn value from /proc/sys/net/core/somaxconn file
[1751077064.636352] [flux-sample-14:210  :0]            sock.c:513  UCX  WARN  unable to read somaxconn value from /proc/sys/net/core/somaxconn file
[1751077064.618061] [flux-sample-12:124  :0]            sock.c:513  UCX  WARN  unable to read somaxconn value from /proc/sys/net/core/somaxconn file
[1751077064.545829] [flux-sample-10:231  :0]            sock.c:513  UCX  WARN  unable to read somaxconn value from /proc/sys/net/core/somaxconn file
[1751077064.634998] [flux-sample-11:163  :0]            sock.c:513  UCX  WARN  unable to read somaxconn value from /proc/sys/net/core/somaxconn file
[1751077064.642797] [flux-sample-15:165  :0]            sock.c:513  UCX  WARN  unable to read somaxconn value from /proc/sys/net/core/somaxconn file
[1751077064.659110] [flux-sample-5:322  :0]            sock.c:513  UCX  WARN  unable to read somaxconn value from /proc/sys/net/core/somaxconn file
[1751077064.541604] [flux-sample-6:299  :0]            sock.c:513  UCX  WARN  unable to read somaxconn value from /proc/sys/net/core/somaxconn file
[1751077064.631007] [flux-sample-13:146  :0]            sock.c:513  UCX  WARN  unable to read somaxconn value from /proc/sys/net/core/somaxconn file
[1751077064.554203] [flux-sample-4:271  :0]            sock.c:513  UCX  WARN  unable to read somaxconn value from /proc/sys/net/core/somaxconn file
[1751077064.644191] [flux-sample-3:444  :0]            sock.c:513  UCX  WARN  unable to read somaxconn value from /proc/sys/net/core/somaxconn file
[1751077064.532924] [flux-sample-9:156  :0]            sock.c:513  UCX  WARN  unable to read somaxconn value from /proc/sys/net/core/somaxconn file
[1751077064.602815] [flux-sample-14:208  :0]            sock.c:513  UCX  WARN  unable to read somaxconn value from /proc/sys/net/core/somaxconn file
[1751077064.675006] [flux-sample-12:120  :0]            sock.c:513  UCX  WARN  unable to read somaxconn value from /proc/sys/net/core/somaxconn file
[1751077064.628465] [flux-sample-10:228  :0]            sock.c:513  UCX  WARN  unable to read somaxconn value from /proc/sys/net/core/somaxconn file
[1751077064.664773] [flux-sample-11:161  :0]            sock.c:513  UCX  WARN  unable to read somaxconn value from /proc/sys/net/core/somaxconn file
[1751077064.642797] [flux-sample-15:163  :0]            sock.c:513  UCX  WARN  unable to read somaxconn value from /proc/sys/net/core/somaxconn file
[1751077064.492480] [flux-sample-8:86   :0]            sock.c:513  UCX  WARN  unable to read somaxconn value from /proc/sys/net/core/somaxconn file
[1751077064.660294] [flux-sample-5:320  :0]            sock.c:513  UCX  WARN  unable to read somaxconn value from /proc/sys/net/core/somaxconn file
[1751077064.518830] [flux-sample-6:297  :0]            sock.c:513  UCX  WARN  unable to read somaxconn value from /proc/sys/net/core/somaxconn file
[1751077064.641947] [flux-sample-13:143  :0]            sock.c:513  UCX  WARN  unable to read somaxconn value from /proc/sys/net/core/somaxconn file
[1751077064.530547] [flux-sample-4:269  :0]            sock.c:513  UCX  WARN  unable to read somaxconn value from /proc/sys/net/core/somaxconn file
[1751077064.643618] [flux-sample-3:442  :0]            sock.c:513  UCX  WARN  unable to read somaxconn value from /proc/sys/net/core/somaxconn file
[1751077064.673230] [flux-sample-9:154  :0]            sock.c:513  UCX  WARN  unable to read somaxconn value from /proc/sys/net/core/somaxconn file
[1751077064.636304] [flux-sample-14:178  :0]            sock.c:513  UCX  WARN  unable to read somaxconn value from /proc/sys/net/core/somaxconn file
[1751077064.635025] [flux-sample-12:172  :0]            sock.c:513  UCX  WARN  unable to read somaxconn value from /proc/sys/net/core/somaxconn file
[1751077064.638747] [flux-sample-10:226  :0]            sock.c:513  UCX  WARN  unable to read somaxconn value from /proc/sys/net/core/somaxconn file
[1751077064.573078] [flux-sample-11:159  :0]            sock.c:513  UCX  WARN  unable to read somaxconn value from /proc/sys/net/core/somaxconn file
[1751077064.660730] [flux-sample-15:160  :0]            sock.c:513  UCX  WARN  unable to read somaxconn value from /proc/sys/net/core/somaxconn file
[1751077064.649270] [flux-sample-8:173  :0]            sock.c:513  UCX  WARN  unable to read somaxconn value from /proc/sys/net/core/somaxconn file
[1751077064.657390] [flux-sample-15:159  :0]            sock.c:513  UCX  WARN  unable to read somaxconn value from /proc/sys/net/core/somaxconn file
[1751077064.543062] [flux-sample-6:294  :0]            sock.c:513  UCX  WARN  unable to read somaxconn value from /proc/sys/net/core/somaxconn file
[1751077064.654924] [flux-sample-13:141  :0]            sock.c:513  UCX  WARN  unable to read somaxconn value from /proc/sys/net/core/somaxconn file
[1751077064.647915] [flux-sample-4:266  :0]            sock.c:513  UCX  WARN  unable to read somaxconn value from /proc/sys/net/core/somaxconn file
[1751077064.617997] [flux-sample-3:440  :0]            sock.c:513  UCX  WARN  unable to read somaxconn value from /proc/sys/net/core/somaxconn file
[1751077064.532924] [flux-sample-9:151  :0]            sock.c:513  UCX  WARN  unable to read somaxconn value from /proc/sys/net/core/somaxconn file
[1751077064.636284] [flux-sample-14:176  :0]            sock.c:513  UCX  WARN  unable to read somaxconn value from /proc/sys/net/core/somaxconn file
[1751077064.683798] [flux-sample-12:170  :0]            sock.c:513  UCX  WARN  unable to read somaxconn value from /proc/sys/net/core/somaxconn file
[1751077064.622234] [flux-sample-10:224  :0]            sock.c:513  UCX  WARN  unable to read somaxconn value from /proc/sys/net/core/somaxconn file
[1751077064.628376] [flux-sample-11:158  :0]            sock.c:513  UCX  WARN  unable to read somaxconn value from /proc/sys/net/core/somaxconn file
[1751077064.640684] [flux-sample-7:320  :0]            sock.c:513  UCX  WARN  unable to read somaxconn value from /proc/sys/net/core/somaxconn file
[1751077064.656577] [flux-sample-15:157  :0]            sock.c:513  UCX  WARN  unable to read somaxconn value from /proc/sys/net/core/somaxconn file
[1751077064.518830] [flux-sample-6:293  :0]            sock.c:513  UCX  WARN  unable to read somaxconn value from /proc/sys/net/core/somaxconn file
[1751077064.631255] [flux-sample-13:138  :0]            sock.c:513  UCX  WARN  unable to read somaxconn value from /proc/sys/net/core/somaxconn file
[1751077064.661130] [flux-sample-4:259  :0]            sock.c:513  UCX  WARN  unable to read somaxconn value from /proc/sys/net/core/somaxconn file
[1751077064.617997] [flux-sample-3:438  :0]            sock.c:513  UCX  WARN  unable to read somaxconn value from /proc/sys/net/core/somaxconn file
[1751077064.669253] [flux-sample-9:149  :0]            sock.c:513  UCX  WARN  unable to read somaxconn value from /proc/sys/net/core/somaxconn file
[1751077064.602432] [flux-sample-14:212  :0]            sock.c:513  UCX  WARN  unable to read somaxconn value from /proc/sys/net/core/somaxconn file
[1751077064.659543] [flux-sample-12:168  :0]            sock.c:513  UCX  WARN  unable to read somaxconn value from /proc/sys/net/core/somaxconn file
[1751077064.587374] [flux-sample-10:222  :0]            sock.c:513  UCX  WARN  unable to read somaxconn value from /proc/sys/net/core/somaxconn file
[1751077064.535923] [flux-sample-11:156  :0]            sock.c:513  UCX  WARN  unable to read somaxconn value from /proc/sys/net/core/somaxconn file
[1751077064.606837] [flux-sample-7:318  :0]            sock.c:513  UCX  WARN  unable to read somaxconn value from /proc/sys/net/core/somaxconn file
[1751077064.658543] [flux-sample-15:155  :0]            sock.c:513  UCX  WARN  unable to read somaxconn value from /proc/sys/net/core/somaxconn file
[1751077064.515943] [flux-sample-6:292  :0]            sock.c:513  UCX  WARN  unable to read somaxconn value from /proc/sys/net/core/somaxconn file
[1751077064.571153] [flux-sample-13:134  :0]            sock.c:513  UCX  WARN  unable to read somaxconn value from /proc/sys/net/core/somaxconn file
[1751077064.643805] [flux-sample-4:256  :0]            sock.c:513  UCX  WARN  unable to read somaxconn value from /proc/sys/net/core/somaxconn file
[1751077064.645554] [flux-sample-3:435  :0]            sock.c:513  UCX  WARN  unable to read somaxconn value from /proc/sys/net/core/somaxconn file
[1751077064.569447] [flux-sample-9:147  :0]            sock.c:513  UCX  WARN  unable to read somaxconn value from /proc/sys/net/core/somaxconn file
[1751077064.604014] [flux-sample-14:206  :0]            sock.c:513  UCX  WARN  unable to read somaxconn value from /proc/sys/net/core/somaxconn file
[1751077064.682450] [flux-sample-12:167  :0]            sock.c:513  UCX  WARN  unable to read somaxconn value from /proc/sys/net/core/somaxconn file
[1751077064.587374] [flux-sample-10:220  :0]            sock.c:513  UCX  WARN  unable to read somaxconn value from /proc/sys/net/core/somaxconn file
[1751077064.503055] [flux-sample-11:154  :0]            sock.c:513  UCX  WARN  unable to read somaxconn value from /proc/sys/net/core/somaxconn file
[1751077064.640684] [flux-sample-7:315  :0]            sock.c:513  UCX  WARN  unable to read somaxconn value from /proc/sys/net/core/somaxconn file
[1751077064.658677] [flux-sample-15:154  :0]            sock.c:513  UCX  WARN  unable to read somaxconn value from /proc/sys/net/core/somaxconn file
[1751077064.518144] [flux-sample-6:291  :0]            sock.c:513  UCX  WARN  unable to read somaxconn value from /proc/sys/net/core/somaxconn file
[1751077064.633358] [flux-sample-13:132  :0]            sock.c:513  UCX  WARN  unable to read somaxconn value from /proc/sys/net/core/somaxconn file
[1751077064.675701] [flux-sample-4:253  :0]            sock.c:513  UCX  WARN  unable to read somaxconn value from /proc/sys/net/core/somaxconn file
[1751077064.618847] [flux-sample-3:432  :0]            sock.c:513  UCX  WARN  unable to read somaxconn value from /proc/sys/net/core/somaxconn file
[1751077064.661798] [flux-sample-9:142  :0]            sock.c:513  UCX  WARN  unable to read somaxconn value from /proc/sys/net/core/somaxconn file
[1751077064.635116] [flux-sample-14:204  :0]            sock.c:513  UCX  WARN  unable to read somaxconn value from /proc/sys/net/core/somaxconn file
[1751077064.606247] [flux-sample-7:314  :0]            sock.c:513  UCX  WARN  unable to read somaxconn value from /proc/sys/net/core/somaxconn file
[1751077064.623823] [flux-sample-10:218  :0]            sock.c:513  UCX  WARN  unable to read somaxconn value from /proc/sys/net/core/somaxconn file
[1751077064.574932] [flux-sample-11:152  :0]            sock.c:513  UCX  WARN  unable to read somaxconn value from /proc/sys/net/core/somaxconn file
[1751077064.645815] [flux-sample-15:152  :0]            sock.c:513  UCX  WARN  unable to read somaxconn value from /proc/sys/net/core/somaxconn file
[1751077064.658400] [flux-sample-6:290  :0]            sock.c:513  UCX  WARN  unable to read somaxconn value from /proc/sys/net/core/somaxconn file
[1751077064.633865] [flux-sample-13:130  :0]            sock.c:513  UCX  WARN  unable to read somaxconn value from /proc/sys/net/core/somaxconn file
[1751077064.659935] [flux-sample-4:245  :0]            sock.c:513  UCX  WARN  unable to read somaxconn value from /proc/sys/net/core/somaxconn file
[1751077064.615398] [flux-sample-3:429  :0]            sock.c:513  UCX  WARN  unable to read somaxconn value from /proc/sys/net/core/somaxconn file
[1751077064.662576] [flux-sample-9:140  :0]            sock.c:513  UCX  WARN  unable to read somaxconn value from /proc/sys/net/core/somaxconn file
[1751077064.523657] [flux-sample-14:202  :0]            sock.c:513  UCX  WARN  unable to read somaxconn value from /proc/sys/net/core/somaxconn file
[1751077064.648697] [flux-sample-7:311  :0]            sock.c:513  UCX  WARN  unable to read somaxconn value from /proc/sys/net/core/somaxconn file
[1751077064.638301] [flux-sample-10:216  :0]            sock.c:513  UCX  WARN  unable to read somaxconn value from /proc/sys/net/core/somaxconn file
[1751077064.633913] [flux-sample-11:150  :0]            sock.c:513  UCX  WARN  unable to read somaxconn value from /proc/sys/net/core/somaxconn file
[1751077064.658674] [flux-sample-15:150  :0]            sock.c:513  UCX  WARN  unable to read somaxconn value from /proc/sys/net/core/somaxconn file
[1751077064.518050] [flux-sample-6:289  :0]            sock.c:513  UCX  WARN  unable to read somaxconn value from /proc/sys/net/core/somaxconn file
[1751077064.650936] [flux-sample-13:127  :0]            sock.c:513  UCX  WARN  unable to read somaxconn value from /proc/sys/net/core/somaxconn file
[1751077064.665831] [flux-sample-4:244  :0]            sock.c:513  UCX  WARN  unable to read somaxconn value from /proc/sys/net/core/somaxconn file
[1751077064.531120] [flux-sample-3:426  :0]            sock.c:513  UCX  WARN  unable to read somaxconn value from /proc/sys/net/core/somaxconn file
[1751077064.613950] [flux-sample-9:138  :0]            sock.c:513  UCX  WARN  unable to read somaxconn value from /proc/sys/net/core/somaxconn file
[1751077064.635099] [flux-sample-14:200  :0]            sock.c:513  UCX  WARN  unable to read somaxconn value from /proc/sys/net/core/somaxconn file
[1751077064.605707] [flux-sample-7:309  :0]            sock.c:513  UCX  WARN  unable to read somaxconn value from /proc/sys/net/core/somaxconn file
[1751077064.640704] [flux-sample-10:213  :0]            sock.c:513  UCX  WARN  unable to read somaxconn value from /proc/sys/net/core/somaxconn file
[1751077064.661725] [flux-sample-11:147  :0]            sock.c:513  UCX  WARN  unable to read somaxconn value from /proc/sys/net/core/somaxconn file
[1751077064.660729] [flux-sample-15:147  :0]            sock.c:513  UCX  WARN  unable to read somaxconn value from /proc/sys/net/core/somaxconn file
[1751077064.518161] [flux-sample-6:288  :0]            sock.c:513  UCX  WARN  unable to read somaxconn value from /proc/sys/net/core/somaxconn file
[1751077064.636674] [flux-sample-13:126  :0]            sock.c:513  UCX  WARN  unable to read somaxconn value from /proc/sys/net/core/somaxconn file
[1751077064.628842] [flux-sample-4:236  :0]            sock.c:513  UCX  WARN  unable to read somaxconn value from /proc/sys/net/core/somaxconn file
[1751077064.536243] [flux-sample-3:423  :0]            sock.c:513  UCX  WARN  unable to read somaxconn value from /proc/sys/net/core/somaxconn file
[1751077064.657362] [flux-sample-9:136  :0]            sock.c:513  UCX  WARN  unable to read somaxconn value from /proc/sys/net/core/somaxconn file
[1751077064.625929] [flux-sample-14:197  :0]            sock.c:513  UCX  WARN  unable to read somaxconn value from /proc/sys/net/core/somaxconn file
[1751077064.531102] [flux-sample-7:307  :0]            sock.c:513  UCX  WARN  unable to read somaxconn value from /proc/sys/net/core/somaxconn file
[1751077064.645239] [flux-sample-10:210  :0]            sock.c:513  UCX  WARN  unable to read somaxconn value from /proc/sys/net/core/somaxconn file
[1751077064.655400] [flux-sample-11:145  :0]            sock.c:513  UCX  WARN  unable to read somaxconn value from /proc/sys/net/core/somaxconn file
[1751077064.659020] [flux-sample-15:145  :0]            sock.c:513  UCX  WARN  unable to read somaxconn value from /proc/sys/net/core/somaxconn file
[1751077064.517068] [flux-sample-6:287  :0]            sock.c:513  UCX  WARN  unable to read somaxconn value from /proc/sys/net/core/somaxconn file
[1751077064.570494] [flux-sample-13:124  :0]            sock.c:513  UCX  WARN  unable to read somaxconn value from /proc/sys/net/core/somaxconn file
[1751077064.513523] [flux-sample-4:235  :0]            sock.c:513  UCX  WARN  unable to read somaxconn value from /proc/sys/net/core/somaxconn file
[1751077064.530477] [flux-sample-3:421  :0]            sock.c:513  UCX  WARN  unable to read somaxconn value from /proc/sys/net/core/somaxconn file
[1751077064.558275] [flux-sample-9:133  :0]            sock.c:513  UCX  WARN  unable to read somaxconn value from /proc/sys/net/core/somaxconn file
[1751077064.635113] [flux-sample-14:195  :0]            sock.c:513  UCX  WARN  unable to read somaxconn value from /proc/sys/net/core/somaxconn file
[1751077064.636248] [flux-sample-7:304  :0]            sock.c:513  UCX  WARN  unable to read somaxconn value from /proc/sys/net/core/somaxconn file
[1751077064.612206] [flux-sample-10:208  :0]            sock.c:513  UCX  WARN  unable to read somaxconn value from /proc/sys/net/core/somaxconn file
[1751077064.634605] [flux-sample-11:143  :0]            sock.c:513  UCX  WARN  unable to read somaxconn value from /proc/sys/net/core/somaxconn file
[1751077064.639594] [flux-sample-15:143  :0]            sock.c:513  UCX  WARN  unable to read somaxconn value from /proc/sys/net/core/somaxconn file
[1751077064.517504] [flux-sample-6:286  :0]            sock.c:513  UCX  WARN  unable to read somaxconn value from /proc/sys/net/core/somaxconn file
[1751077064.652377] [flux-sample-13:123  :0]            sock.c:513  UCX  WARN  unable to read somaxconn value from /proc/sys/net/core/somaxconn file
[1751077064.514198] [flux-sample-4:233  :0]            sock.c:513  UCX  WARN  unable to read somaxconn value from /proc/sys/net/core/somaxconn file
[1751077064.527561] [flux-sample-3:419  :0]            sock.c:513  UCX  WARN  unable to read somaxconn value from /proc/sys/net/core/somaxconn file
[1751077064.600778] [flux-sample-9:131  :0]            sock.c:513  UCX  WARN  unable to read somaxconn value from /proc/sys/net/core/somaxconn file
[1751077064.624508] [flux-sample-14:192  :0]            sock.c:513  UCX  WARN  unable to read somaxconn value from /proc/sys/net/core/somaxconn file
[1751077064.636248] [flux-sample-7:302  :0]            sock.c:513  UCX  WARN  unable to read somaxconn value from /proc/sys/net/core/somaxconn file
[1751077064.586933] [flux-sample-10:206  :0]            sock.c:513  UCX  WARN  unable to read somaxconn value from /proc/sys/net/core/somaxconn file
[1751077064.653723] [flux-sample-11:140  :0]            sock.c:513  UCX  WARN  unable to read somaxconn value from /proc/sys/net/core/somaxconn file
[1751077064.647879] [flux-sample-8:172  :0]            sock.c:513  UCX  WARN  unable to read somaxconn value from /proc/sys/net/core/somaxconn file
[1751077064.677333] [flux-sample-12:165  :0]            sock.c:513  UCX  WARN  unable to read somaxconn value from /proc/sys/net/core/somaxconn file
[1751077064.640040] [flux-sample-15:141  :0]            sock.c:513  UCX  WARN  unable to read somaxconn value from /proc/sys/net/core/somaxconn file
[1751077064.534592] [flux-sample-6:285  :0]            sock.c:513  UCX  WARN  unable to read somaxconn value from /proc/sys/net/core/somaxconn file
[1751077064.649567] [flux-sample-13:121  :0]            sock.c:513  UCX  WARN  unable to read somaxconn value from /proc/sys/net/core/somaxconn file
[1751077064.577528] [flux-sample-4:232  :0]            sock.c:513  UCX  WARN  unable to read somaxconn value from /proc/sys/net/core/somaxconn file
[1751077064.531119] [flux-sample-3:417  :0]            sock.c:513  UCX  WARN  unable to read somaxconn value from /proc/sys/net/core/somaxconn file
[1751077064.559605] [flux-sample-9:130  :0]            sock.c:513  UCX  WARN  unable to read somaxconn value from /proc/sys/net/core/somaxconn file
[1751077064.581202] [flux-sample-14:188  :0]            sock.c:513  UCX  WARN  unable to read somaxconn value from /proc/sys/net/core/somaxconn file
[1751077064.638916] [flux-sample-7:300  :0]            sock.c:513  UCX  WARN  unable to read somaxconn value from /proc/sys/net/core/somaxconn file
[1751077064.588489] [flux-sample-10:205  :0]            sock.c:513  UCX  WARN  unable to read somaxconn value from /proc/sys/net/core/somaxconn file
[1751077064.650225] [flux-sample-11:138  :0]            sock.c:513  UCX  WARN  unable to read somaxconn value from /proc/sys/net/core/somaxconn file
[1751077064.648853] [flux-sample-8:170  :0]            sock.c:513  UCX  WARN  unable to read somaxconn value from /proc/sys/net/core/somaxconn file
[1751077064.685498] [flux-sample-12:122  :0]            sock.c:513  UCX  WARN  unable to read somaxconn value from /proc/sys/net/core/somaxconn file
[1751077064.641094] [flux-sample-15:139  :0]            sock.c:513  UCX  WARN  unable to read somaxconn value from /proc/sys/net/core/somaxconn file
[1751077064.525556] [flux-sample-6:284  :0]            sock.c:513  UCX  WARN  unable to read somaxconn value from /proc/sys/net/core/somaxconn file
[1751077064.648591] [flux-sample-13:117  :0]            sock.c:513  UCX  WARN  unable to read somaxconn value from /proc/sys/net/core/somaxconn file
[1751077064.521542] [flux-sample-4:231  :0]            sock.c:513  UCX  WARN  unable to read somaxconn value from /proc/sys/net/core/somaxconn file
[1751077064.529868] [flux-sample-3:415  :0]            sock.c:513  UCX  WARN  unable to read somaxconn value from /proc/sys/net/core/somaxconn file
[1751077064.669263] [flux-sample-9:126  :0]            sock.c:513  UCX  WARN  unable to read somaxconn value from /proc/sys/net/core/somaxconn file
[1751077064.602169] [flux-sample-14:185  :0]            sock.c:513  UCX  WARN  unable to read somaxconn value from /proc/sys/net/core/somaxconn file
[1751077064.642212] [flux-sample-7:298  :0]            sock.c:513  UCX  WARN  unable to read somaxconn value from /proc/sys/net/core/somaxconn file
[1751077064.564580] [flux-sample-10:183  :0]            sock.c:513  UCX  WARN  unable to read somaxconn value from /proc/sys/net/core/somaxconn file
[1751077064.643515] [flux-sample-11:136  :0]            sock.c:513  UCX  WARN  unable to read somaxconn value from /proc/sys/net/core/somaxconn file
[1751077064.639200] [flux-sample-8:168  :0]            sock.c:513  UCX  WARN  unable to read somaxconn value from /proc/sys/net/core/somaxconn file
[1751077064.673750] [flux-sample-12:117  :0]            sock.c:513  UCX  WARN  unable to read somaxconn value from /proc/sys/net/core/somaxconn file
[1751077064.655666] [flux-sample-15:138  :0]            sock.c:513  UCX  WARN  unable to read somaxconn value from /proc/sys/net/core/somaxconn file
[1751077064.523170] [flux-sample-6:355  :0]            sock.c:513  UCX  WARN  unable to read somaxconn value from /proc/sys/net/core/somaxconn file
[1751077064.651784] [flux-sample-13:116  :0]            sock.c:513  UCX  WARN  unable to read somaxconn value from /proc/sys/net/core/somaxconn file
[1751077064.528364] [flux-sample-4:230  :0]            sock.c:513  UCX  WARN  unable to read somaxconn value from /proc/sys/net/core/somaxconn file
[1751077064.642888] [flux-sample-3:414  :0]            sock.c:513  UCX  WARN  unable to read somaxconn value from /proc/sys/net/core/somaxconn file
[1751077064.566107] [flux-sample-9:125  :0]            sock.c:513  UCX  WARN  unable to read somaxconn value from /proc/sys/net/core/somaxconn file
[1751077064.542056] [flux-sample-14:184  :0]            sock.c:513  UCX  WARN  unable to read somaxconn value from /proc/sys/net/core/somaxconn file
[1751077064.632862] [flux-sample-7:295  :0]            sock.c:513  UCX  WARN  unable to read somaxconn value from /proc/sys/net/core/somaxconn file
[1751077064.609154] [flux-sample-10:180  :0]            sock.c:513  UCX  WARN  unable to read somaxconn value from /proc/sys/net/core/somaxconn file
[1751077064.644035] [flux-sample-11:132  :0]            sock.c:513  UCX  WARN  unable to read somaxconn value from /proc/sys/net/core/somaxconn file
[1751077064.653188] [flux-sample-8:166  :0]            sock.c:513  UCX  WARN  unable to read somaxconn value from /proc/sys/net/core/somaxconn file
[1751077064.520020] [flux-sample-12:116  :0]            sock.c:513  UCX  WARN  unable to read somaxconn value from /proc/sys/net/core/somaxconn file
[1751077064.640515] [flux-sample-15:135  :0]            sock.c:513  UCX  WARN  unable to read somaxconn value from /proc/sys/net/core/somaxconn file
[1751077064.655868] [flux-sample-6:349  :0]            sock.c:513  UCX  WARN  unable to read somaxconn value from /proc/sys/net/core/somaxconn file
[1751077064.653323] [flux-sample-13:113  :0]            sock.c:513  UCX  WARN  unable to read somaxconn value from /proc/sys/net/core/somaxconn file
[1751077064.550842] [flux-sample-4:229  :0]            sock.c:513  UCX  WARN  unable to read somaxconn value from /proc/sys/net/core/somaxconn file
[1751077064.644627] [flux-sample-3:412  :0]            sock.c:513  UCX  WARN  unable to read somaxconn value from /proc/sys/net/core/somaxconn file
[1751077064.660020] [flux-sample-9:123  :0]            sock.c:513  UCX  WARN  unable to read somaxconn value from /proc/sys/net/core/somaxconn file
[1751077064.586596] [flux-sample-14:181  :0]            sock.c:513  UCX  WARN  unable to read somaxconn value from /proc/sys/net/core/somaxconn file
[1751077064.532255] [flux-sample-7:293  :0]            sock.c:513  UCX  WARN  unable to read somaxconn value from /proc/sys/net/core/somaxconn file
[1751077064.610020] [flux-sample-10:174  :0]            sock.c:513  UCX  WARN  unable to read somaxconn value from /proc/sys/net/core/somaxconn file
[1751077064.655979] [flux-sample-11:131  :0]            sock.c:513  UCX  WARN  unable to read somaxconn value from /proc/sys/net/core/somaxconn file
[1751077064.639746] [flux-sample-8:163  :0]            sock.c:513  UCX  WARN  unable to read somaxconn value from /proc/sys/net/core/somaxconn file
[1751077064.520110] [flux-sample-12:115  :0]            sock.c:513  UCX  WARN  unable to read somaxconn value from /proc/sys/net/core/somaxconn file
[1751077064.656120] [flux-sample-15:127  :0]            sock.c:513  UCX  WARN  unable to read somaxconn value from /proc/sys/net/core/somaxconn file
[1751077064.650476] [flux-sample-6:343  :0]            sock.c:513  UCX  WARN  unable to read somaxconn value from /proc/sys/net/core/somaxconn file
[1751077064.657669] [flux-sample-13:110  :0]            sock.c:513  UCX  WARN  unable to read somaxconn value from /proc/sys/net/core/somaxconn file
[1751077064.520642] [flux-sample-4:228  :0]            sock.c:513  UCX  WARN  unable to read somaxconn value from /proc/sys/net/core/somaxconn file
[1751077064.645549] [flux-sample-3:410  :0]            sock.c:513  UCX  WARN  unable to read somaxconn value from /proc/sys/net/core/somaxconn file
[1751077064.668024] [flux-sample-9:120  :0]            sock.c:513  UCX  WARN  unable to read somaxconn value from /proc/sys/net/core/somaxconn file
[1751077064.633515] [flux-sample-14:179  :0]            sock.c:513  UCX  WARN  unable to read somaxconn value from /proc/sys/net/core/somaxconn file
[1751077064.628352] [flux-sample-7:290  :0]            sock.c:513  UCX  WARN  unable to read somaxconn value from /proc/sys/net/core/somaxconn file
[1751077064.474011] [flux-sample-10:153  :0]            sock.c:513  UCX  WARN  unable to read somaxconn value from /proc/sys/net/core/somaxconn file
[1751077064.573079] [flux-sample-11:128  :0]            sock.c:513  UCX  WARN  unable to read somaxconn value from /proc/sys/net/core/somaxconn file
[1751077064.619091] [flux-sample-8:161  :0]            sock.c:513  UCX  WARN  unable to read somaxconn value from /proc/sys/net/core/somaxconn file
[1751077064.637668] [flux-sample-12:112  :0]            sock.c:513  UCX  WARN  unable to read somaxconn value from /proc/sys/net/core/somaxconn file
[1751077064.640512] [flux-sample-15:124  :0]            sock.c:513  UCX  WARN  unable to read somaxconn value from /proc/sys/net/core/somaxconn file
[1751077064.650472] [flux-sample-6:337  :0]            sock.c:513  UCX  WARN  unable to read somaxconn value from /proc/sys/net/core/somaxconn file
[1751077064.651776] [flux-sample-13:109  :0]            sock.c:513  UCX  WARN  unable to read somaxconn value from /proc/sys/net/core/somaxconn file
[1751077064.662319] [flux-sample-4:286  :0]            sock.c:513  UCX  WARN  unable to read somaxconn value from /proc/sys/net/core/somaxconn file
[1751077064.642879] [flux-sample-3:409  :0]            sock.c:513  UCX  WARN  unable to read somaxconn value from /proc/sys/net/core/somaxconn file
[1751077064.667002] [flux-sample-9:118  :0]            sock.c:513  UCX  WARN  unable to read somaxconn value from /proc/sys/net/core/somaxconn file
[1751077064.637491] [flux-sample-14:174  :0]            sock.c:513  UCX  WARN  unable to read somaxconn value from /proc/sys/net/core/somaxconn file
[1751077064.627600] [flux-sample-7:286  :0]            sock.c:513  UCX  WARN  unable to read somaxconn value from /proc/sys/net/core/somaxconn file
[1751077064.453777] [flux-sample-10:151  :0]            sock.c:513  UCX  WARN  unable to read somaxconn value from /proc/sys/net/core/somaxconn file
[1751077064.559064] [flux-sample-11:126  :0]            sock.c:513  UCX  WARN  unable to read somaxconn value from /proc/sys/net/core/somaxconn file
[1751077064.640229] [flux-sample-8:159  :0]            sock.c:513  UCX  WARN  unable to read somaxconn value from /proc/sys/net/core/somaxconn file
[1751077064.682992] [flux-sample-12:110  :0]            sock.c:513  UCX  WARN  unable to read somaxconn value from /proc/sys/net/core/somaxconn file
[1751077064.658539] [flux-sample-15:133  :0]            sock.c:513  UCX  WARN  unable to read somaxconn value from /proc/sys/net/core/somaxconn file
[1751077064.541620] [flux-sample-6:331  :0]            sock.c:513  UCX  WARN  unable to read somaxconn value from /proc/sys/net/core/somaxconn file
[1751077064.634313] [flux-sample-13:107  :0]            sock.c:513  UCX  WARN  unable to read somaxconn value from /proc/sys/net/core/somaxconn file
[1751077064.538094] [flux-sample-4:281  :0]            sock.c:513  UCX  WARN  unable to read somaxconn value from /proc/sys/net/core/somaxconn file
[1751077064.642889] [flux-sample-3:408  :0]            sock.c:513  UCX  WARN  unable to read somaxconn value from /proc/sys/net/core/somaxconn file
[1751077064.661299] [flux-sample-9:117  :0]            sock.c:513  UCX  WARN  unable to read somaxconn value from /proc/sys/net/core/somaxconn file
[1751077064.636313] [flux-sample-14:173  :0]            sock.c:513  UCX  WARN  unable to read somaxconn value from /proc/sys/net/core/somaxconn file
[1751077064.652646] [flux-sample-7:285  :0]            sock.c:513  UCX  WARN  unable to read somaxconn value from /proc/sys/net/core/somaxconn file
[1751077064.466828] [flux-sample-10:149  :0]            sock.c:513  UCX  WARN  unable to read somaxconn value from /proc/sys/net/core/somaxconn file
[1751077064.661472] [flux-sample-11:123  :0]            sock.c:513  UCX  WARN  unable to read somaxconn value from /proc/sys/net/core/somaxconn file
[1751077064.650289] [flux-sample-8:155  :0]            sock.c:513  UCX  WARN  unable to read somaxconn value from /proc/sys/net/core/somaxconn file
[1751077064.687781] [flux-sample-12:108  :0]            sock.c:513  UCX  WARN  unable to read somaxconn value from /proc/sys/net/core/somaxconn file
[1751077064.618596] [flux-sample-15:131  :0]            sock.c:513  UCX  WARN  unable to read somaxconn value from /proc/sys/net/core/somaxconn file
[1751077064.685958] [flux-sample-12:105  :0]            sock.c:513  UCX  WARN  unable to read somaxconn value from /proc/sys/net/core/somaxconn file
[1751077064.656638] [flux-sample-13:104  :0]            sock.c:513  UCX  WARN  unable to read somaxconn value from /proc/sys/net/core/somaxconn file
[1751077064.638834] [flux-sample-4:264  :0]            sock.c:513  UCX  WARN  unable to read somaxconn value from /proc/sys/net/core/somaxconn file
[1751077064.645279] [flux-sample-3:406  :0]            sock.c:513  UCX  WARN  unable to read somaxconn value from /proc/sys/net/core/somaxconn file
[1751077064.662050] [flux-sample-9:114  :0]            sock.c:513  UCX  WARN  unable to read somaxconn value from /proc/sys/net/core/somaxconn file
[1751077064.635115] [flux-sample-14:171  :0]            sock.c:513  UCX  WARN  unable to read somaxconn value from /proc/sys/net/core/somaxconn file
[1751077064.608486] [flux-sample-7:283  :0]            sock.c:513  UCX  WARN  unable to read somaxconn value from /proc/sys/net/core/somaxconn file
[1751077064.627869] [flux-sample-10:147  :0]            sock.c:513  UCX  WARN  unable to read somaxconn value from /proc/sys/net/core/somaxconn file
[1751077064.648286] [flux-sample-11:122  :0]            sock.c:513  UCX  WARN  unable to read somaxconn value from /proc/sys/net/core/somaxconn file
[1751077064.637727] [flux-sample-8:154  :0]            sock.c:513  UCX  WARN  unable to read somaxconn value from /proc/sys/net/core/somaxconn file
[1751077064.657398] [flux-sample-15:119  :0]            sock.c:513  UCX  WARN  unable to read somaxconn value from /proc/sys/net/core/somaxconn file
[1751077064.682450] [flux-sample-12:103  :0]            sock.c:513  UCX  WARN  unable to read somaxconn value from /proc/sys/net/core/somaxconn file
[1751077064.511116] [flux-sample-13:103  :0]            sock.c:513  UCX  WARN  unable to read somaxconn value from /proc/sys/net/core/somaxconn file
[1751077064.647747] [flux-sample-4:263  :0]            sock.c:513  UCX  WARN  unable to read somaxconn value from /proc/sys/net/core/somaxconn file
[1751077064.612981] [flux-sample-3:404  :0]            sock.c:513  UCX  WARN  unable to read somaxconn value from /proc/sys/net/core/somaxconn file
[1751077064.667021] [flux-sample-9:111  :0]            sock.c:513  UCX  WARN  unable to read somaxconn value from /proc/sys/net/core/somaxconn file
[1751077064.637549] [flux-sample-14:168  :0]            sock.c:513  UCX  WARN  unable to read somaxconn value from /proc/sys/net/core/somaxconn file
[1751077064.627582] [flux-sample-7:281  :0]            sock.c:513  UCX  WARN  unable to read somaxconn value from /proc/sys/net/core/somaxconn file
[1751077064.461747] [flux-sample-10:146  :0]            sock.c:513  UCX  WARN  unable to read somaxconn value from /proc/sys/net/core/somaxconn file
[1751077064.646489] [flux-sample-11:121  :0]            sock.c:513  UCX  WARN  unable to read somaxconn value from /proc/sys/net/core/somaxconn file
[1751077064.607043] [flux-sample-8:152  :0]            sock.c:513  UCX  WARN  unable to read somaxconn value from /proc/sys/net/core/somaxconn file
[1751077064.660831] [flux-sample-15:122  :0]            sock.c:513  UCX  WARN  unable to read somaxconn value from /proc/sys/net/core/somaxconn file
[1751077064.683113] [flux-sample-12:101  :0]            sock.c:513  UCX  WARN  unable to read somaxconn value from /proc/sys/net/core/somaxconn file
[1751077064.511128] [flux-sample-13:101  :0]            sock.c:513  UCX  WARN  unable to read somaxconn value from /proc/sys/net/core/somaxconn file
[1751077064.543881] [flux-sample-4:261  :0]            sock.c:513  UCX  WARN  unable to read somaxconn value from /proc/sys/net/core/somaxconn file
[1751077064.610551] [flux-sample-3:402  :0]            sock.c:513  UCX  WARN  unable to read somaxconn value from /proc/sys/net/core/somaxconn file
[1751077064.664462] [flux-sample-9:109  :0]            sock.c:513  UCX  WARN  unable to read somaxconn value from /proc/sys/net/core/somaxconn file
[1751077064.636341] [flux-sample-14:166  :0]            sock.c:513  UCX  WARN  unable to read somaxconn value from /proc/sys/net/core/somaxconn file
[1751077064.632074] [flux-sample-7:280  :0]            sock.c:513  UCX  WARN  unable to read somaxconn value from /proc/sys/net/core/somaxconn file
[1751077064.547066] [flux-sample-10:145  :0]            sock.c:513  UCX  WARN  unable to read somaxconn value from /proc/sys/net/core/somaxconn file
[1751077064.647585] [flux-sample-11:119  :0]            sock.c:513  UCX  WARN  unable to read somaxconn value from /proc/sys/net/core/somaxconn file
[1751077064.639062] [flux-sample-8:150  :0]            sock.c:513  UCX  WARN  unable to read somaxconn value from /proc/sys/net/core/somaxconn file
[1751077064.660702] [flux-sample-15:118  :0]            sock.c:513  UCX  WARN  unable to read somaxconn value from /proc/sys/net/core/somaxconn file
[1751077064.681055] [flux-sample-12:98   :0]            sock.c:513  UCX  WARN  unable to read somaxconn value from /proc/sys/net/core/somaxconn file
[1751077064.511120] [flux-sample-13:98   :0]            sock.c:513  UCX  WARN  unable to read somaxconn value from /proc/sys/net/core/somaxconn file
[1751077064.651879] [flux-sample-4:257  :0]            sock.c:513  UCX  WARN  unable to read somaxconn value from /proc/sys/net/core/somaxconn file
[1751077064.611168] [flux-sample-3:400  :0]            sock.c:513  UCX  WARN  unable to read somaxconn value from /proc/sys/net/core/somaxconn file
[1751077064.663570] [flux-sample-9:104  :0]            sock.c:513  UCX  WARN  unable to read somaxconn value from /proc/sys/net/core/somaxconn file
[1751077064.636082] [flux-sample-14:161  :0]            sock.c:513  UCX  WARN  unable to read somaxconn value from /proc/sys/net/core/somaxconn file
[1751077064.644045] [flux-sample-7:279  :0]            sock.c:513  UCX  WARN  unable to read somaxconn value from /proc/sys/net/core/somaxconn file
[1751077064.437140] [flux-sample-10:144  :0]            sock.c:513  UCX  WARN  unable to read somaxconn value from /proc/sys/net/core/somaxconn file
[1751077064.617105] [flux-sample-11:115  :0]            sock.c:513  UCX  WARN  unable to read somaxconn value from /proc/sys/net/core/somaxconn file
[1751077064.646928] [flux-sample-8:148  :0]            sock.c:513  UCX  WARN  unable to read somaxconn value from /proc/sys/net/core/somaxconn file
[1751077064.656726] [flux-sample-15:114  :0]            sock.c:513  UCX  WARN  unable to read somaxconn value from /proc/sys/net/core/somaxconn file
[1751077064.516853] [flux-sample-12:97   :0]            sock.c:513  UCX  WARN  unable to read somaxconn value from /proc/sys/net/core/somaxconn file
[1751077064.508252] [flux-sample-13:96   :0]            sock.c:513  UCX  WARN  unable to read somaxconn value from /proc/sys/net/core/somaxconn file
[1751077064.662300] [flux-sample-4:251  :0]            sock.c:513  UCX  WARN  unable to read somaxconn value from /proc/sys/net/core/somaxconn file
[1751077064.536219] [flux-sample-3:398  :0]            sock.c:513  UCX  WARN  unable to read somaxconn value from /proc/sys/net/core/somaxconn file
[1751077064.664022] [flux-sample-9:103  :0]            sock.c:513  UCX  WARN  unable to read somaxconn value from /proc/sys/net/core/somaxconn file
[1751077064.636343] [flux-sample-14:159  :0]            sock.c:513  UCX  WARN  unable to read somaxconn value from /proc/sys/net/core/somaxconn file
[1751077064.647749] [flux-sample-7:278  :0]            sock.c:513  UCX  WARN  unable to read somaxconn value from /proc/sys/net/core/somaxconn file
[1751077064.437140] [flux-sample-10:143  :0]            sock.c:513  UCX  WARN  unable to read somaxconn value from /proc/sys/net/core/somaxconn file
[1751077064.645343] [flux-sample-11:112  :0]            sock.c:513  UCX  WARN  unable to read somaxconn value from /proc/sys/net/core/somaxconn file
[1751077064.621637] [flux-sample-8:145  :0]            sock.c:513  UCX  WARN  unable to read somaxconn value from /proc/sys/net/core/somaxconn file
[1751077064.620333] [flux-sample-15:106  :0]            sock.c:513  UCX  WARN  unable to read somaxconn value from /proc/sys/net/core/somaxconn file
[1751077064.510935] [flux-sample-12:95   :0]            sock.c:513  UCX  WARN  unable to read somaxconn value from /proc/sys/net/core/somaxconn file
[1751077064.508252] [flux-sample-13:95   :0]            sock.c:513  UCX  WARN  unable to read somaxconn value from /proc/sys/net/core/somaxconn file
[1751077064.661126] [flux-sample-4:249  :0]            sock.c:513  UCX  WARN  unable to read somaxconn value from /proc/sys/net/core/somaxconn file
[1751077064.579164] [flux-sample-3:395  :0]            sock.c:513  UCX  WARN  unable to read somaxconn value from /proc/sys/net/core/somaxconn file
[1751077064.663171] [flux-sample-9:100  :0]            sock.c:513  UCX  WARN  unable to read somaxconn value from /proc/sys/net/core/somaxconn file
[1751077064.624506] [flux-sample-14:157  :0]            sock.c:513  UCX  WARN  unable to read somaxconn value from /proc/sys/net/core/somaxconn file
[1751077064.530104] [flux-sample-7:275  :0]            sock.c:513  UCX  WARN  unable to read somaxconn value from /proc/sys/net/core/somaxconn file
[1751077064.379270] [flux-sample-10:142  :0]            sock.c:513  UCX  WARN  unable to read somaxconn value from /proc/sys/net/core/somaxconn file
[1751077064.642789] [flux-sample-11:107  :0]            sock.c:513  UCX  WARN  unable to read somaxconn value from /proc/sys/net/core/somaxconn file
[1751077064.598550] [flux-sample-8:141  :0]            sock.c:513  UCX  WARN  unable to read somaxconn value from /proc/sys/net/core/somaxconn file
[1751077064.658406] [flux-sample-15:120  :0]            sock.c:513  UCX  WARN  unable to read somaxconn value from /proc/sys/net/core/somaxconn file
[1751077064.519852] [flux-sample-12:93   :0]            sock.c:513  UCX  WARN  unable to read somaxconn value from /proc/sys/net/core/somaxconn file
[1751077064.518633] [flux-sample-13:93   :0]            sock.c:513  UCX  WARN  unable to read somaxconn value from /proc/sys/net/core/somaxconn file
[1751077064.515685] [flux-sample-4:237  :0]            sock.c:513  UCX  WARN  unable to read somaxconn value from /proc/sys/net/core/somaxconn file
[1751077064.536234] [flux-sample-3:392  :0]            sock.c:513  UCX  WARN  unable to read somaxconn value from /proc/sys/net/core/somaxconn file
[1751077064.658351] [flux-sample-9:98   :0]            sock.c:513  UCX  WARN  unable to read somaxconn value from /proc/sys/net/core/somaxconn file
[1751077064.630505] [flux-sample-14:154  :0]            sock.c:513  UCX  WARN  unable to read somaxconn value from /proc/sys/net/core/somaxconn file
[1751077064.633449] [flux-sample-7:273  :0]            sock.c:513  UCX  WARN  unable to read somaxconn value from /proc/sys/net/core/somaxconn file
[1751077064.336301] [flux-sample-10:141  :0]            sock.c:513  UCX  WARN  unable to read somaxconn value from /proc/sys/net/core/somaxconn file
[1751077064.638957] [flux-sample-11:104  :0]            sock.c:513  UCX  WARN  unable to read somaxconn value from /proc/sys/net/core/somaxconn file
[1751077064.643547] [flux-sample-8:138  :0]            sock.c:513  UCX  WARN  unable to read somaxconn value from /proc/sys/net/core/somaxconn file
[1751077064.658668] [flux-sample-15:117  :0]            sock.c:513  UCX  WARN  unable to read somaxconn value from /proc/sys/net/core/somaxconn file
[1751077064.512259] [flux-sample-12:92   :0]            sock.c:513  UCX  WARN  unable to read somaxconn value from /proc/sys/net/core/somaxconn file
[1751077064.510426] [flux-sample-13:92   :0]            sock.c:513  UCX  WARN  unable to read somaxconn value from /proc/sys/net/core/somaxconn file
[1751077064.643364] [flux-sample-8:135  :0]            sock.c:513  UCX  WARN  unable to read somaxconn value from /proc/sys/net/core/somaxconn file
[1751077064.612164] [flux-sample-3:390  :0]            sock.c:513  UCX  WARN  unable to read somaxconn value from /proc/sys/net/core/somaxconn file
[1751077064.545297] [flux-sample-9:96   :0]            sock.c:513  UCX  WARN  unable to read somaxconn value from /proc/sys/net/core/somaxconn file
[1751077064.490121] [flux-sample-14:153  :0]            sock.c:513  UCX  WARN  unable to read somaxconn value from /proc/sys/net/core/somaxconn file
[1751077064.608775] [flux-sample-7:270  :0]            sock.c:513  UCX  WARN  unable to read somaxconn value from /proc/sys/net/core/somaxconn file
[1751077064.336301] [flux-sample-10:140  :0]            sock.c:513  UCX  WARN  unable to read somaxconn value from /proc/sys/net/core/somaxconn file
[1751077064.503055] [flux-sample-11:103  :0]            sock.c:513  UCX  WARN  unable to read somaxconn value from /proc/sys/net/core/somaxconn file
[1751077064.605822] [flux-sample-15:112  :0]            sock.c:513  UCX  WARN  unable to read somaxconn value from /proc/sys/net/core/somaxconn file
[1751077064.512233] [flux-sample-12:91   :0]            sock.c:513  UCX  WARN  unable to read somaxconn value from /proc/sys/net/core/somaxconn file
[1751077064.513955] [flux-sample-13:91   :0]            sock.c:513  UCX  WARN  unable to read somaxconn value from /proc/sys/net/core/somaxconn file
[1751077064.591132] [flux-sample-8:134  :0]            sock.c:513  UCX  WARN  unable to read somaxconn value from /proc/sys/net/core/somaxconn file
[1751077064.498242] [flux-sample-3:387  :0]            sock.c:513  UCX  WARN  unable to read somaxconn value from /proc/sys/net/core/somaxconn file
[1751077064.541454] [flux-sample-9:93   :0]            sock.c:513  UCX  WARN  unable to read somaxconn value from /proc/sys/net/core/somaxconn file
[1751077064.491117] [flux-sample-14:151  :0]            sock.c:513  UCX  WARN  unable to read somaxconn value from /proc/sys/net/core/somaxconn file
[1751077064.531123] [flux-sample-7:267  :0]            sock.c:513  UCX  WARN  unable to read somaxconn value from /proc/sys/net/core/somaxconn file
[1751077064.336301] [flux-sample-10:139  :0]            sock.c:513  UCX  WARN  unable to read somaxconn value from /proc/sys/net/core/somaxconn file
[1751077064.542136] [flux-sample-11:100  :0]            sock.c:513  UCX  WARN  unable to read somaxconn value from /proc/sys/net/core/somaxconn file
[1751077064.620337] [flux-sample-15:109  :0]            sock.c:513  UCX  WARN  unable to read somaxconn value from /proc/sys/net/core/somaxconn file
[1751077064.512257] [flux-sample-12:90   :0]            sock.c:513  UCX  WARN  unable to read somaxconn value from /proc/sys/net/core/somaxconn file
[1751077064.510425] [flux-sample-13:90   :0]            sock.c:513  UCX  WARN  unable to read somaxconn value from /proc/sys/net/core/somaxconn file
[1751077064.641795] [flux-sample-8:132  :0]            sock.c:513  UCX  WARN  unable to read somaxconn value from /proc/sys/net/core/somaxconn file
[1751077064.612169] [flux-sample-3:384  :0]            sock.c:513  UCX  WARN  unable to read somaxconn value from /proc/sys/net/core/somaxconn file
[1751077064.548378] [flux-sample-9:91   :0]            sock.c:513  UCX  WARN  unable to read somaxconn value from /proc/sys/net/core/somaxconn file
[1751077064.454366] [flux-sample-14:148  :0]            sock.c:513  UCX  WARN  unable to read somaxconn value from /proc/sys/net/core/somaxconn file
[1751077064.642820] [flux-sample-7:264  :0]            sock.c:513  UCX  WARN  unable to read somaxconn value from /proc/sys/net/core/somaxconn file
[1751077064.592947] [flux-sample-10:155  :0]            sock.c:513  UCX  WARN  unable to read somaxconn value from /proc/sys/net/core/somaxconn file
[1751077064.536969] [flux-sample-11:95   :0]            sock.c:513  UCX  WARN  unable to read somaxconn value from /proc/sys/net/core/somaxconn file
[1751077064.613868] [flux-sample-15:103  :0]            sock.c:513  UCX  WARN  unable to read somaxconn value from /proc/sys/net/core/somaxconn file
[1751077064.513288] [flux-sample-12:89   :0]            sock.c:513  UCX  WARN  unable to read somaxconn value from /proc/sys/net/core/somaxconn file
[1751077064.502826] [flux-sample-13:89   :0]            sock.c:513  UCX  WARN  unable to read somaxconn value from /proc/sys/net/core/somaxconn file
[1751077064.627657] [flux-sample-8:130  :0]            sock.c:513  UCX  WARN  unable to read somaxconn value from /proc/sys/net/core/somaxconn file
[1751077064.497179] [flux-sample-3:383  :0]            sock.c:513  UCX  WARN  unable to read somaxconn value from /proc/sys/net/core/somaxconn file
[1751077064.525832] [flux-sample-9:90   :0]            sock.c:513  UCX  WARN  unable to read somaxconn value from /proc/sys/net/core/somaxconn file
[1751077064.495479] [flux-sample-14:147  :0]            sock.c:513  UCX  WARN  unable to read somaxconn value from /proc/sys/net/core/somaxconn file
[1751077064.616860] [flux-sample-7:262  :0]            sock.c:513  UCX  WARN  unable to read somaxconn value from /proc/sys/net/core/somaxconn file
[1751077064.507596] [flux-sample-11:92   :0]            sock.c:513  UCX  WARN  unable to read somaxconn value from /proc/sys/net/core/somaxconn file
[1751077064.620344] [flux-sample-15:101  :0]            sock.c:513  UCX  WARN  unable to read somaxconn value from /proc/sys/net/core/somaxconn file
[1751077064.517961] [flux-sample-12:87   :0]            sock.c:513  UCX  WARN  unable to read somaxconn value from /proc/sys/net/core/somaxconn file
[1751077064.502826] [flux-sample-13:87   :0]            sock.c:513  UCX  WARN  unable to read somaxconn value from /proc/sys/net/core/somaxconn file
[1751077064.563421] [flux-sample-8:126  :0]            sock.c:513  UCX  WARN  unable to read somaxconn value from /proc/sys/net/core/somaxconn file
[1751077064.497179] [flux-sample-3:382  :0]            sock.c:513  UCX  WARN  unable to read somaxconn value from /proc/sys/net/core/somaxconn file
[1751077064.525832] [flux-sample-9:89   :0]            sock.c:513  UCX  WARN  unable to read somaxconn value from /proc/sys/net/core/somaxconn file
[1751077064.495479] [flux-sample-14:146  :0]            sock.c:513  UCX  WARN  unable to read somaxconn value from /proc/sys/net/core/somaxconn file
[1751077064.532269] [flux-sample-7:261  :0]            sock.c:513  UCX  WARN  unable to read somaxconn value from /proc/sys/net/core/somaxconn file
[1751077064.647573] [flux-sample-11:91   :0]            sock.c:513  UCX  WARN  unable to read somaxconn value from /proc/sys/net/core/somaxconn file
[1751077064.620936] [flux-sample-15:99   :0]            sock.c:513  UCX  WARN  unable to read somaxconn value from /proc/sys/net/core/somaxconn file
[1751077064.513288] [flux-sample-12:86   :0]            sock.c:513  UCX  WARN  unable to read somaxconn value from /proc/sys/net/core/somaxconn file
[1751077064.507020] [flux-sample-13:86   :0]            sock.c:513  UCX  WARN  unable to read somaxconn value from /proc/sys/net/core/somaxconn file
[1751077064.563040] [flux-sample-8:124  :0]            sock.c:513  UCX  WARN  unable to read somaxconn value from /proc/sys/net/core/somaxconn file
[1751077064.497179] [flux-sample-3:381  :0]            sock.c:513  UCX  WARN  unable to read somaxconn value from /proc/sys/net/core/somaxconn file
[1751077064.518811] [flux-sample-9:87   :0]            sock.c:513  UCX  WARN  unable to read somaxconn value from /proc/sys/net/core/somaxconn file
[1751077064.458661] [flux-sample-14:145  :0]            sock.c:513  UCX  WARN  unable to read somaxconn value from /proc/sys/net/core/somaxconn file
[1751077064.635656] [flux-sample-7:259  :0]            sock.c:513  UCX  WARN  unable to read somaxconn value from /proc/sys/net/core/somaxconn file
[1751077064.647160] [flux-sample-11:90   :0]            sock.c:513  UCX  WARN  unable to read somaxconn value from /proc/sys/net/core/somaxconn file
[1751077064.496266] [flux-sample-15:94   :0]            sock.c:513  UCX  WARN  unable to read somaxconn value from /proc/sys/net/core/somaxconn file
[1751077064.512259] [flux-sample-12:85   :0]            sock.c:513  UCX  WARN  unable to read somaxconn value from /proc/sys/net/core/somaxconn file
[1751077064.504226] [flux-sample-13:85   :0]            sock.c:513  UCX  WARN  unable to read somaxconn value from /proc/sys/net/core/somaxconn file
[1751077064.613569] [flux-sample-8:107  :0]            sock.c:513  UCX  WARN  unable to read somaxconn value from /proc/sys/net/core/somaxconn file
[1751077064.612170] [flux-sample-3:380  :0]            sock.c:513  UCX  WARN  unable to read somaxconn value from /proc/sys/net/core/somaxconn file
[1751077064.530016] [flux-sample-9:86   :0]            sock.c:513  UCX  WARN  unable to read somaxconn value from /proc/sys/net/core/somaxconn file
[1751077064.502620] [flux-sample-14:144  :0]            sock.c:513  UCX  WARN  unable to read somaxconn value from /proc/sys/net/core/somaxconn file
[1751077064.646357] [flux-sample-7:257  :0]            sock.c:513  UCX  WARN  unable to read somaxconn value from /proc/sys/net/core/somaxconn file
[1751077064.642800] [flux-sample-11:88   :0]            sock.c:513  UCX  WARN  unable to read somaxconn value from /proc/sys/net/core/somaxconn file
[1751077064.496925] [flux-sample-15:93   :0]            sock.c:513  UCX  WARN  unable to read somaxconn value from /proc/sys/net/core/somaxconn file
[1751077064.512258] [flux-sample-12:84   :0]            sock.c:513  UCX  WARN  unable to read somaxconn value from /proc/sys/net/core/somaxconn file
[1751077064.364173] [flux-sample-13:83   :0]            sock.c:513  UCX  WARN  unable to read somaxconn value from /proc/sys/net/core/somaxconn file
[1751077064.506466] [flux-sample-8:97   :0]            sock.c:513  UCX  WARN  unable to read somaxconn value from /proc/sys/net/core/somaxconn file
[1751077064.612976] [flux-sample-3:379  :0]            sock.c:513  UCX  WARN  unable to read somaxconn value from /proc/sys/net/core/somaxconn file
[1751077064.569071] [flux-sample-9:144  :0]            sock.c:513  UCX  WARN  unable to read somaxconn value from /proc/sys/net/core/somaxconn file
[1751077064.485580] [flux-sample-14:143  :0]            sock.c:513  UCX  WARN  unable to read somaxconn value from /proc/sys/net/core/somaxconn file
[1751077064.645396] [flux-sample-7:256  :0]            sock.c:513  UCX  WARN  unable to read somaxconn value from /proc/sys/net/core/somaxconn file
[1751077064.489300] [flux-sample-11:87   :0]            sock.c:513  UCX  WARN  unable to read somaxconn value from /proc/sys/net/core/somaxconn file
[1751077064.636305] [flux-sample-5:308  :0]            sock.c:513  UCX  WARN  unable to read somaxconn value from /proc/sys/net/core/somaxconn file
[1751077064.485944] [flux-sample-15:92   :0]            sock.c:513  UCX  WARN  unable to read somaxconn value from /proc/sys/net/core/somaxconn file
[1751077064.512259] [flux-sample-12:83   :0]            sock.c:513  UCX  WARN  unable to read somaxconn value from /proc/sys/net/core/somaxconn file
[1751077064.516010] [flux-sample-13:84   :0]            sock.c:513  UCX  WARN  unable to read somaxconn value from /proc/sys/net/core/somaxconn file
[1751077064.596806] [flux-sample-8:91   :0]            sock.c:513  UCX  WARN  unable to read somaxconn value from /proc/sys/net/core/somaxconn file
[1751077064.512294] [flux-sample-3:378  :0]            sock.c:513  UCX  WARN  unable to read somaxconn value from /proc/sys/net/core/somaxconn file
[1751077064.666463] [flux-sample-9:106  :0]            sock.c:513  UCX  WARN  unable to read somaxconn value from /proc/sys/net/core/somaxconn file
[1751077064.495456] [flux-sample-14:142  :0]            sock.c:513  UCX  WARN  unable to read somaxconn value from /proc/sys/net/core/somaxconn file
[1751077064.643603] [flux-sample-7:253  :0]            sock.c:513  UCX  WARN  unable to read somaxconn value from /proc/sys/net/core/somaxconn file
[1751077064.489300] [flux-sample-11:86   :0]            sock.c:513  UCX  WARN  unable to read somaxconn value from /proc/sys/net/core/somaxconn file
[1751077064.511847] [flux-sample-5:303  :0]            sock.c:513  UCX  WARN  unable to read somaxconn value from /proc/sys/net/core/somaxconn file
[1751077064.512729] [flux-sample-15:91   :0]            sock.c:513  UCX  WARN  unable to read somaxconn value from /proc/sys/net/core/somaxconn file
[1751077064.682435] [flux-sample-12:164  :0]            sock.c:513  UCX  WARN  unable to read somaxconn value from /proc/sys/net/core/somaxconn file
[1751077064.357081] [flux-sample-11:83   :0]            sock.c:513  UCX  WARN  unable to read somaxconn value from /proc/sys/net/core/somaxconn file
[1751077064.652311] [flux-sample-8:90   :0]            sock.c:513  UCX  WARN  unable to read somaxconn value from /proc/sys/net/core/somaxconn file
[1751077064.502543] [flux-sample-3:377  :0]            sock.c:513  UCX  WARN  unable to read somaxconn value from /proc/sys/net/core/somaxconn file
[1751077064.541454] [flux-sample-9:92   :0]            sock.c:513  UCX  WARN  unable to read somaxconn value from /proc/sys/net/core/somaxconn file
[1751077064.455615] [flux-sample-14:141  :0]            sock.c:513  UCX  WARN  unable to read somaxconn value from /proc/sys/net/core/somaxconn file
[1751077064.642202] [flux-sample-7:248  :0]            sock.c:513  UCX  WARN  unable to read somaxconn value from /proc/sys/net/core/somaxconn file
[1751077064.511805] [flux-sample-5:302  :0]            sock.c:513  UCX  WARN  unable to read somaxconn value from /proc/sys/net/core/somaxconn file
[1751077064.470537] [flux-sample-15:90   :0]            sock.c:513  UCX  WARN  unable to read somaxconn value from /proc/sys/net/core/somaxconn file
[1751077064.567163] [flux-sample-5:299  :0]            sock.c:513  UCX  WARN  unable to read somaxconn value from /proc/sys/net/core/somaxconn file
[1751077064.664758] [flux-sample-11:116  :0]            sock.c:513  UCX  WARN  unable to read somaxconn value from /proc/sys/net/core/somaxconn file
[1751077064.646923] [flux-sample-8:89   :0]            sock.c:513  UCX  WARN  unable to read somaxconn value from /proc/sys/net/core/somaxconn file
[1751077064.511300] [flux-sample-3:376  :0]            sock.c:513  UCX  WARN  unable to read somaxconn value from /proc/sys/net/core/somaxconn file
[1751077064.518811] [flux-sample-9:88   :0]            sock.c:513  UCX  WARN  unable to read somaxconn value from /proc/sys/net/core/somaxconn file
[1751077064.454367] [flux-sample-14:140  :0]            sock.c:513  UCX  WARN  unable to read somaxconn value from /proc/sys/net/core/somaxconn file
[1751077064.642202] [flux-sample-7:244  :0]            sock.c:513  UCX  WARN  unable to read somaxconn value from /proc/sys/net/core/somaxconn file
[1751077064.474939] [flux-sample-15:88   :0]            sock.c:513  UCX  WARN  unable to read somaxconn value from /proc/sys/net/core/somaxconn file
[1751077064.510500] [flux-sample-5:297  :0]            sock.c:513  UCX  WARN  unable to read somaxconn value from /proc/sys/net/core/somaxconn file
[1751077064.638540] [flux-sample-11:110  :0]            sock.c:513  UCX  WARN  unable to read somaxconn value from /proc/sys/net/core/somaxconn file
[1751077064.493897] [flux-sample-8:88   :0]            sock.c:513  UCX  WARN  unable to read somaxconn value from /proc/sys/net/core/somaxconn file
[1751077064.494751] [flux-sample-3:375  :0]            sock.c:513  UCX  WARN  unable to read somaxconn value from /proc/sys/net/core/somaxconn file
[1751077064.530024] [flux-sample-9:85   :0]            sock.c:513  UCX  WARN  unable to read somaxconn value from /proc/sys/net/core/somaxconn file
[1751077064.495521] [flux-sample-14:139  :0]            sock.c:513  UCX  WARN  unable to read somaxconn value from /proc/sys/net/core/somaxconn file
[1751077064.629606] [flux-sample-7:243  :0]            sock.c:513  UCX  WARN  unable to read somaxconn value from /proc/sys/net/core/somaxconn file
[1751077064.470540] [flux-sample-15:86   :0]            sock.c:513  UCX  WARN  unable to read somaxconn value from /proc/sys/net/core/somaxconn file
[1751077064.510308] [flux-sample-5:296  :0]            sock.c:513  UCX  WARN  unable to read somaxconn value from /proc/sys/net/core/somaxconn file
[1751077064.647820] [flux-sample-11:98   :0]            sock.c:513  UCX  WARN  unable to read somaxconn value from /proc/sys/net/core/somaxconn file
[1751077064.501657] [flux-sample-8:87   :0]            sock.c:513  UCX  WARN  unable to read somaxconn value from /proc/sys/net/core/somaxconn file
[1751077064.541597] [flux-sample-7:240  :0]            sock.c:513  UCX  WARN  unable to read somaxconn value from /proc/sys/net/core/somaxconn file
[1751077064.508423] [flux-sample-9:84   :0]            sock.c:513  UCX  WARN  unable to read somaxconn value from /proc/sys/net/core/somaxconn file
[1751077064.482706] [flux-sample-14:164  :0]            sock.c:513  UCX  WARN  unable to read somaxconn value from /proc/sys/net/core/somaxconn file
[1751077064.470539] [flux-sample-15:85   :0]            sock.c:513  UCX  WARN  unable to read somaxconn value from /proc/sys/net/core/somaxconn file
[1751077064.601012] [flux-sample-5:293  :0]            sock.c:513  UCX  WARN  unable to read somaxconn value from /proc/sys/net/core/somaxconn file
[1751077064.508423] [flux-sample-9:83   :0]            sock.c:513  UCX  WARN  unable to read somaxconn value from /proc/sys/net/core/somaxconn file
[1751077064.383410] [flux-sample-8:85   :0]            sock.c:513  UCX  WARN  unable to read somaxconn value from /proc/sys/net/core/somaxconn file
[1751077064.607990] [flux-sample-7:237  :0]            sock.c:513  UCX  WARN  unable to read somaxconn value from /proc/sys/net/core/somaxconn file
[1751077064.486093] [flux-sample-15:96   :0]            sock.c:513  UCX  WARN  unable to read somaxconn value from /proc/sys/net/core/somaxconn file
[1751077064.566879] [flux-sample-5:292  :0]            sock.c:513  UCX  WARN  unable to read somaxconn value from /proc/sys/net/core/somaxconn file
[1751077064.524170] [flux-sample-7:234  :0]            sock.c:513  UCX  WARN  unable to read somaxconn value from /proc/sys/net/core/somaxconn file
[1751077064.437917] [flux-sample-8:84   :0]            sock.c:513  UCX  WARN  unable to read somaxconn value from /proc/sys/net/core/somaxconn file
[1751077064.474939] [flux-sample-15:87   :0]            sock.c:513  UCX  WARN  unable to read somaxconn value from /proc/sys/net/core/somaxconn file
[1751077064.510856] [flux-sample-5:291  :0]            sock.c:513  UCX  WARN  unable to read somaxconn value from /proc/sys/net/core/somaxconn file
[1751077064.487975] [flux-sample-7:231  :0]            sock.c:513  UCX  WARN  unable to read somaxconn value from /proc/sys/net/core/somaxconn file
[1751077064.337374] [flux-sample-8:83   :0]            sock.c:513  UCX  WARN  unable to read somaxconn value from /proc/sys/net/core/somaxconn file
[1751077064.477551] [flux-sample-15:84   :0]            sock.c:513  UCX  WARN  unable to read somaxconn value from /proc/sys/net/core/somaxconn file
[1751077064.510736] [flux-sample-5:290  :0]            sock.c:513  UCX  WARN  unable to read somaxconn value from /proc/sys/net/core/somaxconn file
[1751077064.524167] [flux-sample-7:230  :0]            sock.c:513  UCX  WARN  unable to read somaxconn value from /proc/sys/net/core/somaxconn file
[1751077064.642910] [flux-sample-8:157  :0]            sock.c:513  UCX  WARN  unable to read somaxconn value from /proc/sys/net/core/somaxconn file
[1751077064.524133] [flux-sample-7:229  :0]            sock.c:513  UCX  WARN  unable to read somaxconn value from /proc/sys/net/core/somaxconn file
[1751077064.510855] [flux-sample-5:289  :0]            sock.c:513  UCX  WARN  unable to read somaxconn value from /proc/sys/net/core/somaxconn file
[1751077064.523651] [flux-sample-7:228  :0]            sock.c:513  UCX  WARN  unable to read somaxconn value from /proc/sys/net/core/somaxconn file
[1751077064.640966] [flux-sample-5:288  :0]            sock.c:513  UCX  WARN  unable to read somaxconn value from /proc/sys/net/core/somaxconn file
[1751077064.652439] [flux-sample-7:246  :0]            sock.c:513  UCX  WARN  unable to read somaxconn value from /proc/sys/net/core/somaxconn file
[1751077064.510509] [flux-sample-5:287  :0]            sock.c:513  UCX  WARN  unable to read somaxconn value from /proc/sys/net/core/somaxconn file
[1751077064.613141] [flux-sample-7:236  :0]            sock.c:513  UCX  WARN  unable to read somaxconn value from /proc/sys/net/core/somaxconn file
[1751077064.510869] [flux-sample-5:286  :0]            sock.c:513  UCX  WARN  unable to read somaxconn value from /proc/sys/net/core/somaxconn file
[1751077064.547117] [flux-sample-7:235  :0]            sock.c:513  UCX  WARN  unable to read somaxconn value from /proc/sys/net/core/somaxconn file
[1751077064.510862] [flux-sample-5:285  :0]            sock.c:513  UCX  WARN  unable to read somaxconn value from /proc/sys/net/core/somaxconn file
[1751077064.482185] [flux-sample-7:233  :0]            sock.c:513  UCX  WARN  unable to read somaxconn value from /proc/sys/net/core/somaxconn file
[1751077064.650083] [flux-sample-5:284  :0]            sock.c:513  UCX  WARN  unable to read somaxconn value from /proc/sys/net/core/somaxconn file
[1751077064.482188] [flux-sample-7:232  :0]            sock.c:513  UCX  WARN  unable to read somaxconn value from /proc/sys/net/core/somaxconn file
[1751077064.639644] [flux-sample-7:251  :0]            sock.c:513  UCX  WARN  unable to read somaxconn value from /proc/sys/net/core/somaxconn file
[1751077064.559661] [flux-sample-11:97   :0]            sock.c:513  UCX  WARN  unable to read somaxconn value from /proc/sys/net/core/somaxconn file
[1751077064.492397] [flux-sample-11:89   :0]            sock.c:513  UCX  WARN  unable to read somaxconn value from /proc/sys/net/core/somaxconn file
[1751077064.442852] [flux-sample-11:85   :0]            sock.c:513  UCX  WARN  unable to read somaxconn value from /proc/sys/net/core/somaxconn file
[1751077064.442852] [flux-sample-11:84   :0]            sock.c:513  UCX  WARN  unable to read somaxconn value from /proc/sys/net/core/somaxconn file
4                      70.69
8                      38.41
16                     62.56
32                     50.79
64                     68.73
128                   113.64
256                    85.58
512                   157.42
1024                  159.94
2048                  265.55
4096                  168.10
8192                  365.66
16384                 159.01
32768                 231.02
65536                 276.02
131072                356.56
262144                546.05
524288               1232.70
1048576              3300.14
