[1751077461.622923] [flux-sample-0:4291 :0]            sock.c:513  UCX  WARN  unable to read somaxconn value from /proc/sys/net/core/somaxconn file
[1751077461.618547] [flux-sample-0:4290 :0]            sock.c:513  UCX  WARN  unable to read somaxconn value from /proc/sys/net/core/somaxconn file
[1751077461.620759] [flux-sample-0:4286 :0]            sock.c:513  UCX  WARN  unable to read somaxconn value from /proc/sys/net/core/somaxconn file
[1751077461.597274] [flux-sample-0:4284 :0]            sock.c:513  UCX  WARN  unable to read somaxconn value from /proc/sys/net/core/somaxconn file
[1751077461.620312] [flux-sample-0:4283 :0]            sock.c:513  UCX  WARN  unable to read somaxconn value from /proc/sys/net/core/somaxconn file
[1751077461.612492] [flux-sample-0:4280 :0]            sock.c:513  UCX  WARN  unable to read somaxconn value from /proc/sys/net/core/somaxconn file
[1751077461.612363] [flux-sample-0:4279 :0]            sock.c:513  UCX  WARN  unable to read somaxconn value from /proc/sys/net/core/somaxconn file
[1751077461.594879] [flux-sample-0:4278 :0]            sock.c:513  UCX  WARN  unable to read somaxconn value from /proc/sys/net/core/somaxconn file
[1751077461.569045] [flux-sample-0:4276 :0]            sock.c:513  UCX  WARN  unable to read somaxconn value from /proc/sys/net/core/somaxconn file
[1751077461.611192] [flux-sample-0:4274 :0]            sock.c:513  UCX  WARN  unable to read somaxconn value from /proc/sys/net/core/somaxconn file
[1751077461.599915] [flux-sample-0:4272 :0]            sock.c:513  UCX  WARN  unable to read somaxconn value from /proc/sys/net/core/somaxconn file
[1751077461.618124] [flux-sample-0:4270 :0]            sock.c:513  UCX  WARN  unable to read somaxconn value from /proc/sys/net/core/somaxconn file
[1751077461.523847] [flux-sample-0:4268 :0]            sock.c:513  UCX  WARN  unable to read somaxconn value from /proc/sys/net/core/somaxconn file
[1751077461.586719] [flux-sample-0:4266 :0]            sock.c:513  UCX  WARN  unable to read somaxconn value from /proc/sys/net/core/somaxconn file
[1751077461.569045] [flux-sample-0:4264 :0]            sock.c:513  UCX  WARN  unable to read somaxconn value from /proc/sys/net/core/somaxconn file
[1751077461.624013] [flux-sample-0:4262 :0]            sock.c:513  UCX  WARN  unable to read somaxconn value from /proc/sys/net/core/somaxconn file
[1751077461.622336] [flux-sample-0:4260 :0]            sock.c:513  UCX  WARN  unable to read somaxconn value from /proc/sys/net/core/somaxconn file
[1751077461.622336] [flux-sample-0:4258 :0]            sock.c:513  UCX  WARN  unable to read somaxconn value from /proc/sys/net/core/somaxconn file
[1751077461.622951] [flux-sample-0:4255 :0]            sock.c:513  UCX  WARN  unable to read somaxconn value from /proc/sys/net/core/somaxconn file
[1751077461.606788] [flux-sample-0:4252 :0]            sock.c:513  UCX  WARN  unable to read somaxconn value from /proc/sys/net/core/somaxconn file
[1751077461.629539] [flux-sample-0:4251 :0]            sock.c:513  UCX  WARN  unable to read somaxconn value from /proc/sys/net/core/somaxconn file
[1751077461.585200] [flux-sample-0:4249 :0]            sock.c:513  UCX  WARN  unable to read somaxconn value from /proc/sys/net/core/somaxconn file
[1751077461.504167] [flux-sample-0:4247 :0]            sock.c:513  UCX  WARN  unable to read somaxconn value from /proc/sys/net/core/somaxconn file
[1751077461.505127] [flux-sample-0:4245 :0]            sock.c:513  UCX  WARN  unable to read somaxconn value from /proc/sys/net/core/somaxconn file
[1751077461.424442] [flux-sample-2:3861 :0]            sock.c:513  UCX  WARN  unable to read somaxconn value from /proc/sys/net/core/somaxconn file
[1751077461.424441] [flux-sample-2:3860 :0]            sock.c:513  UCX  WARN  unable to read somaxconn value from /proc/sys/net/core/somaxconn file
[1751077461.461590] [flux-sample-2:3859 :0]            sock.c:513  UCX  WARN  unable to read somaxconn value from /proc/sys/net/core/somaxconn file
[1751077461.477227] [flux-sample-2:3858 :0]            sock.c:513  UCX  WARN  unable to read somaxconn value from /proc/sys/net/core/somaxconn file
[1751077461.471013] [flux-sample-2:3857 :0]            sock.c:513  UCX  WARN  unable to read somaxconn value from /proc/sys/net/core/somaxconn file
[1751077461.469314] [flux-sample-2:3856 :0]            sock.c:513  UCX  WARN  unable to read somaxconn value from /proc/sys/net/core/somaxconn file
[1751077461.512027] [flux-sample-2:3855 :0]            sock.c:513  UCX  WARN  unable to read somaxconn value from /proc/sys/net/core/somaxconn file
[1751077461.611317] [flux-sample-2:3947 :0]            sock.c:513  UCX  WARN  unable to read somaxconn value from /proc/sys/net/core/somaxconn file
[1751077461.576942] [flux-sample-2:3945 :0]            sock.c:513  UCX  WARN  unable to read somaxconn value from /proc/sys/net/core/somaxconn file
[1751077461.559372] [flux-sample-2:3942 :0]            sock.c:513  UCX  WARN  unable to read somaxconn value from /proc/sys/net/core/somaxconn file
[1751077461.551482] [flux-sample-2:3940 :0]            sock.c:513  UCX  WARN  unable to read somaxconn value from /proc/sys/net/core/somaxconn file
[1751077461.606289] [flux-sample-2:3938 :0]            sock.c:513  UCX  WARN  unable to read somaxconn value from /proc/sys/net/core/somaxconn file
[1751077461.606067] [flux-sample-2:3936 :0]            sock.c:513  UCX  WARN  unable to read somaxconn value from /proc/sys/net/core/somaxconn file
[1751077461.622516] [flux-sample-2:3934 :0]            sock.c:513  UCX  WARN  unable to read somaxconn value from /proc/sys/net/core/somaxconn file
[1751077461.552913] [flux-sample-2:3932 :0]            sock.c:513  UCX  WARN  unable to read somaxconn value from /proc/sys/net/core/somaxconn file
[1751077461.530178] [flux-sample-2:3930 :0]            sock.c:513  UCX  WARN  unable to read somaxconn value from /proc/sys/net/core/somaxconn file
[1751077461.532317] [flux-sample-2:3928 :0]            sock.c:513  UCX  WARN  unable to read somaxconn value from /proc/sys/net/core/somaxconn file
[1751077461.531859] [flux-sample-2:3926 :0]            sock.c:513  UCX  WARN  unable to read somaxconn value from /proc/sys/net/core/somaxconn file
[1751077461.607488] [flux-sample-2:3924 :0]            sock.c:513  UCX  WARN  unable to read somaxconn value from /proc/sys/net/core/somaxconn file
[1751077461.622510] [flux-sample-2:3922 :0]            sock.c:513  UCX  WARN  unable to read somaxconn value from /proc/sys/net/core/somaxconn file
[1751077461.514552] [flux-sample-0:4234 :0]            sock.c:513  UCX  WARN  unable to read somaxconn value from /proc/sys/net/core/somaxconn file
[1751077461.515335] [flux-sample-0:4230 :0]            sock.c:513  UCX  WARN  unable to read somaxconn value from /proc/sys/net/core/somaxconn file
[1751077461.561366] [flux-sample-0:4225 :0]            sock.c:513  UCX  WARN  unable to read somaxconn value from /proc/sys/net/core/somaxconn file
[1751077461.600538] [flux-sample-2:3920 :0]            sock.c:513  UCX  WARN  unable to read somaxconn value from /proc/sys/net/core/somaxconn file
[1751077461.509214] [flux-sample-0:4243 :0]            sock.c:513  UCX  WARN  unable to read somaxconn value from /proc/sys/net/core/somaxconn file
[1751077461.580952] [flux-sample-0:4241 :0]            sock.c:513  UCX  WARN  unable to read somaxconn value from /proc/sys/net/core/somaxconn file
[1751077461.506665] [flux-sample-0:4238 :0]            sock.c:513  UCX  WARN  unable to read somaxconn value from /proc/sys/net/core/somaxconn file
[1751077461.554156] [flux-sample-0:4236 :0]            sock.c:513  UCX  WARN  unable to read somaxconn value from /proc/sys/net/core/somaxconn file
[1751077461.561583] [flux-sample-0:4228 :0]            sock.c:513  UCX  WARN  unable to read somaxconn value from /proc/sys/net/core/somaxconn file
[1751077461.619808] [flux-sample-0:4222 :0]            sock.c:513  UCX  WARN  unable to read somaxconn value from /proc/sys/net/core/somaxconn file
[1751077461.514734] [flux-sample-0:4221 :0]            sock.c:513  UCX  WARN  unable to read somaxconn value from /proc/sys/net/core/somaxconn file
[1751077461.563720] [flux-sample-0:4219 :0]            sock.c:513  UCX  WARN  unable to read somaxconn value from /proc/sys/net/core/somaxconn file
[1751077461.514551] [flux-sample-0:4216 :0]            sock.c:513  UCX  WARN  unable to read somaxconn value from /proc/sys/net/core/somaxconn file
[1751077461.538805] [flux-sample-0:4215 :0]            sock.c:513  UCX  WARN  unable to read somaxconn value from /proc/sys/net/core/somaxconn file
[1751077461.525811] [flux-sample-0:4213 :0]            sock.c:513  UCX  WARN  unable to read somaxconn value from /proc/sys/net/core/somaxconn file
[1751077461.543405] [flux-sample-0:4210 :0]            sock.c:513  UCX  WARN  unable to read somaxconn value from /proc/sys/net/core/somaxconn file
[1751077461.528307] [flux-sample-0:4209 :0]            sock.c:513  UCX  WARN  unable to read somaxconn value from /proc/sys/net/core/somaxconn file
[1751077461.515324] [flux-sample-0:4207 :0]            sock.c:513  UCX  WARN  unable to read somaxconn value from /proc/sys/net/core/somaxconn file
[1751077461.506216] [flux-sample-0:4206 :0]            sock.c:513  UCX  WARN  unable to read somaxconn value from /proc/sys/net/core/somaxconn file
[1751077461.534723] [flux-sample-0:4205 :0]            sock.c:513  UCX  WARN  unable to read somaxconn value from /proc/sys/net/core/somaxconn file
[1751077461.556528] [flux-sample-0:4204 :0]            sock.c:513  UCX  WARN  unable to read somaxconn value from /proc/sys/net/core/somaxconn file
[1751077461.504772] [flux-sample-0:4203 :0]            sock.c:513  UCX  WARN  unable to read somaxconn value from /proc/sys/net/core/somaxconn file
[1751077461.505994] [flux-sample-0:4202 :0]            sock.c:513  UCX  WARN  unable to read somaxconn value from /proc/sys/net/core/somaxconn file
[1751077461.563194] [flux-sample-0:4201 :0]            sock.c:513  UCX  WARN  unable to read somaxconn value from /proc/sys/net/core/somaxconn file
[1751077461.600538] [flux-sample-2:3918 :0]            sock.c:513  UCX  WARN  unable to read somaxconn value from /proc/sys/net/core/somaxconn file
[1751077461.529079] [flux-sample-0:4208 :0]            sock.c:513  UCX  WARN  unable to read somaxconn value from /proc/sys/net/core/somaxconn file

[1751077461.604636] [flux-sample-2:3916 :0]            sock.c:513  UCX  WARN  unable to read somaxconn value from /proc/sys/net/core/somaxconn file
# OSU MPI Allreduce Latency Test v7.5
[1751077461.615194] [flux-sample-2:3914 :0]            sock.c:513  UCX  WARN  unable to read somaxconn value from /proc/sys/net/core/somaxconn file
# Datatype: MPI_INT.
[1751077461.606090] [flux-sample-2:3911 :0]            sock.c:513  UCX  WARN  unable to read somaxconn value from /proc/sys/net/core/somaxconn file
# Size       Avg Latency(us)
[1751077461.538581] [flux-sample-2:3909 :0]            sock.c:513  UCX  WARN  unable to read somaxconn value from /proc/sys/net/core/somaxconn file
[1751077461.606098] [flux-sample-2:3906 :0]            sock.c:513  UCX  WARN  unable to read somaxconn value from /proc/sys/net/core/somaxconn file
[1751077461.596963] [flux-sample-2:3904 :0]            sock.c:513  UCX  WARN  unable to read somaxconn value from /proc/sys/net/core/somaxconn file
[1751077461.587971] [flux-sample-2:3901 :0]            sock.c:513  UCX  WARN  unable to read somaxconn value from /proc/sys/net/core/somaxconn file
[1751077461.578256] [flux-sample-2:3900 :0]            sock.c:513  UCX  WARN  unable to read somaxconn value from /proc/sys/net/core/somaxconn file
[1751077461.556747] [flux-sample-2:3898 :0]            sock.c:513  UCX  WARN  unable to read somaxconn value from /proc/sys/net/core/somaxconn file
[1751077461.622529] [flux-sample-2:3896 :0]            sock.c:513  UCX  WARN  unable to read somaxconn value from /proc/sys/net/core/somaxconn file
[1751077461.532512] [flux-sample-2:3895 :0]            sock.c:513  UCX  WARN  unable to read somaxconn value from /proc/sys/net/core/somaxconn file
[1751077461.591561] [flux-sample-2:3892 :0]            sock.c:513  UCX  WARN  unable to read somaxconn value from /proc/sys/net/core/somaxconn file
[1751077461.602811] [flux-sample-2:3889 :0]            sock.c:513  UCX  WARN  unable to read somaxconn value from /proc/sys/net/core/somaxconn file
[1751077461.602817] [flux-sample-2:3886 :0]            sock.c:513  UCX  WARN  unable to read somaxconn value from /proc/sys/net/core/somaxconn file
[1751077461.599050] [flux-sample-2:3885 :0]            sock.c:513  UCX  WARN  unable to read somaxconn value from /proc/sys/net/core/somaxconn file
[1751077461.605152] [flux-sample-2:3883 :0]            sock.c:513  UCX  WARN  unable to read somaxconn value from /proc/sys/net/core/somaxconn file
[1751077461.606091] [flux-sample-2:3881 :0]            sock.c:513  UCX  WARN  unable to read somaxconn value from /proc/sys/net/core/somaxconn file
[1751077461.602830] [flux-sample-2:3878 :0]            sock.c:513  UCX  WARN  unable to read somaxconn value from /proc/sys/net/core/somaxconn file
[1751077461.606073] [flux-sample-2:3876 :0]            sock.c:513  UCX  WARN  unable to read somaxconn value from /proc/sys/net/core/somaxconn file
[1751077461.603544] [flux-sample-2:3872 :0]            sock.c:513  UCX  WARN  unable to read somaxconn value from /proc/sys/net/core/somaxconn file
[1751077461.602829] [flux-sample-2:3870 :0]            sock.c:513  UCX  WARN  unable to read somaxconn value from /proc/sys/net/core/somaxconn file
[1751077461.459950] [flux-sample-2:3868 :0]            sock.c:513  UCX  WARN  unable to read somaxconn value from /proc/sys/net/core/somaxconn file
[1751077461.513197] [flux-sample-2:3864 :0]            sock.c:513  UCX  WARN  unable to read somaxconn value from /proc/sys/net/core/somaxconn file
[1751077461.433517] [flux-sample-2:3863 :0]            sock.c:513  UCX  WARN  unable to read somaxconn value from /proc/sys/net/core/somaxconn file
[1751077461.497791] [flux-sample-2:3862 :0]            sock.c:513  UCX  WARN  unable to read somaxconn value from /proc/sys/net/core/somaxconn file
[1751077461.436505] [flux-sample-2:3866 :0]            sock.c:513  UCX  WARN  unable to read somaxconn value from /proc/sys/net/core/somaxconn file
[1751077461.606678] [flux-sample-8:1871 :0]            sock.c:513  UCX  WARN  unable to read somaxconn value from /proc/sys/net/core/somaxconn file
[1751077461.621702] [flux-sample-1:3946 :0]            sock.c:513  UCX  WARN  unable to read somaxconn value from /proc/sys/net/core/somaxconn file
[1751077461.629456] [flux-sample-1:3945 :0]            sock.c:513  UCX  WARN  unable to read somaxconn value from /proc/sys/net/core/somaxconn file
[1751077461.616724] [flux-sample-1:3942 :0]            sock.c:513  UCX  WARN  unable to read somaxconn value from /proc/sys/net/core/somaxconn file
[1751077461.620480] [flux-sample-1:3941 :0]            sock.c:513  UCX  WARN  unable to read somaxconn value from /proc/sys/net/core/somaxconn file
[1751077461.612314] [flux-sample-3:3945 :0]            sock.c:513  UCX  WARN  unable to read somaxconn value from /proc/sys/net/core/somaxconn file
[1751077461.590615] [flux-sample-3:3944 :0]            sock.c:513  UCX  WARN  unable to read somaxconn value from /proc/sys/net/core/somaxconn file
[1751077461.609302] [flux-sample-5:2980 :0]            sock.c:513  UCX  WARN  unable to read somaxconn value from /proc/sys/net/core/somaxconn file
[1751077461.574260] [flux-sample-5:2978 :0]            sock.c:513  UCX  WARN  unable to read somaxconn value from /proc/sys/net/core/somaxconn file
[1751077461.613136] [flux-sample-5:2975 :0]            sock.c:513  UCX  WARN  unable to read somaxconn value from /proc/sys/net/core/somaxconn file
[1751077461.590615] [flux-sample-3:3942 :0]            sock.c:513  UCX  WARN  unable to read somaxconn value from /proc/sys/net/core/somaxconn file
[1751077461.599142] [flux-sample-3:3940 :0]            sock.c:513  UCX  WARN  unable to read somaxconn value from /proc/sys/net/core/somaxconn file
[1751077461.607094] [flux-sample-3:3938 :0]            sock.c:513  UCX  WARN  unable to read somaxconn value from /proc/sys/net/core/somaxconn file
[1751077461.596595] [flux-sample-1:3938 :0]            sock.c:513  UCX  WARN  unable to read somaxconn value from /proc/sys/net/core/somaxconn file
[1751077461.586968] [flux-sample-1:3936 :0]            sock.c:513  UCX  WARN  unable to read somaxconn value from /proc/sys/net/core/somaxconn file
[1751077461.595411] [flux-sample-1:3934 :0]            sock.c:513  UCX  WARN  unable to read somaxconn value from /proc/sys/net/core/somaxconn file
[1751077461.501464] [flux-sample-6:2918 :0]            sock.c:513  UCX  WARN  unable to read somaxconn value from /proc/sys/net/core/somaxconn file
[1751077461.595411] [flux-sample-1:3931 :0]            sock.c:513  UCX  WARN  unable to read somaxconn value from /proc/sys/net/core/somaxconn file
[1751077461.587964] [flux-sample-6:2973 :0]            sock.c:513  UCX  WARN  unable to read somaxconn value from /proc/sys/net/core/somaxconn file
[1751077461.619349] [flux-sample-1:3928 :0]            sock.c:513  UCX  WARN  unable to read somaxconn value from /proc/sys/net/core/somaxconn file
[1751077461.549773] [flux-sample-1:3926 :0]            sock.c:513  UCX  WARN  unable to read somaxconn value from /proc/sys/net/core/somaxconn file
[1751077461.554757] [flux-sample-1:3923 :0]            sock.c:513  UCX  WARN  unable to read somaxconn value from /proc/sys/net/core/somaxconn file
[1751077461.614243] [flux-sample-5:2986 :0]            sock.c:513  UCX  WARN  unable to read somaxconn value from /proc/sys/net/core/somaxconn file
[1751077461.499641] [flux-sample-6:2915 :0]            sock.c:513  UCX  WARN  unable to read somaxconn value from /proc/sys/net/core/somaxconn file
[1751077461.596494] [flux-sample-3:3936 :0]            sock.c:513  UCX  WARN  unable to read somaxconn value from /proc/sys/net/core/somaxconn file
[1751077461.562179] [flux-sample-1:3922 :0]            sock.c:513  UCX  WARN  unable to read somaxconn value from /proc/sys/net/core/somaxconn file
[1751077461.567131] [flux-sample-7:2930 :0]            sock.c:513  UCX  WARN  unable to read somaxconn value from /proc/sys/net/core/somaxconn file
[1751077461.625978] [flux-sample-11:1909 :0]            sock.c:513  UCX  WARN  unable to read somaxconn value from /proc/sys/net/core/somaxconn file
[1751077461.548866] [flux-sample-13:1904 :0]            sock.c:513  UCX  WARN  unable to read somaxconn value from /proc/sys/net/core/somaxconn file
[1751077461.610889] [flux-sample-5:2984 :0]            sock.c:513  UCX  WARN  unable to read somaxconn value from /proc/sys/net/core/somaxconn file
[1751077461.500110] [flux-sample-6:2910 :0]            sock.c:513  UCX  WARN  unable to read somaxconn value from /proc/sys/net/core/somaxconn file
[1751077461.629390] [flux-sample-3:3934 :0]            sock.c:513  UCX  WARN  unable to read somaxconn value from /proc/sys/net/core/somaxconn file
[1751077461.556401] [flux-sample-1:3921 :0]            sock.c:513  UCX  WARN  unable to read somaxconn value from /proc/sys/net/core/somaxconn file
[1751077461.561045] [flux-sample-7:2927 :0]            sock.c:513  UCX  WARN  unable to read somaxconn value from /proc/sys/net/core/somaxconn file
[1751077461.625978] [flux-sample-11:1908 :0]            sock.c:513  UCX  WARN  unable to read somaxconn value from /proc/sys/net/core/somaxconn file
[1751077461.588659] [flux-sample-13:1914 :0]            sock.c:513  UCX  WARN  unable to read somaxconn value from /proc/sys/net/core/somaxconn file
[1751077461.624212] [flux-sample-14:1971 :0]            sock.c:513  UCX  WARN  unable to read somaxconn value from /proc/sys/net/core/somaxconn file
[1751077461.616073] [flux-sample-5:2981 :0]            sock.c:513  UCX  WARN  unable to read somaxconn value from /proc/sys/net/core/somaxconn file
[1751077461.580215] [flux-sample-6:2985 :0]            sock.c:513  UCX  WARN  unable to read somaxconn value from /proc/sys/net/core/somaxconn file
[1751077461.617154] [flux-sample-3:3932 :0]            sock.c:513  UCX  WARN  unable to read somaxconn value from /proc/sys/net/core/somaxconn file
[1751077461.593855] [flux-sample-1:3920 :0]            sock.c:513  UCX  WARN  unable to read somaxconn value from /proc/sys/net/core/somaxconn file
[1751077461.549698] [flux-sample-7:2925 :0]            sock.c:513  UCX  WARN  unable to read somaxconn value from /proc/sys/net/core/somaxconn file
[1751077461.620397] [flux-sample-11:1907 :0]            sock.c:513  UCX  WARN  unable to read somaxconn value from /proc/sys/net/core/somaxconn file
[1751077461.594144] [flux-sample-13:1912 :0]            sock.c:513  UCX  WARN  unable to read somaxconn value from /proc/sys/net/core/somaxconn file
[1751077461.621020] [flux-sample-14:1968 :0]            sock.c:513  UCX  WARN  unable to read somaxconn value from /proc/sys/net/core/somaxconn file
[1751077461.613741] [flux-sample-5:2973 :0]            sock.c:513  UCX  WARN  unable to read somaxconn value from /proc/sys/net/core/somaxconn file
[1751077461.598664] [flux-sample-6:2982 :0]            sock.c:513  UCX  WARN  unable to read somaxconn value from /proc/sys/net/core/somaxconn file
[1751077461.617664] [flux-sample-3:3930 :0]            sock.c:513  UCX  WARN  unable to read somaxconn value from /proc/sys/net/core/somaxconn file
[1751077461.550505] [flux-sample-1:3918 :0]            sock.c:513  UCX  WARN  unable to read somaxconn value from /proc/sys/net/core/somaxconn file
[1751077461.556809] [flux-sample-7:2924 :0]            sock.c:513  UCX  WARN  unable to read somaxconn value from /proc/sys/net/core/somaxconn file
[1751077461.556447] [flux-sample-11:1905 :0]            sock.c:513  UCX  WARN  unable to read somaxconn value from /proc/sys/net/core/somaxconn file
[1751077461.594144] [flux-sample-13:1910 :0]            sock.c:513  UCX  WARN  unable to read somaxconn value from /proc/sys/net/core/somaxconn file
[1751077461.627909] [flux-sample-14:1966 :0]            sock.c:513  UCX  WARN  unable to read somaxconn value from /proc/sys/net/core/somaxconn file
[1751077461.612513] [flux-sample-5:2971 :0]            sock.c:513  UCX  WARN  unable to read somaxconn value from /proc/sys/net/core/somaxconn file
[1751077461.580657] [flux-sample-6:2981 :0]            sock.c:513  UCX  WARN  unable to read somaxconn value from /proc/sys/net/core/somaxconn file
[1751077461.615449] [flux-sample-3:3928 :0]            sock.c:513  UCX  WARN  unable to read somaxconn value from /proc/sys/net/core/somaxconn file
[1751077461.559323] [flux-sample-1:3916 :0]            sock.c:513  UCX  WARN  unable to read somaxconn value from /proc/sys/net/core/somaxconn file
[1751077461.551201] [flux-sample-7:2921 :0]            sock.c:513  UCX  WARN  unable to read somaxconn value from /proc/sys/net/core/somaxconn file
[1751077461.624635] [flux-sample-11:1902 :0]            sock.c:513  UCX  WARN  unable to read somaxconn value from /proc/sys/net/core/somaxconn file
[1751077461.582194] [flux-sample-13:1908 :0]            sock.c:513  UCX  WARN  unable to read somaxconn value from /proc/sys/net/core/somaxconn file
[1751077461.619814] [flux-sample-14:1965 :0]            sock.c:513  UCX  WARN  unable to read somaxconn value from /proc/sys/net/core/somaxconn file
[1751077461.612522] [flux-sample-5:2968 :0]            sock.c:513  UCX  WARN  unable to read somaxconn value from /proc/sys/net/core/somaxconn file
[1751077461.593045] [flux-sample-6:2980 :0]            sock.c:513  UCX  WARN  unable to read somaxconn value from /proc/sys/net/core/somaxconn file
[1751077461.616844] [flux-sample-3:3926 :0]            sock.c:513  UCX  WARN  unable to read somaxconn value from /proc/sys/net/core/somaxconn file
[1751077461.592350] [flux-sample-1:3914 :0]            sock.c:513  UCX  WARN  unable to read somaxconn value from /proc/sys/net/core/somaxconn file
[1751077461.562762] [flux-sample-7:2919 :0]            sock.c:513  UCX  WARN  unable to read somaxconn value from /proc/sys/net/core/somaxconn file
[1751077461.636788] [flux-sample-11:1897 :0]            sock.c:513  UCX  WARN  unable to read somaxconn value from /proc/sys/net/core/somaxconn file
[1751077461.585019] [flux-sample-13:1906 :0]            sock.c:513  UCX  WARN  unable to read somaxconn value from /proc/sys/net/core/somaxconn file
[1751077461.610805] [flux-sample-14:1963 :0]            sock.c:513  UCX  WARN  unable to read somaxconn value from /proc/sys/net/core/somaxconn file
[1751077461.611308] [flux-sample-5:2966 :0]            sock.c:513  UCX  WARN  unable to read somaxconn value from /proc/sys/net/core/somaxconn file
[1751077461.593045] [flux-sample-6:2978 :0]            sock.c:513  UCX  WARN  unable to read somaxconn value from /proc/sys/net/core/somaxconn file
[1751077461.614132] [flux-sample-3:3924 :0]            sock.c:513  UCX  WARN  unable to read somaxconn value from /proc/sys/net/core/somaxconn file
[1751077461.592350] [flux-sample-1:3912 :0]            sock.c:513  UCX  WARN  unable to read somaxconn value from /proc/sys/net/core/somaxconn file
[1751077461.548015] [flux-sample-7:2917 :0]            sock.c:513  UCX  WARN  unable to read somaxconn value from /proc/sys/net/core/somaxconn file
[1751077461.620965] [flux-sample-11:1896 :0]            sock.c:513  UCX  WARN  unable to read somaxconn value from /proc/sys/net/core/somaxconn file
[1751077461.554304] [flux-sample-13:1902 :0]            sock.c:513  UCX  WARN  unable to read somaxconn value from /proc/sys/net/core/somaxconn file
[1751077461.609845] [flux-sample-14:1960 :0]            sock.c:513  UCX  WARN  unable to read somaxconn value from /proc/sys/net/core/somaxconn file
[1751077461.611303] [flux-sample-5:2964 :0]            sock.c:513  UCX  WARN  unable to read somaxconn value from /proc/sys/net/core/somaxconn file
[1751077461.596546] [flux-sample-6:2975 :0]            sock.c:513  UCX  WARN  unable to read somaxconn value from /proc/sys/net/core/somaxconn file
[1751077461.583878] [flux-sample-3:3922 :0]            sock.c:513  UCX  WARN  unable to read somaxconn value from /proc/sys/net/core/somaxconn file
[1751077461.621729] [flux-sample-1:3908 :0]            sock.c:513  UCX  WARN  unable to read somaxconn value from /proc/sys/net/core/somaxconn file
[1751077461.563297] [flux-sample-7:2915 :0]            sock.c:513  UCX  WARN  unable to read somaxconn value from /proc/sys/net/core/somaxconn file
[1751077461.629123] [flux-sample-11:1912 :0]            sock.c:513  UCX  WARN  unable to read somaxconn value from /proc/sys/net/core/somaxconn file
[1751077461.574941] [flux-sample-13:1900 :0]            sock.c:513  UCX  WARN  unable to read somaxconn value from /proc/sys/net/core/somaxconn file
[1751077461.611700] [flux-sample-14:1958 :0]            sock.c:513  UCX  WARN  unable to read somaxconn value from /proc/sys/net/core/somaxconn file
[1751077461.559750] [flux-sample-5:2960 :0]            sock.c:513  UCX  WARN  unable to read somaxconn value from /proc/sys/net/core/somaxconn file
[1751077461.601633] [flux-sample-6:2971 :0]            sock.c:513  UCX  WARN  unable to read somaxconn value from /proc/sys/net/core/somaxconn file
[1751077461.631646] [flux-sample-3:3918 :0]            sock.c:513  UCX  WARN  unable to read somaxconn value from /proc/sys/net/core/somaxconn file
[1751077461.581162] [flux-sample-1:3905 :0]            sock.c:513  UCX  WARN  unable to read somaxconn value from /proc/sys/net/core/somaxconn file
[1751077461.548015] [flux-sample-7:2913 :0]            sock.c:513  UCX  WARN  unable to read somaxconn value from /proc/sys/net/core/somaxconn file
[1751077461.622512] [flux-sample-11:1899 :0]            sock.c:513  UCX  WARN  unable to read somaxconn value from /proc/sys/net/core/somaxconn file
[1751077461.584552] [flux-sample-13:1898 :0]            sock.c:513  UCX  WARN  unable to read somaxconn value from /proc/sys/net/core/somaxconn file
[1751077461.641736] [flux-sample-14:1956 :0]            sock.c:513  UCX  WARN  unable to read somaxconn value from /proc/sys/net/core/somaxconn file
[1751077461.601521] [flux-sample-5:2957 :0]            sock.c:513  UCX  WARN  unable to read somaxconn value from /proc/sys/net/core/somaxconn file
[1751077461.582540] [flux-sample-6:2969 :0]            sock.c:513  UCX  WARN  unable to read somaxconn value from /proc/sys/net/core/somaxconn file
[1751077461.604594] [flux-sample-3:3916 :0]            sock.c:513  UCX  WARN  unable to read somaxconn value from /proc/sys/net/core/somaxconn file
[1751077461.582218] [flux-sample-1:3903 :0]            sock.c:513  UCX  WARN  unable to read somaxconn value from /proc/sys/net/core/somaxconn file
[1751077461.566657] [flux-sample-7:2911 :0]            sock.c:513  UCX  WARN  unable to read somaxconn value from /proc/sys/net/core/somaxconn file
[1751077461.617168] [flux-sample-11:1895 :0]            sock.c:513  UCX  WARN  unable to read somaxconn value from /proc/sys/net/core/somaxconn file
[1751077461.582041] [flux-sample-13:1895 :0]            sock.c:513  UCX  WARN  unable to read somaxconn value from /proc/sys/net/core/somaxconn file
[1751077461.629293] [flux-sample-14:1954 :0]            sock.c:513  UCX  WARN  unable to read somaxconn value from /proc/sys/net/core/somaxconn file
[1751077461.601113] [flux-sample-5:2954 :0]            sock.c:513  UCX  WARN  unable to read somaxconn value from /proc/sys/net/core/somaxconn file
[1751077461.579247] [flux-sample-6:2963 :0]            sock.c:513  UCX  WARN  unable to read somaxconn value from /proc/sys/net/core/somaxconn file
[1751077461.604719] [flux-sample-3:3913 :0]            sock.c:513  UCX  WARN  unable to read somaxconn value from /proc/sys/net/core/somaxconn file
[1751077461.596582] [flux-sample-1:3901 :0]            sock.c:513  UCX  WARN  unable to read somaxconn value from /proc/sys/net/core/somaxconn file
[1751077461.556122] [flux-sample-7:2909 :0]            sock.c:513  UCX  WARN  unable to read somaxconn value from /proc/sys/net/core/somaxconn file
[1751077461.550115] [flux-sample-11:1894 :0]            sock.c:513  UCX  WARN  unable to read somaxconn value from /proc/sys/net/core/somaxconn file
[1751077461.517425] [flux-sample-13:1893 :0]            sock.c:513  UCX  WARN  unable to read somaxconn value from /proc/sys/net/core/somaxconn file
[1751077461.605001] [flux-sample-14:1952 :0]            sock.c:513  UCX  WARN  unable to read somaxconn value from /proc/sys/net/core/somaxconn file
[1751077461.597329] [flux-sample-5:2952 :0]            sock.c:513  UCX  WARN  unable to read somaxconn value from /proc/sys/net/core/somaxconn file
[1751077461.601638] [flux-sample-6:2961 :0]            sock.c:513  UCX  WARN  unable to read somaxconn value from /proc/sys/net/core/somaxconn file
[1751077461.584957] [flux-sample-3:3907 :0]            sock.c:513  UCX  WARN  unable to read somaxconn value from /proc/sys/net/core/somaxconn file
[1751077461.558687] [flux-sample-1:3899 :0]            sock.c:513  UCX  WARN  unable to read somaxconn value from /proc/sys/net/core/somaxconn file
[1751077461.556123] [flux-sample-7:2907 :0]            sock.c:513  UCX  WARN  unable to read somaxconn value from /proc/sys/net/core/somaxconn file
[1751077461.616279] [flux-sample-11:1892 :0]            sock.c:513  UCX  WARN  unable to read somaxconn value from /proc/sys/net/core/somaxconn file
[1751077461.523650] [flux-sample-13:1890 :0]            sock.c:513  UCX  WARN  unable to read somaxconn value from /proc/sys/net/core/somaxconn file
[1751077461.642275] [flux-sample-14:1950 :0]            sock.c:513  UCX  WARN  unable to read somaxconn value from /proc/sys/net/core/somaxconn file
[1751077461.598596] [flux-sample-5:2950 :0]            sock.c:513  UCX  WARN  unable to read somaxconn value from /proc/sys/net/core/somaxconn file
[1751077461.602293] [flux-sample-6:2959 :0]            sock.c:513  UCX  WARN  unable to read somaxconn value from /proc/sys/net/core/somaxconn file
[1751077461.585374] [flux-sample-3:3904 :0]            sock.c:513  UCX  WARN  unable to read somaxconn value from /proc/sys/net/core/somaxconn file
[1751077461.554756] [flux-sample-1:3897 :0]            sock.c:513  UCX  WARN  unable to read somaxconn value from /proc/sys/net/core/somaxconn file
[1751077461.556130] [flux-sample-7:2905 :0]            sock.c:513  UCX  WARN  unable to read somaxconn value from /proc/sys/net/core/somaxconn file
[1751077461.620409] [flux-sample-11:1890 :0]            sock.c:513  UCX  WARN  unable to read somaxconn value from /proc/sys/net/core/somaxconn file
[1751077461.595173] [flux-sample-13:1888 :0]            sock.c:513  UCX  WARN  unable to read somaxconn value from /proc/sys/net/core/somaxconn file
[1751077461.606839] [flux-sample-14:1948 :0]            sock.c:513  UCX  WARN  unable to read somaxconn value from /proc/sys/net/core/somaxconn file
[1751077461.482247] [flux-sample-5:2944 :0]            sock.c:513  UCX  WARN  unable to read somaxconn value from /proc/sys/net/core/somaxconn file
[1751077461.501411] [flux-sample-6:2957 :0]            sock.c:513  UCX  WARN  unable to read somaxconn value from /proc/sys/net/core/somaxconn file
[1751077461.559783] [flux-sample-3:3900 :0]            sock.c:513  UCX  WARN  unable to read somaxconn value from /proc/sys/net/core/somaxconn file
[1751077461.624550] [flux-sample-1:3895 :0]            sock.c:513  UCX  WARN  unable to read somaxconn value from /proc/sys/net/core/somaxconn file
[1751077461.552159] [flux-sample-7:2903 :0]            sock.c:513  UCX  WARN  unable to read somaxconn value from /proc/sys/net/core/somaxconn file
[1751077461.562349] [flux-sample-11:1888 :0]            sock.c:513  UCX  WARN  unable to read somaxconn value from /proc/sys/net/core/somaxconn file
[1751077461.556883] [flux-sample-13:1887 :0]            sock.c:513  UCX  WARN  unable to read somaxconn value from /proc/sys/net/core/somaxconn file
[1751077461.627910] [flux-sample-14:1946 :0]            sock.c:513  UCX  WARN  unable to read somaxconn value from /proc/sys/net/core/somaxconn file
[1751077461.493913] [flux-sample-5:2939 :0]            sock.c:513  UCX  WARN  unable to read somaxconn value from /proc/sys/net/core/somaxconn file
[1751077461.508148] [flux-sample-6:2955 :0]            sock.c:513  UCX  WARN  unable to read somaxconn value from /proc/sys/net/core/somaxconn file
[1751077461.552940] [flux-sample-3:3898 :0]            sock.c:513  UCX  WARN  unable to read somaxconn value from /proc/sys/net/core/somaxconn file
[1751077461.622557] [flux-sample-1:3893 :0]            sock.c:513  UCX  WARN  unable to read somaxconn value from /proc/sys/net/core/somaxconn file
[1751077461.561929] [flux-sample-7:2901 :0]            sock.c:513  UCX  WARN  unable to read somaxconn value from /proc/sys/net/core/somaxconn file
[1751077461.592389] [flux-sample-11:1883 :0]            sock.c:513  UCX  WARN  unable to read somaxconn value from /proc/sys/net/core/somaxconn file
[1751077461.512885] [flux-sample-13:1884 :0]            sock.c:513  UCX  WARN  unable to read somaxconn value from /proc/sys/net/core/somaxconn file
[1751077461.608100] [flux-sample-14:1944 :0]            sock.c:513  UCX  WARN  unable to read somaxconn value from /proc/sys/net/core/somaxconn file
[1751077461.638578] [flux-sample-8:1914 :0]            sock.c:513  UCX  WARN  unable to read somaxconn value from /proc/sys/net/core/somaxconn file
[1751077461.497873] [flux-sample-15:1913 :0]            sock.c:513  UCX  WARN  unable to read somaxconn value from /proc/sys/net/core/somaxconn file
[1751077461.574298] [flux-sample-5:2938 :0]            sock.c:513  UCX  WARN  unable to read somaxconn value from /proc/sys/net/core/somaxconn file
[1751077461.586686] [flux-sample-6:2949 :0]            sock.c:513  UCX  WARN  unable to read somaxconn value from /proc/sys/net/core/somaxconn file
[1751077461.557745] [flux-sample-3:3896 :0]            sock.c:513  UCX  WARN  unable to read somaxconn value from /proc/sys/net/core/somaxconn file
[1751077461.632742] [flux-sample-1:3896 :0]            sock.c:513  UCX  WARN  unable to read somaxconn value from /proc/sys/net/core/somaxconn file
[1751077461.557583] [flux-sample-7:2898 :0]            sock.c:513  UCX  WARN  unable to read somaxconn value from /proc/sys/net/core/somaxconn file
[1751077461.592389] [flux-sample-11:1881 :0]            sock.c:513  UCX  WARN  unable to read somaxconn value from /proc/sys/net/core/somaxconn file
[1751077461.540469] [flux-sample-13:1882 :0]            sock.c:513  UCX  WARN  unable to read somaxconn value from /proc/sys/net/core/somaxconn file
[1751077461.632170] [flux-sample-14:1942 :0]            sock.c:513  UCX  WARN  unable to read somaxconn value from /proc/sys/net/core/somaxconn file
[1751077461.621685] [flux-sample-8:1911 :0]            sock.c:513  UCX  WARN  unable to read somaxconn value from /proc/sys/net/core/somaxconn file
[1751077461.595437] [flux-sample-15:1911 :0]            sock.c:513  UCX  WARN  unable to read somaxconn value from /proc/sys/net/core/somaxconn file
[1751077461.618324] [flux-sample-4:2929 :0]            sock.c:513  UCX  WARN  unable to read somaxconn value from /proc/sys/net/core/somaxconn file
[1751077461.491092] [flux-sample-5:2935 :0]            sock.c:513  UCX  WARN  unable to read somaxconn value from /proc/sys/net/core/somaxconn file
[1751077461.576020] [flux-sample-6:2946 :0]            sock.c:513  UCX  WARN  unable to read somaxconn value from /proc/sys/net/core/somaxconn file
[1751077461.505034] [flux-sample-3:3862 :0]            sock.c:513  UCX  WARN  unable to read somaxconn value from /proc/sys/net/core/somaxconn file
[1751077461.617317] [flux-sample-1:3882 :0]            sock.c:513  UCX  WARN  unable to read somaxconn value from /proc/sys/net/core/somaxconn file
[1751077461.548577] [flux-sample-7:2896 :0]            sock.c:513  UCX  WARN  unable to read somaxconn value from /proc/sys/net/core/somaxconn file
[1751077461.630255] [flux-sample-11:1879 :0]            sock.c:513  UCX  WARN  unable to read somaxconn value from /proc/sys/net/core/somaxconn file
[1751077461.556882] [flux-sample-13:1880 :0]            sock.c:513  UCX  WARN  unable to read somaxconn value from /proc/sys/net/core/somaxconn file
[1751077461.625819] [flux-sample-14:1939 :0]            sock.c:513  UCX  WARN  unable to read somaxconn value from /proc/sys/net/core/somaxconn file
[1751077461.621685] [flux-sample-8:1910 :0]            sock.c:513  UCX  WARN  unable to read somaxconn value from /proc/sys/net/core/somaxconn file
[1751077461.571229] [flux-sample-15:1908 :0]            sock.c:513  UCX  WARN  unable to read somaxconn value from /proc/sys/net/core/somaxconn file
[1751077461.613336] [flux-sample-4:2926 :0]            sock.c:513  UCX  WARN  unable to read somaxconn value from /proc/sys/net/core/somaxconn file
[1751077461.601974] [flux-sample-5:2963 :0]            sock.c:513  UCX  WARN  unable to read somaxconn value from /proc/sys/net/core/somaxconn file
[1751077461.603494] [flux-sample-6:2942 :0]            sock.c:513  UCX  WARN  unable to read somaxconn value from /proc/sys/net/core/somaxconn file
[1751077461.611601] [flux-sample-3:3920 :0]            sock.c:513  UCX  WARN  unable to read somaxconn value from /proc/sys/net/core/somaxconn file
[1751077461.595901] [flux-sample-1:3890 :0]            sock.c:513  UCX  WARN  unable to read somaxconn value from /proc/sys/net/core/somaxconn file
[1751077461.562991] [flux-sample-7:2892 :0]            sock.c:513  UCX  WARN  unable to read somaxconn value from /proc/sys/net/core/somaxconn file
[1751077461.536060] [flux-sample-11:1877 :0]            sock.c:513  UCX  WARN  unable to read somaxconn value from /proc/sys/net/core/somaxconn file
[1751077461.542314] [flux-sample-13:1877 :0]            sock.c:513  UCX  WARN  unable to read somaxconn value from /proc/sys/net/core/somaxconn file
[1751077461.629294] [flux-sample-14:1937 :0]            sock.c:513  UCX  WARN  unable to read somaxconn value from /proc/sys/net/core/somaxconn file
[1751077461.570076] [flux-sample-8:1908 :0]            sock.c:513  UCX  WARN  unable to read somaxconn value from /proc/sys/net/core/somaxconn file
[1751077461.485849] [flux-sample-15:1907 :0]            sock.c:513  UCX  WARN  unable to read somaxconn value from /proc/sys/net/core/somaxconn file
[1751077461.619471] [flux-sample-4:2925 :0]            sock.c:513  UCX  WARN  unable to read somaxconn value from /proc/sys/net/core/somaxconn file
[1751077461.616836] [flux-sample-5:2962 :0]            sock.c:513  UCX  WARN  unable to read somaxconn value from /proc/sys/net/core/somaxconn file
[1751077461.576020] [flux-sample-6:2940 :0]            sock.c:513  UCX  WARN  unable to read somaxconn value from /proc/sys/net/core/somaxconn file
[1751077461.607527] [flux-sample-3:3910 :0]            sock.c:513  UCX  WARN  unable to read somaxconn value from /proc/sys/net/core/somaxconn file
[1751077461.591077] [flux-sample-1:3887 :0]            sock.c:513  UCX  WARN  unable to read somaxconn value from /proc/sys/net/core/somaxconn file
[1751077461.553487] [flux-sample-7:2890 :0]            sock.c:513  UCX  WARN  unable to read somaxconn value from /proc/sys/net/core/somaxconn file
[1751077461.584505] [flux-sample-11:1873 :0]            sock.c:513  UCX  WARN  unable to read somaxconn value from /proc/sys/net/core/somaxconn file
[1751077461.539246] [flux-sample-13:1876 :0]            sock.c:513  UCX  WARN  unable to read somaxconn value from /proc/sys/net/core/somaxconn file
[1751077461.629285] [flux-sample-14:1933 :0]            sock.c:513  UCX  WARN  unable to read somaxconn value from /proc/sys/net/core/somaxconn file
[1751077461.627855] [flux-sample-8:1905 :0]            sock.c:513  UCX  WARN  unable to read somaxconn value from /proc/sys/net/core/somaxconn file
[1751077461.596966] [flux-sample-15:1906 :0]            sock.c:513  UCX  WARN  unable to read somaxconn value from /proc/sys/net/core/somaxconn file
[1751077461.614775] [flux-sample-4:2916 :0]            sock.c:513  UCX  WARN  unable to read somaxconn value from /proc/sys/net/core/somaxconn file
[1751077461.491053] [flux-sample-5:2947 :0]            sock.c:513  UCX  WARN  unable to read somaxconn value from /proc/sys/net/core/somaxconn file
[1751077461.598636] [flux-sample-6:2927 :0]            sock.c:513  UCX  WARN  unable to read somaxconn value from /proc/sys/net/core/somaxconn file
[1751077461.600609] [flux-sample-3:3902 :0]            sock.c:513  UCX  WARN  unable to read somaxconn value from /proc/sys/net/core/somaxconn file
[1751077461.617317] [flux-sample-1:3879 :0]            sock.c:513  UCX  WARN  unable to read somaxconn value from /proc/sys/net/core/somaxconn file
[1751077461.546001] [flux-sample-7:2887 :0]            sock.c:513  UCX  WARN  unable to read somaxconn value from /proc/sys/net/core/somaxconn file
[1751077461.584359] [flux-sample-11:1871 :0]            sock.c:513  UCX  WARN  unable to read somaxconn value from /proc/sys/net/core/somaxconn file
[1751077461.596572] [flux-sample-13:1874 :0]            sock.c:513  UCX  WARN  unable to read somaxconn value from /proc/sys/net/core/somaxconn file
[1751077461.630077] [flux-sample-14:1931 :0]            sock.c:513  UCX  WARN  unable to read somaxconn value from /proc/sys/net/core/somaxconn file
[1751077461.615040] [flux-sample-8:1903 :0]            sock.c:513  UCX  WARN  unable to read somaxconn value from /proc/sys/net/core/somaxconn file
[1751077461.484749] [flux-sample-15:1904 :0]            sock.c:513  UCX  WARN  unable to read somaxconn value from /proc/sys/net/core/somaxconn file
[1751077461.617743] [flux-sample-4:2915 :0]            sock.c:513  UCX  WARN  unable to read somaxconn value from /proc/sys/net/core/somaxconn file
[1751077461.482247] [flux-sample-5:2942 :0]            sock.c:513  UCX  WARN  unable to read somaxconn value from /proc/sys/net/core/somaxconn file
[1751077461.606718] [flux-sample-6:2925 :0]            sock.c:513  UCX  WARN  unable to read somaxconn value from /proc/sys/net/core/somaxconn file
[1751077461.563706] [flux-sample-3:3895 :0]            sock.c:513  UCX  WARN  unable to read somaxconn value from /proc/sys/net/core/somaxconn file
[1751077461.617952] [flux-sample-1:3876 :0]            sock.c:513  UCX  WARN  unable to read somaxconn value from /proc/sys/net/core/somaxconn file
[1751077461.545673] [flux-sample-7:2885 :0]            sock.c:513  UCX  WARN  unable to read somaxconn value from /proc/sys/net/core/somaxconn file
[1751077461.630542] [flux-sample-11:1869 :0]            sock.c:513  UCX  WARN  unable to read somaxconn value from /proc/sys/net/core/somaxconn file
[1751077461.512462] [flux-sample-13:1871 :0]            sock.c:513  UCX  WARN  unable to read somaxconn value from /proc/sys/net/core/somaxconn file
[1751077461.609407] [flux-sample-14:1928 :0]            sock.c:513  UCX  WARN  unable to read somaxconn value from /proc/sys/net/core/somaxconn file
[1751077461.619780] [flux-sample-8:1900 :0]            sock.c:513  UCX  WARN  unable to read somaxconn value from /proc/sys/net/core/somaxconn file
[1751077461.593356] [flux-sample-15:1902 :0]            sock.c:513  UCX  WARN  unable to read somaxconn value from /proc/sys/net/core/somaxconn file
[1751077461.611710] [flux-sample-4:2911 :0]            sock.c:513  UCX  WARN  unable to read somaxconn value from /proc/sys/net/core/somaxconn file
[1751077461.594601] [flux-sample-5:2934 :0]            sock.c:513  UCX  WARN  unable to read somaxconn value from /proc/sys/net/core/somaxconn file
[1751077461.599890] [flux-sample-6:2922 :0]            sock.c:513  UCX  WARN  unable to read somaxconn value from /proc/sys/net/core/somaxconn file
[1751077461.563692] [flux-sample-3:3893 :0]            sock.c:513  UCX  WARN  unable to read somaxconn value from /proc/sys/net/core/somaxconn file
[1751077461.624129] [flux-sample-1:3875 :0]            sock.c:513  UCX  WARN  unable to read somaxconn value from /proc/sys/net/core/somaxconn file
[1751077461.562199] [flux-sample-7:2883 :0]            sock.c:513  UCX  WARN  unable to read somaxconn value from /proc/sys/net/core/somaxconn file
[1751077461.585217] [flux-sample-11:1866 :0]            sock.c:513  UCX  WARN  unable to read somaxconn value from /proc/sys/net/core/somaxconn file
[1751077461.554877] [flux-sample-13:1868 :0]            sock.c:513  UCX  WARN  unable to read somaxconn value from /proc/sys/net/core/somaxconn file
[1751077461.627910] [flux-sample-14:1926 :0]            sock.c:513  UCX  WARN  unable to read somaxconn value from /proc/sys/net/core/somaxconn file
[1751077461.618662] [flux-sample-8:1898 :0]            sock.c:513  UCX  WARN  unable to read somaxconn value from /proc/sys/net/core/somaxconn file
[1751077461.569797] [flux-sample-15:1823 :0]            sock.c:513  UCX  WARN  unable to read somaxconn value from /proc/sys/net/core/somaxconn file
[1751077461.606554] [flux-sample-4:2908 :0]            sock.c:513  UCX  WARN  unable to read somaxconn value from /proc/sys/net/core/somaxconn file
[1751077461.595975] [flux-sample-5:2933 :0]            sock.c:513  UCX  WARN  unable to read somaxconn value from /proc/sys/net/core/somaxconn file
[1751077461.607894] [flux-sample-6:2920 :0]            sock.c:513  UCX  WARN  unable to read somaxconn value from /proc/sys/net/core/somaxconn file
[1751077461.562332] [flux-sample-3:3889 :0]            sock.c:513  UCX  WARN  unable to read somaxconn value from /proc/sys/net/core/somaxconn file
[1751077461.593260] [flux-sample-1:3872 :0]            sock.c:513  UCX  WARN  unable to read somaxconn value from /proc/sys/net/core/somaxconn file
[1751077461.555560] [flux-sample-7:2880 :0]            sock.c:513  UCX  WARN  unable to read somaxconn value from /proc/sys/net/core/somaxconn file
[1751077461.538757] [flux-sample-11:1863 :0]            sock.c:513  UCX  WARN  unable to read somaxconn value from /proc/sys/net/core/somaxconn file
[1751077461.593797] [flux-sample-13:1866 :0]            sock.c:513  UCX  WARN  unable to read somaxconn value from /proc/sys/net/core/somaxconn file
[1751077461.553257] [flux-sample-14:1925 :0]            sock.c:513  UCX  WARN  unable to read somaxconn value from /proc/sys/net/core/somaxconn file
[1751077461.617209] [flux-sample-8:1897 :0]            sock.c:513  UCX  WARN  unable to read somaxconn value from /proc/sys/net/core/somaxconn file
[1751077461.614302] [flux-sample-4:2906 :0]            sock.c:513  UCX  WARN  unable to read somaxconn value from /proc/sys/net/core/somaxconn file
[1751077461.574279] [flux-sample-5:2931 :0]            sock.c:513  UCX  WARN  unable to read somaxconn value from /proc/sys/net/core/somaxconn file
[1751077461.496060] [flux-sample-6:2914 :0]            sock.c:513  UCX  WARN  unable to read somaxconn value from /proc/sys/net/core/somaxconn file
[1751077461.553286] [flux-sample-3:3888 :0]            sock.c:513  UCX  WARN  unable to read somaxconn value from /proc/sys/net/core/somaxconn file
[1751077461.612863] [flux-sample-1:3870 :0]            sock.c:513  UCX  WARN  unable to read somaxconn value from /proc/sys/net/core/somaxconn file
[1751077461.547451] [flux-sample-7:2879 :0]            sock.c:513  UCX  WARN  unable to read somaxconn value from /proc/sys/net/core/somaxconn file
[1751077461.627858] [flux-sample-11:1862 :0]            sock.c:513  UCX  WARN  unable to read somaxconn value from /proc/sys/net/core/somaxconn file
[1751077461.556263] [flux-sample-13:1863 :0]            sock.c:513  UCX  WARN  unable to read somaxconn value from /proc/sys/net/core/somaxconn file
[1751077461.511938] [flux-sample-14:1922 :0]            sock.c:513  UCX  WARN  unable to read somaxconn value from /proc/sys/net/core/somaxconn file
[1751077461.603248] [flux-sample-8:1895 :0]            sock.c:513  UCX  WARN  unable to read somaxconn value from /proc/sys/net/core/somaxconn file
[1751077461.607116] [flux-sample-4:2901 :0]            sock.c:513  UCX  WARN  unable to read somaxconn value from /proc/sys/net/core/somaxconn file
[1751077461.615579] [flux-sample-5:2929 :0]            sock.c:513  UCX  WARN  unable to read somaxconn value from /proc/sys/net/core/somaxconn file
[1751077461.498292] [flux-sample-6:2911 :0]            sock.c:513  UCX  WARN  unable to read somaxconn value from /proc/sys/net/core/somaxconn file
[1751077461.577156] [flux-sample-3:3885 :0]            sock.c:513  UCX  WARN  unable to read somaxconn value from /proc/sys/net/core/somaxconn file
[1751077461.593856] [flux-sample-1:3885 :0]            sock.c:513  UCX  WARN  unable to read somaxconn value from /proc/sys/net/core/somaxconn file
[1751077461.566179] [flux-sample-7:2877 :0]            sock.c:513  UCX  WARN  unable to read somaxconn value from /proc/sys/net/core/somaxconn file
[1751077461.627419] [flux-sample-11:1860 :0]            sock.c:513  UCX  WARN  unable to read somaxconn value from /proc/sys/net/core/somaxconn file
[1751077461.550404] [flux-sample-13:1861 :0]            sock.c:513  UCX  WARN  unable to read somaxconn value from /proc/sys/net/core/somaxconn file
[1751077461.528424] [flux-sample-14:1919 :0]            sock.c:513  UCX  WARN  unable to read somaxconn value from /proc/sys/net/core/somaxconn file
[1751077461.565359] [flux-sample-8:1894 :0]            sock.c:513  UCX  WARN  unable to read somaxconn value from /proc/sys/net/core/somaxconn file
[1751077461.573150] [flux-sample-4:2868 :0]            sock.c:513  UCX  WARN  unable to read somaxconn value from /proc/sys/net/core/somaxconn file
[1751077461.600453] [flux-sample-5:2926 :0]            sock.c:513  UCX  WARN  unable to read somaxconn value from /proc/sys/net/core/somaxconn file
[1751077461.499201] [flux-sample-6:2908 :0]            sock.c:513  UCX  WARN  unable to read somaxconn value from /proc/sys/net/core/somaxconn file
[1751077461.569199] [flux-sample-3:3882 :0]            sock.c:513  UCX  WARN  unable to read somaxconn value from /proc/sys/net/core/somaxconn file
[1751077461.517265] [flux-sample-1:3868 :0]            sock.c:513  UCX  WARN  unable to read somaxconn value from /proc/sys/net/core/somaxconn file
[1751077461.571757] [flux-sample-7:2876 :0]            sock.c:513  UCX  WARN  unable to read somaxconn value from /proc/sys/net/core/somaxconn file
[1751077461.629133] [flux-sample-11:1856 :0]            sock.c:513  UCX  WARN  unable to read somaxconn value from /proc/sys/net/core/somaxconn file
[1751077461.568893] [flux-sample-13:1860 :0]            sock.c:513  UCX  WARN  unable to read somaxconn value from /proc/sys/net/core/somaxconn file
[1751077461.560233] [flux-sample-14:1918 :0]            sock.c:513  UCX  WARN  unable to read somaxconn value from /proc/sys/net/core/somaxconn file
[1751077461.607740] [flux-sample-8:1892 :0]            sock.c:513  UCX  WARN  unable to read somaxconn value from /proc/sys/net/core/somaxconn file
[1751077461.621226] [flux-sample-4:2856 :0]            sock.c:513  UCX  WARN  unable to read somaxconn value from /proc/sys/net/core/somaxconn file
[1751077461.594412] [flux-sample-15:1900 :0]            sock.c:513  UCX  WARN  unable to read somaxconn value from /proc/sys/net/core/somaxconn file
[1751077461.630013] [flux-sample-5:2925 :0]            sock.c:513  UCX  WARN  unable to read somaxconn value from /proc/sys/net/core/somaxconn file
[1751077461.501434] [flux-sample-6:2903 :0]            sock.c:513  UCX  WARN  unable to read somaxconn value from /proc/sys/net/core/somaxconn file
[1751077461.555284] [flux-sample-3:3881 :0]            sock.c:513  UCX  WARN  unable to read somaxconn value from /proc/sys/net/core/somaxconn file
[1751077461.508790] [flux-sample-1:3866 :0]            sock.c:513  UCX  WARN  unable to read somaxconn value from /proc/sys/net/core/somaxconn file
[1751077461.571952] [flux-sample-7:2874 :0]            sock.c:513  UCX  WARN  unable to read somaxconn value from /proc/sys/net/core/somaxconn file
[1751077461.629140] [flux-sample-11:1855 :0]            sock.c:513  UCX  WARN  unable to read somaxconn value from /proc/sys/net/core/somaxconn file
[1751077461.595923] [flux-sample-13:1858 :0]            sock.c:513  UCX  WARN  unable to read somaxconn value from /proc/sys/net/core/somaxconn file
[1751077461.577414] [flux-sample-14:1916 :0]            sock.c:513  UCX  WARN  unable to read somaxconn value from /proc/sys/net/core/somaxconn file
[1751077461.539601] [flux-sample-8:1890 :0]            sock.c:513  UCX  WARN  unable to read somaxconn value from /proc/sys/net/core/somaxconn file
[1751077461.618311] [flux-sample-4:2853 :0]            sock.c:513  UCX  WARN  unable to read somaxconn value from /proc/sys/net/core/somaxconn file
[1751077461.580163] [flux-sample-15:1896 :0]            sock.c:513  UCX  WARN  unable to read somaxconn value from /proc/sys/net/core/somaxconn file
[1751077461.590809] [flux-sample-12:1902 :0]            sock.c:513  UCX  WARN  unable to read somaxconn value from /proc/sys/net/core/somaxconn file
[1751077461.491096] [flux-sample-5:2922 :0]            sock.c:513  UCX  WARN  unable to read somaxconn value from /proc/sys/net/core/somaxconn file
[1751077461.506698] [flux-sample-6:2902 :0]            sock.c:513  UCX  WARN  unable to read somaxconn value from /proc/sys/net/core/somaxconn file
[1751077461.530044] [flux-sample-3:3880 :0]            sock.c:513  UCX  WARN  unable to read somaxconn value from /proc/sys/net/core/somaxconn file
[1751077461.517273] [flux-sample-1:3864 :0]            sock.c:513  UCX  WARN  unable to read somaxconn value from /proc/sys/net/core/somaxconn file
[1751077461.473258] [flux-sample-7:2873 :0]            sock.c:513  UCX  WARN  unable to read somaxconn value from /proc/sys/net/core/somaxconn file
[1751077461.628304] [flux-sample-11:1854 :0]            sock.c:513  UCX  WARN  unable to read somaxconn value from /proc/sys/net/core/somaxconn file
[1751077461.528216] [flux-sample-13:1857 :0]            sock.c:513  UCX  WARN  unable to read somaxconn value from /proc/sys/net/core/somaxconn file
[1751077461.504370] [flux-sample-14:1913 :0]            sock.c:513  UCX  WARN  unable to read somaxconn value from /proc/sys/net/core/somaxconn file
[1751077461.550706] [flux-sample-8:1888 :0]            sock.c:513  UCX  WARN  unable to read somaxconn value from /proc/sys/net/core/somaxconn file
[1751077461.573324] [flux-sample-4:2852 :0]            sock.c:513  UCX  WARN  unable to read somaxconn value from /proc/sys/net/core/somaxconn file
[1751077461.569789] [flux-sample-15:1894 :0]            sock.c:513  UCX  WARN  unable to read somaxconn value from /proc/sys/net/core/somaxconn file
[1751077461.565463] [flux-sample-12:1900 :0]            sock.c:513  UCX  WARN  unable to read somaxconn value from /proc/sys/net/core/somaxconn file
[1751077461.605965] [flux-sample-5:2920 :0]            sock.c:513  UCX  WARN  unable to read somaxconn value from /proc/sys/net/core/somaxconn file
[1751077461.501466] [flux-sample-6:2901 :0]            sock.c:513  UCX  WARN  unable to read somaxconn value from /proc/sys/net/core/somaxconn file
[1751077461.531361] [flux-sample-3:3877 :0]            sock.c:513  UCX  WARN  unable to read somaxconn value from /proc/sys/net/core/somaxconn file
[1751077461.510867] [flux-sample-1:3863 :0]            sock.c:513  UCX  WARN  unable to read somaxconn value from /proc/sys/net/core/somaxconn file
[1751077461.473413] [flux-sample-7:2870 :0]            sock.c:513  UCX  WARN  unable to read somaxconn value from /proc/sys/net/core/somaxconn file
[1751077461.628304] [flux-sample-11:1852 :0]            sock.c:513  UCX  WARN  unable to read somaxconn value from /proc/sys/net/core/somaxconn file
[1751077461.595173] [flux-sample-13:1855 :0]            sock.c:513  UCX  WARN  unable to read somaxconn value from /proc/sys/net/core/somaxconn file
[1751077461.582969] [flux-sample-14:1911 :0]            sock.c:513  UCX  WARN  unable to read somaxconn value from /proc/sys/net/core/somaxconn file
[1751077461.497326] [flux-sample-8:1885 :0]            sock.c:513  UCX  WARN  unable to read somaxconn value from /proc/sys/net/core/somaxconn file
[1751077461.570170] [flux-sample-4:2850 :0]            sock.c:513  UCX  WARN  unable to read somaxconn value from /proc/sys/net/core/somaxconn file
[1751077461.497874] [flux-sample-15:1892 :0]            sock.c:513  UCX  WARN  unable to read somaxconn value from /proc/sys/net/core/somaxconn file
[1751077461.588890] [flux-sample-12:1898 :0]            sock.c:513  UCX  WARN  unable to read somaxconn value from /proc/sys/net/core/somaxconn file
[1751077461.530481] [flux-sample-5:2918 :0]            sock.c:513  UCX  WARN  unable to read somaxconn value from /proc/sys/net/core/somaxconn file
[1751077461.501436] [flux-sample-6:2900 :0]            sock.c:513  UCX  WARN  unable to read somaxconn value from /proc/sys/net/core/somaxconn file
[1751077461.543511] [flux-sample-3:3875 :0]            sock.c:513  UCX  WARN  unable to read somaxconn value from /proc/sys/net/core/somaxconn file
[1751077461.530775] [flux-sample-1:3862 :0]            sock.c:513  UCX  WARN  unable to read somaxconn value from /proc/sys/net/core/somaxconn file
[1751077461.473256] [flux-sample-7:2868 :0]            sock.c:513  UCX  WARN  unable to read somaxconn value from /proc/sys/net/core/somaxconn file
[1751077461.559081] [flux-sample-11:1850 :0]            sock.c:513  UCX  WARN  unable to read somaxconn value from /proc/sys/net/core/somaxconn file
[1751077461.573552] [flux-sample-13:1853 :0]            sock.c:513  UCX  WARN  unable to read somaxconn value from /proc/sys/net/core/somaxconn file
[1751077461.552588] [flux-sample-14:1909 :0]            sock.c:513  UCX  WARN  unable to read somaxconn value from /proc/sys/net/core/somaxconn file
[1751077461.596748] [flux-sample-8:1883 :0]            sock.c:513  UCX  WARN  unable to read somaxconn value from /proc/sys/net/core/somaxconn file
[1751077461.591720] [flux-sample-4:2847 :0]            sock.c:513  UCX  WARN  unable to read somaxconn value from /proc/sys/net/core/somaxconn file
[1751077461.586312] [flux-sample-15:1890 :0]            sock.c:513  UCX  WARN  unable to read somaxconn value from /proc/sys/net/core/somaxconn file
[1751077461.591367] [flux-sample-12:1896 :0]            sock.c:513  UCX  WARN  unable to read somaxconn value from /proc/sys/net/core/somaxconn file
[1751077461.487226] [flux-sample-5:2916 :0]            sock.c:513  UCX  WARN  unable to read somaxconn value from /proc/sys/net/core/somaxconn file
[1751077461.507426] [flux-sample-6:2896 :0]            sock.c:513  UCX  WARN  unable to read somaxconn value from /proc/sys/net/core/somaxconn file
[1751077461.543511] [flux-sample-3:3873 :0]            sock.c:513  UCX  WARN  unable to read somaxconn value from /proc/sys/net/core/somaxconn file
[1751077461.562690] [flux-sample-1:3861 :0]            sock.c:513  UCX  WARN  unable to read somaxconn value from /proc/sys/net/core/somaxconn file
[1751077461.496924] [flux-sample-7:2866 :0]            sock.c:513  UCX  WARN  unable to read somaxconn value from /proc/sys/net/core/somaxconn file
[1751077461.593368] [flux-sample-11:1849 :0]            sock.c:513  UCX  WARN  unable to read somaxconn value from /proc/sys/net/core/somaxconn file
[1751077461.595127] [flux-sample-13:1851 :0]            sock.c:513  UCX  WARN  unable to read somaxconn value from /proc/sys/net/core/somaxconn file
[1751077461.584783] [flux-sample-14:1907 :0]            sock.c:513  UCX  WARN  unable to read somaxconn value from /proc/sys/net/core/somaxconn file
[1751077461.568358] [flux-sample-8:1881 :0]            sock.c:513  UCX  WARN  unable to read somaxconn value from /proc/sys/net/core/somaxconn file
[1751077461.521595] [flux-sample-4:2846 :0]            sock.c:513  UCX  WARN  unable to read somaxconn value from /proc/sys/net/core/somaxconn file
[1751077461.583801] [flux-sample-15:1884 :0]            sock.c:513  UCX  WARN  unable to read somaxconn value from /proc/sys/net/core/somaxconn file
[1751077461.591370] [flux-sample-12:1894 :0]            sock.c:513  UCX  WARN  unable to read somaxconn value from /proc/sys/net/core/somaxconn file
[1751077461.555168] [flux-sample-9:1914 :0]            sock.c:513  UCX  WARN  unable to read somaxconn value from /proc/sys/net/core/somaxconn file
[1751077461.484227] [flux-sample-5:2913 :0]            sock.c:513  UCX  WARN  unable to read somaxconn value from /proc/sys/net/core/somaxconn file
[1751077461.501393] [flux-sample-6:2895 :0]            sock.c:513  UCX  WARN  unable to read somaxconn value from /proc/sys/net/core/somaxconn file
[1751077461.528056] [flux-sample-3:3871 :0]            sock.c:513  UCX  WARN  unable to read somaxconn value from /proc/sys/net/core/somaxconn file
[1751077461.509614] [flux-sample-1:3860 :0]            sock.c:513  UCX  WARN  unable to read somaxconn value from /proc/sys/net/core/somaxconn file
[1751077461.496924] [flux-sample-7:2863 :0]            sock.c:513  UCX  WARN  unable to read somaxconn value from /proc/sys/net/core/somaxconn file
[1751077461.591091] [flux-sample-11:1843 :0]            sock.c:513  UCX  WARN  unable to read somaxconn value from /proc/sys/net/core/somaxconn file
[1751077461.608635] [flux-sample-13:1847 :0]            sock.c:513  UCX  WARN  unable to read somaxconn value from /proc/sys/net/core/somaxconn file
[1751077461.576637] [flux-sample-14:1906 :0]            sock.c:513  UCX  WARN  unable to read somaxconn value from /proc/sys/net/core/somaxconn file
[1751077461.596748] [flux-sample-8:1878 :0]            sock.c:513  UCX  WARN  unable to read somaxconn value from /proc/sys/net/core/somaxconn file
[1751077461.524574] [flux-sample-4:2845 :0]            sock.c:513  UCX  WARN  unable to read somaxconn value from /proc/sys/net/core/somaxconn file
[1751077461.607021] [flux-sample-15:1882 :0]            sock.c:513  UCX  WARN  unable to read somaxconn value from /proc/sys/net/core/somaxconn file
[1751077461.592826] [flux-sample-12:1892 :0]            sock.c:513  UCX  WARN  unable to read somaxconn value from /proc/sys/net/core/somaxconn file
[1751077461.601399] [flux-sample-9:1912 :0]            sock.c:513  UCX  WARN  unable to read somaxconn value from /proc/sys/net/core/somaxconn file
[1751077461.573061] [flux-sample-5:2910 :0]            sock.c:513  UCX  WARN  unable to read somaxconn value from /proc/sys/net/core/somaxconn file
[1751077461.507438] [flux-sample-6:2965 :0]            sock.c:513  UCX  WARN  unable to read somaxconn value from /proc/sys/net/core/somaxconn file
[1751077461.498675] [flux-sample-3:3868 :0]            sock.c:513  UCX  WARN  unable to read somaxconn value from /proc/sys/net/core/somaxconn file
[1751077461.510875] [flux-sample-1:3859 :0]            sock.c:513  UCX  WARN  unable to read somaxconn value from /proc/sys/net/core/somaxconn file
[1751077461.473416] [flux-sample-7:2861 :0]            sock.c:513  UCX  WARN  unable to read somaxconn value from /proc/sys/net/core/somaxconn file
[1751077461.523464] [flux-sample-11:1840 :0]            sock.c:513  UCX  WARN  unable to read somaxconn value from /proc/sys/net/core/somaxconn file
[1751077461.583895] [flux-sample-13:1845 :0]            sock.c:513  UCX  WARN  unable to read somaxconn value from /proc/sys/net/core/somaxconn file
[1751077461.493719] [flux-sample-14:1905 :0]            sock.c:513  UCX  WARN  unable to read somaxconn value from /proc/sys/net/core/somaxconn file
[1751077461.497325] [flux-sample-8:1877 :0]            sock.c:513  UCX  WARN  unable to read somaxconn value from /proc/sys/net/core/somaxconn file
[1751077461.570831] [flux-sample-4:2844 :0]            sock.c:513  UCX  WARN  unable to read somaxconn value from /proc/sys/net/core/somaxconn file
[1751077461.585092] [flux-sample-15:1881 :0]            sock.c:513  UCX  WARN  unable to read somaxconn value from /proc/sys/net/core/somaxconn file
[1751077461.586426] [flux-sample-12:1890 :0]            sock.c:513  UCX  WARN  unable to read somaxconn value from /proc/sys/net/core/somaxconn file
[1751077461.573116] [flux-sample-9:1910 :0]            sock.c:513  UCX  WARN  unable to read somaxconn value from /proc/sys/net/core/somaxconn file
[1751077461.573248] [flux-sample-5:2908 :0]            sock.c:513  UCX  WARN  unable to read somaxconn value from /proc/sys/net/core/somaxconn file
[1751077461.501466] [flux-sample-6:2958 :0]            sock.c:513  UCX  WARN  unable to read somaxconn value from /proc/sys/net/core/somaxconn file
[1751077461.499066] [flux-sample-3:3866 :0]            sock.c:513  UCX  WARN  unable to read somaxconn value from /proc/sys/net/core/somaxconn file
[1751077461.510130] [flux-sample-1:3858 :0]            sock.c:513  UCX  WARN  unable to read somaxconn value from /proc/sys/net/core/somaxconn file
[1751077461.450435] [flux-sample-7:2860 :0]            sock.c:513  UCX  WARN  unable to read somaxconn value from /proc/sys/net/core/somaxconn file
[1751077461.523039] [flux-sample-11:1838 :0]            sock.c:513  UCX  WARN  unable to read somaxconn value from /proc/sys/net/core/somaxconn file
[1751077461.595906] [flux-sample-13:1844 :0]            sock.c:513  UCX  WARN  unable to read somaxconn value from /proc/sys/net/core/somaxconn file
[1751077461.557627] [flux-sample-14:1903 :0]            sock.c:513  UCX  WARN  unable to read somaxconn value from /proc/sys/net/core/somaxconn file
[1751077461.497325] [flux-sample-8:1873 :0]            sock.c:513  UCX  WARN  unable to read somaxconn value from /proc/sys/net/core/somaxconn file
[1751077461.498022] [flux-sample-4:2843 :0]            sock.c:513  UCX  WARN  unable to read somaxconn value from /proc/sys/net/core/somaxconn file
[1751077461.578255] [flux-sample-15:1878 :0]            sock.c:513  UCX  WARN  unable to read somaxconn value from /proc/sys/net/core/somaxconn file
[1751077461.569697] [flux-sample-12:1887 :0]            sock.c:513  UCX  WARN  unable to read somaxconn value from /proc/sys/net/core/somaxconn file
[1751077461.601383] [flux-sample-9:1908 :0]            sock.c:513  UCX  WARN  unable to read somaxconn value from /proc/sys/net/core/somaxconn file
[1751077461.616211] [flux-sample-5:2905 :0]            sock.c:513  UCX  WARN  unable to read somaxconn value from /proc/sys/net/core/somaxconn file
[1751077461.580974] [flux-sample-6:2953 :0]            sock.c:513  UCX  WARN  unable to read somaxconn value from /proc/sys/net/core/somaxconn file
[1751077461.500723] [flux-sample-3:3864 :0]            sock.c:513  UCX  WARN  unable to read somaxconn value from /proc/sys/net/core/somaxconn file
[1751077461.509934] [flux-sample-1:3857 :0]            sock.c:513  UCX  WARN  unable to read somaxconn value from /proc/sys/net/core/somaxconn file
[1751077461.450435] [flux-sample-7:2856 :0]            sock.c:513  UCX  WARN  unable to read somaxconn value from /proc/sys/net/core/somaxconn file
[1751077461.467533] [flux-sample-11:1837 :0]            sock.c:513  UCX  WARN  unable to read somaxconn value from /proc/sys/net/core/somaxconn file
[1751077461.453819] [flux-sample-13:1835 :0]            sock.c:513  UCX  WARN  unable to read somaxconn value from /proc/sys/net/core/somaxconn file
[1751077461.557147] [flux-sample-14:1901 :0]            sock.c:513  UCX  WARN  unable to read somaxconn value from /proc/sys/net/core/somaxconn file
[1751077461.569940] [flux-sample-8:1868 :0]            sock.c:513  UCX  WARN  unable to read somaxconn value from /proc/sys/net/core/somaxconn file
[1751077461.556205] [flux-sample-4:2842 :0]            sock.c:513  UCX  WARN  unable to read somaxconn value from /proc/sys/net/core/somaxconn file
[1751077461.568767] [flux-sample-15:1876 :0]            sock.c:513  UCX  WARN  unable to read somaxconn value from /proc/sys/net/core/somaxconn file
[1751077461.564606] [flux-sample-12:1885 :0]            sock.c:513  UCX  WARN  unable to read somaxconn value from /proc/sys/net/core/somaxconn file
[1751077461.616847] [flux-sample-9:1906 :0]            sock.c:513  UCX  WARN  unable to read somaxconn value from /proc/sys/net/core/somaxconn file
[1751077461.599259] [flux-sample-5:2903 :0]            sock.c:513  UCX  WARN  unable to read somaxconn value from /proc/sys/net/core/somaxconn file
[1751077461.579760] [flux-sample-6:2939 :0]            sock.c:513  UCX  WARN  unable to read somaxconn value from /proc/sys/net/core/somaxconn file
[1751077461.505630] [flux-sample-3:3863 :0]            sock.c:513  UCX  WARN  unable to read somaxconn value from /proc/sys/net/core/somaxconn file
[1751077461.510322] [flux-sample-1:3856 :0]            sock.c:513  UCX  WARN  unable to read somaxconn value from /proc/sys/net/core/somaxconn file
[1751077461.460493] [flux-sample-7:2854 :0]            sock.c:513  UCX  WARN  unable to read somaxconn value from /proc/sys/net/core/somaxconn file
[1751077461.596377] [flux-sample-11:1832 :0]            sock.c:513  UCX  WARN  unable to read somaxconn value from /proc/sys/net/core/somaxconn file
[1751077461.455636] [flux-sample-13:1831 :0]            sock.c:513  UCX  WARN  unable to read somaxconn value from /proc/sys/net/core/somaxconn file
[1751077461.535263] [flux-sample-14:1898 :0]            sock.c:513  UCX  WARN  unable to read somaxconn value from /proc/sys/net/core/somaxconn file
[1751077461.560433] [flux-sample-8:1865 :0]            sock.c:513  UCX  WARN  unable to read somaxconn value from /proc/sys/net/core/somaxconn file
[1751077461.600682] [flux-sample-4:2841 :0]            sock.c:513  UCX  WARN  unable to read somaxconn value from /proc/sys/net/core/somaxconn file
[1751077461.570499] [flux-sample-15:1873 :0]            sock.c:513  UCX  WARN  unable to read somaxconn value from /proc/sys/net/core/somaxconn file
[1751077461.578144] [flux-sample-12:1882 :0]            sock.c:513  UCX  WARN  unable to read somaxconn value from /proc/sys/net/core/somaxconn file
[1751077461.600859] [flux-sample-9:1904 :0]            sock.c:513  UCX  WARN  unable to read somaxconn value from /proc/sys/net/core/somaxconn file
[1751077461.485658] [flux-sample-5:2902 :0]            sock.c:513  UCX  WARN  unable to read somaxconn value from /proc/sys/net/core/somaxconn file
[1751077461.501434] [flux-sample-6:2937 :0]            sock.c:513  UCX  WARN  unable to read somaxconn value from /proc/sys/net/core/somaxconn file
[1751077461.506688] [flux-sample-3:3861 :0]            sock.c:513  UCX  WARN  unable to read somaxconn value from /proc/sys/net/core/somaxconn file
[1751077461.510875] [flux-sample-1:3855 :0]            sock.c:513  UCX  WARN  unable to read somaxconn value from /proc/sys/net/core/somaxconn file
[1751077461.423538] [flux-sample-7:2852 :0]            sock.c:513  UCX  WARN  unable to read somaxconn value from /proc/sys/net/core/somaxconn file
[1751077461.467536] [flux-sample-11:1831 :0]            sock.c:513  UCX  WARN  unable to read somaxconn value from /proc/sys/net/core/somaxconn file
[1751077461.468673] [flux-sample-13:1829 :0]            sock.c:513  UCX  WARN  unable to read somaxconn value from /proc/sys/net/core/somaxconn file
[1751077461.535879] [flux-sample-14:1895 :0]            sock.c:513  UCX  WARN  unable to read somaxconn value from /proc/sys/net/core/somaxconn file
[1751077461.596272] [flux-sample-8:1862 :0]            sock.c:513  UCX  WARN  unable to read somaxconn value from /proc/sys/net/core/somaxconn file
[1751077461.461642] [flux-sample-4:2840 :0]            sock.c:513  UCX  WARN  unable to read somaxconn value from /proc/sys/net/core/somaxconn file
[1751077461.587755] [flux-sample-15:1870 :0]            sock.c:513  UCX  WARN  unable to read somaxconn value from /proc/sys/net/core/somaxconn file
[1751077461.581797] [flux-sample-12:1880 :0]            sock.c:513  UCX  WARN  unable to read somaxconn value from /proc/sys/net/core/somaxconn file
[1751077461.616842] [flux-sample-9:1902 :0]            sock.c:513  UCX  WARN  unable to read somaxconn value from /proc/sys/net/core/somaxconn file
[1751077461.493660] [flux-sample-5:2901 :0]            sock.c:513  UCX  WARN  unable to read somaxconn value from /proc/sys/net/core/somaxconn file
[1751077461.507440] [flux-sample-6:2935 :0]            sock.c:513  UCX  WARN  unable to read somaxconn value from /proc/sys/net/core/somaxconn file
[1751077461.561729] [flux-sample-3:3860 :0]            sock.c:513  UCX  WARN  unable to read somaxconn value from /proc/sys/net/core/somaxconn file
[1751077461.600701] [flux-sample-9:1900 :0]            sock.c:513  UCX  WARN  unable to read somaxconn value from /proc/sys/net/core/somaxconn file
[1751077461.438258] [flux-sample-7:2850 :0]            sock.c:513  UCX  WARN  unable to read somaxconn value from /proc/sys/net/core/somaxconn file
[1751077461.512079] [flux-sample-11:1828 :0]            sock.c:513  UCX  WARN  unable to read somaxconn value from /proc/sys/net/core/somaxconn file
[1751077461.442997] [flux-sample-13:1828 :0]            sock.c:513  UCX  WARN  unable to read somaxconn value from /proc/sys/net/core/somaxconn file
[1751077461.504367] [flux-sample-14:1893 :0]            sock.c:513  UCX  WARN  unable to read somaxconn value from /proc/sys/net/core/somaxconn file
[1751077461.640267] [flux-sample-8:1861 :0]            sock.c:513  UCX  WARN  unable to read somaxconn value from /proc/sys/net/core/somaxconn file
[1751077461.485451] [flux-sample-4:2839 :0]            sock.c:513  UCX  WARN  unable to read somaxconn value from /proc/sys/net/core/somaxconn file
[1751077461.571231] [flux-sample-15:1868 :0]            sock.c:513  UCX  WARN  unable to read somaxconn value from /proc/sys/net/core/somaxconn file
[1751077461.565979] [flux-sample-12:1878 :0]            sock.c:513  UCX  WARN  unable to read somaxconn value from /proc/sys/net/core/somaxconn file
[1751077461.484376] [flux-sample-5:2900 :0]            sock.c:513  UCX  WARN  unable to read somaxconn value from /proc/sys/net/core/somaxconn file
[1751077461.604902] [flux-sample-6:2934 :0]            sock.c:513  UCX  WARN  unable to read somaxconn value from /proc/sys/net/core/somaxconn file
[1751077461.575951] [flux-sample-3:3859 :0]            sock.c:513  UCX  WARN  unable to read somaxconn value from /proc/sys/net/core/somaxconn file
[1751077461.603128] [flux-sample-9:1898 :0]            sock.c:513  UCX  WARN  unable to read somaxconn value from /proc/sys/net/core/somaxconn file
[1751077461.430600] [flux-sample-7:2847 :0]            sock.c:513  UCX  WARN  unable to read somaxconn value from /proc/sys/net/core/somaxconn file
[1751077461.600023] [flux-sample-11:1826 :0]            sock.c:513  UCX  WARN  unable to read somaxconn value from /proc/sys/net/core/somaxconn file
[1751077461.427974] [flux-sample-13:1827 :0]            sock.c:513  UCX  WARN  unable to read somaxconn value from /proc/sys/net/core/somaxconn file
[1751077461.504367] [flux-sample-14:1891 :0]            sock.c:513  UCX  WARN  unable to read somaxconn value from /proc/sys/net/core/somaxconn file
[1751077461.639255] [flux-sample-8:1860 :0]            sock.c:513  UCX  WARN  unable to read somaxconn value from /proc/sys/net/core/somaxconn file
[1751077461.487259] [flux-sample-4:2838 :0]            sock.c:513  UCX  WARN  unable to read somaxconn value from /proc/sys/net/core/somaxconn file
[1751077461.595433] [flux-sample-15:1865 :0]            sock.c:513  UCX  WARN  unable to read somaxconn value from /proc/sys/net/core/somaxconn file
[1751077461.586669] [flux-sample-12:1876 :0]            sock.c:513  UCX  WARN  unable to read somaxconn value from /proc/sys/net/core/somaxconn file
[1751077461.561142] [flux-sample-5:2899 :0]            sock.c:513  UCX  WARN  unable to read somaxconn value from /proc/sys/net/core/somaxconn file
[1751077461.587148] [flux-sample-6:2932 :0]            sock.c:513  UCX  WARN  unable to read somaxconn value from /proc/sys/net/core/somaxconn file
[1751077461.444648] [flux-sample-3:3858 :0]            sock.c:513  UCX  WARN  unable to read somaxconn value from /proc/sys/net/core/somaxconn file
[1751077461.547092] [flux-sample-9:1896 :0]            sock.c:513  UCX  WARN  unable to read somaxconn value from /proc/sys/net/core/somaxconn file
[1751077461.411058] [flux-sample-7:2846 :0]            sock.c:513  UCX  WARN  unable to read somaxconn value from /proc/sys/net/core/somaxconn file
[1751077461.560188] [flux-sample-11:1846 :0]            sock.c:513  UCX  WARN  unable to read somaxconn value from /proc/sys/net/core/somaxconn file
[1751077461.427975] [flux-sample-13:1826 :0]            sock.c:513  UCX  WARN  unable to read somaxconn value from /proc/sys/net/core/somaxconn file
[1751077461.486508] [flux-sample-14:1888 :0]            sock.c:513  UCX  WARN  unable to read somaxconn value from /proc/sys/net/core/somaxconn file
[1751077461.638080] [flux-sample-8:1857 :0]            sock.c:513  UCX  WARN  unable to read somaxconn value from /proc/sys/net/core/somaxconn file
[1751077461.620220] [flux-sample-4:2922 :0]            sock.c:513  UCX  WARN  unable to read somaxconn value from /proc/sys/net/core/somaxconn file
[1751077461.586318] [flux-sample-15:1864 :0]            sock.c:513  UCX  WARN  unable to read somaxconn value from /proc/sys/net/core/somaxconn file
[1751077461.498229] [flux-sample-12:1873 :0]            sock.c:513  UCX  WARN  unable to read somaxconn value from /proc/sys/net/core/somaxconn file
[1751077461.594578] [flux-sample-5:2898 :0]            sock.c:513  UCX  WARN  unable to read somaxconn value from /proc/sys/net/core/somaxconn file
[1751077461.599664] [flux-sample-6:2928 :0]            sock.c:513  UCX  WARN  unable to read somaxconn value from /proc/sys/net/core/somaxconn file
[1751077461.437014] [flux-sample-3:3857 :0]            sock.c:513  UCX  WARN  unable to read somaxconn value from /proc/sys/net/core/somaxconn file
[1751077461.497847] [flux-sample-9:1894 :0]            sock.c:513  UCX  WARN  unable to read somaxconn value from /proc/sys/net/core/somaxconn file
[1751077461.447324] [flux-sample-7:2845 :0]            sock.c:513  UCX  WARN  unable to read somaxconn value from /proc/sys/net/core/somaxconn file
[1751077461.467534] [flux-sample-11:1835 :0]            sock.c:513  UCX  WARN  unable to read somaxconn value from /proc/sys/net/core/somaxconn file
[1751077461.327944] [flux-sample-13:1825 :0]            sock.c:513  UCX  WARN  unable to read somaxconn value from /proc/sys/net/core/somaxconn file
[1751077461.492315] [flux-sample-14:1887 :0]            sock.c:513  UCX  WARN  unable to read somaxconn value from /proc/sys/net/core/somaxconn file
[1751077461.633695] [flux-sample-8:1855 :0]            sock.c:513  UCX  WARN  unable to read somaxconn value from /proc/sys/net/core/somaxconn file
[1751077461.617269] [flux-sample-4:2921 :0]            sock.c:513  UCX  WARN  unable to read somaxconn value from /proc/sys/net/core/somaxconn file
[1751077461.606011] [flux-sample-15:1886 :0]            sock.c:513  UCX  WARN  unable to read somaxconn value from /proc/sys/net/core/somaxconn file
[1751077461.569729] [flux-sample-12:1871 :0]            sock.c:513  UCX  WARN  unable to read somaxconn value from /proc/sys/net/core/somaxconn file
[1751077461.616210] [flux-sample-5:2897 :0]            sock.c:513  UCX  WARN  unable to read somaxconn value from /proc/sys/net/core/somaxconn file
[1751077461.495563] [flux-sample-6:2906 :0]            sock.c:513  UCX  WARN  unable to read somaxconn value from /proc/sys/net/core/somaxconn file
[1751077461.442277] [flux-sample-3:3856 :0]            sock.c:513  UCX  WARN  unable to read somaxconn value from /proc/sys/net/core/somaxconn file
[1751077461.610822] [flux-sample-9:1891 :0]            sock.c:513  UCX  WARN  unable to read somaxconn value from /proc/sys/net/core/somaxconn file
[1751077461.411068] [flux-sample-7:2843 :0]            sock.c:513  UCX  WARN  unable to read somaxconn value from /proc/sys/net/core/somaxconn file
[1751077461.467656] [flux-sample-11:1830 :0]            sock.c:513  UCX  WARN  unable to read somaxconn value from /proc/sys/net/core/somaxconn file
[1751077461.323636] [flux-sample-13:1823 :0]            sock.c:513  UCX  WARN  unable to read somaxconn value from /proc/sys/net/core/somaxconn file
[1751077461.493226] [flux-sample-14:1886 :0]            sock.c:513  UCX  WARN  unable to read somaxconn value from /proc/sys/net/core/somaxconn file
[1751077461.639244] [flux-sample-8:1853 :0]            sock.c:513  UCX  WARN  unable to read somaxconn value from /proc/sys/net/core/somaxconn file
[1751077461.617729] [flux-sample-4:2918 :0]            sock.c:513  UCX  WARN  unable to read somaxconn value from /proc/sys/net/core/somaxconn file
[1751077461.571433] [flux-sample-15:1898 :0]            sock.c:513  UCX  WARN  unable to read somaxconn value from /proc/sys/net/core/somaxconn file
[1751077461.582700] [flux-sample-12:1868 :0]            sock.c:513  UCX  WARN  unable to read somaxconn value from /proc/sys/net/core/somaxconn file
[1751077461.618617] [flux-sample-10:1943 :0]            sock.c:513  UCX  WARN  unable to read somaxconn value from /proc/sys/net/core/somaxconn file
[1751077461.487211] [flux-sample-5:2896 :0]            sock.c:513  UCX  WARN  unable to read somaxconn value from /proc/sys/net/core/somaxconn file
[1751077461.504999] [flux-sample-6:2899 :0]            sock.c:513  UCX  WARN  unable to read somaxconn value from /proc/sys/net/core/somaxconn file
[1751077461.433547] [flux-sample-3:3855 :0]            sock.c:513  UCX  WARN  unable to read somaxconn value from /proc/sys/net/core/somaxconn file
[1751077461.555167] [flux-sample-9:1889 :0]            sock.c:513  UCX  WARN  unable to read somaxconn value from /proc/sys/net/core/somaxconn file
[1751077461.416232] [flux-sample-7:2842 :0]            sock.c:513  UCX  WARN  unable to read somaxconn value from /proc/sys/net/core/somaxconn file
[1751077461.474862] [flux-sample-11:1829 :0]            sock.c:513  UCX  WARN  unable to read somaxconn value from /proc/sys/net/core/somaxconn file
[1751077461.594142] [flux-sample-13:1842 :0]            sock.c:513  UCX  WARN  unable to read somaxconn value from /proc/sys/net/core/somaxconn file
[1751077461.565913] [flux-sample-14:1885 :0]            sock.c:513  UCX  WARN  unable to read somaxconn value from /proc/sys/net/core/somaxconn file
[1751077461.635590] [flux-sample-8:1851 :0]            sock.c:513  UCX  WARN  unable to read somaxconn value from /proc/sys/net/core/somaxconn file
[1751077461.622508] [flux-sample-4:2913 :0]            sock.c:513  UCX  WARN  unable to read somaxconn value from /proc/sys/net/core/somaxconn file
[1751077461.596111] [flux-sample-15:1860 :0]            sock.c:513  UCX  WARN  unable to read somaxconn value from /proc/sys/net/core/somaxconn file
[1751077461.485085] [flux-sample-12:1866 :0]            sock.c:513  UCX  WARN  unable to read somaxconn value from /proc/sys/net/core/somaxconn file
[1751077461.513663] [flux-sample-10:1935 :0]            sock.c:513  UCX  WARN  unable to read somaxconn value from /proc/sys/net/core/somaxconn file
[1751077461.484365] [flux-sample-5:2895 :0]            sock.c:513  UCX  WARN  unable to read somaxconn value from /proc/sys/net/core/somaxconn file
[1751077461.498508] [flux-sample-6:2898 :0]            sock.c:513  UCX  WARN  unable to read somaxconn value from /proc/sys/net/core/somaxconn file
[1751077461.559016] [flux-sample-10:1929 :0]            sock.c:513  UCX  WARN  unable to read somaxconn value from /proc/sys/net/core/somaxconn file
[1751077461.595573] [flux-sample-9:1887 :0]            sock.c:513  UCX  WARN  unable to read somaxconn value from /proc/sys/net/core/somaxconn file
[1751077461.326517] [flux-sample-7:2841 :0]            sock.c:513  UCX  WARN  unable to read somaxconn value from /proc/sys/net/core/somaxconn file
[1751077461.468415] [flux-sample-11:1827 :0]            sock.c:513  UCX  WARN  unable to read somaxconn value from /proc/sys/net/core/somaxconn file
[1751077461.591792] [flux-sample-13:1839 :0]            sock.c:513  UCX  WARN  unable to read somaxconn value from /proc/sys/net/core/somaxconn file
[1751077461.505697] [flux-sample-14:1884 :0]            sock.c:513  UCX  WARN  unable to read somaxconn value from /proc/sys/net/core/somaxconn file
[1751077461.577173] [flux-sample-8:1850 :0]            sock.c:513  UCX  WARN  unable to read somaxconn value from /proc/sys/net/core/somaxconn file
[1751077461.621242] [flux-sample-4:2904 :0]            sock.c:513  UCX  WARN  unable to read somaxconn value from /proc/sys/net/core/somaxconn file
[1751077461.603674] [flux-sample-15:1857 :0]            sock.c:513  UCX  WARN  unable to read somaxconn value from /proc/sys/net/core/somaxconn file
[1751077461.592493] [flux-sample-12:1863 :0]            sock.c:513  UCX  WARN  unable to read somaxconn value from /proc/sys/net/core/somaxconn file
[1751077461.484358] [flux-sample-5:2894 :0]            sock.c:513  UCX  WARN  unable to read somaxconn value from /proc/sys/net/core/somaxconn file
[1751077461.504457] [flux-sample-6:2897 :0]            sock.c:513  UCX  WARN  unable to read somaxconn value from /proc/sys/net/core/somaxconn file
[1751077461.612515] [flux-sample-10:1970 :0]            sock.c:513  UCX  WARN  unable to read somaxconn value from /proc/sys/net/core/somaxconn file
[1751077461.497156] [flux-sample-9:1885 :0]            sock.c:513  UCX  WARN  unable to read somaxconn value from /proc/sys/net/core/somaxconn file
[1751077461.326518] [flux-sample-7:2840 :0]            sock.c:513  UCX  WARN  unable to read somaxconn value from /proc/sys/net/core/somaxconn file
[1751077461.587961] [flux-sample-11:1825 :0]            sock.c:513  UCX  WARN  unable to read somaxconn value from /proc/sys/net/core/somaxconn file
[1751077461.464219] [flux-sample-13:1837 :0]            sock.c:513  UCX  WARN  unable to read somaxconn value from /proc/sys/net/core/somaxconn file
[1751077461.486948] [flux-sample-14:1883 :0]            sock.c:513  UCX  WARN  unable to read somaxconn value from /proc/sys/net/core/somaxconn file
[1751077461.619236] [flux-sample-8:1848 :0]            sock.c:513  UCX  WARN  unable to read somaxconn value from /proc/sys/net/core/somaxconn file
[1751077461.604851] [flux-sample-4:2902 :0]            sock.c:513  UCX  WARN  unable to read somaxconn value from /proc/sys/net/core/somaxconn file
[1751077461.588855] [flux-sample-15:1856 :0]            sock.c:513  UCX  WARN  unable to read somaxconn value from /proc/sys/net/core/somaxconn file
[1751077461.492092] [flux-sample-12:1862 :0]            sock.c:513  UCX  WARN  unable to read somaxconn value from /proc/sys/net/core/somaxconn file
[1751077461.492092] [flux-sample-12:1861 :0]            sock.c:513  UCX  WARN  unable to read somaxconn value from /proc/sys/net/core/somaxconn file
[1751077461.501381] [flux-sample-6:2894 :0]            sock.c:513  UCX  WARN  unable to read somaxconn value from /proc/sys/net/core/somaxconn file
[1751077461.603215] [flux-sample-10:1969 :0]            sock.c:513  UCX  WARN  unable to read somaxconn value from /proc/sys/net/core/somaxconn file
[1751077461.571338] [flux-sample-9:1883 :0]            sock.c:513  UCX  WARN  unable to read somaxconn value from /proc/sys/net/core/somaxconn file
[1751077461.326517] [flux-sample-7:2839 :0]            sock.c:513  UCX  WARN  unable to read somaxconn value from /proc/sys/net/core/somaxconn file
[1751077461.591565] [flux-sample-11:1824 :0]            sock.c:513  UCX  WARN  unable to read somaxconn value from /proc/sys/net/core/somaxconn file
[1751077461.453819] [flux-sample-13:1833 :0]            sock.c:513  UCX  WARN  unable to read somaxconn value from /proc/sys/net/core/somaxconn file
[1751077461.566456] [flux-sample-14:1882 :0]            sock.c:513  UCX  WARN  unable to read somaxconn value from /proc/sys/net/core/somaxconn file
[1751077461.636214] [flux-sample-8:1846 :0]            sock.c:513  UCX  WARN  unable to read somaxconn value from /proc/sys/net/core/somaxconn file
[1751077461.574598] [flux-sample-4:2898 :0]            sock.c:513  UCX  WARN  unable to read somaxconn value from /proc/sys/net/core/somaxconn file
[1751077461.589588] [flux-sample-15:1853 :0]            sock.c:513  UCX  WARN  unable to read somaxconn value from /proc/sys/net/core/somaxconn file
[1751077461.593412] [flux-sample-12:1860 :0]            sock.c:513  UCX  WARN  unable to read somaxconn value from /proc/sys/net/core/somaxconn file
[1751077461.577388] [flux-sample-15:1851 :0]            sock.c:513  UCX  WARN  unable to read somaxconn value from /proc/sys/net/core/somaxconn file
[1751077461.602670] [flux-sample-10:1966 :0]            sock.c:513  UCX  WARN  unable to read somaxconn value from /proc/sys/net/core/somaxconn file
[1751077461.496948] [flux-sample-9:1882 :0]            sock.c:513  UCX  WARN  unable to read somaxconn value from /proc/sys/net/core/somaxconn file
[1751077461.326517] [flux-sample-7:2838 :0]            sock.c:513  UCX  WARN  unable to read somaxconn value from /proc/sys/net/core/somaxconn file
[1751077461.589937] [flux-sample-11:1823 :0]            sock.c:513  UCX  WARN  unable to read somaxconn value from /proc/sys/net/core/somaxconn file
[1751077461.520675] [flux-sample-13:1830 :0]            sock.c:513  UCX  WARN  unable to read somaxconn value from /proc/sys/net/core/somaxconn file
[1751077461.557159] [flux-sample-14:1881 :0]            sock.c:513  UCX  WARN  unable to read somaxconn value from /proc/sys/net/core/somaxconn file
[1751077461.519848] [flux-sample-8:1845 :0]            sock.c:513  UCX  WARN  unable to read somaxconn value from /proc/sys/net/core/somaxconn file
[1751077461.575247] [flux-sample-4:2895 :0]            sock.c:513  UCX  WARN  unable to read somaxconn value from /proc/sys/net/core/somaxconn file
[1751077461.588878] [flux-sample-12:1859 :0]            sock.c:513  UCX  WARN  unable to read somaxconn value from /proc/sys/net/core/somaxconn file
[1751077461.584481] [flux-sample-15:1850 :0]            sock.c:513  UCX  WARN  unable to read somaxconn value from /proc/sys/net/core/somaxconn file
[1751077461.566473] [flux-sample-10:1964 :0]            sock.c:513  UCX  WARN  unable to read somaxconn value from /proc/sys/net/core/somaxconn file
[1751077461.610275] [flux-sample-9:1880 :0]            sock.c:513  UCX  WARN  unable to read somaxconn value from /proc/sys/net/core/somaxconn file
[1751077461.411059] [flux-sample-7:2844 :0]            sock.c:513  UCX  WARN  unable to read somaxconn value from /proc/sys/net/core/somaxconn file
[1751077461.544631] [flux-sample-11:1885 :0]            sock.c:513  UCX  WARN  unable to read somaxconn value from /proc/sys/net/core/somaxconn file
[1751077461.335556] [flux-sample-13:1824 :0]            sock.c:513  UCX  WARN  unable to read somaxconn value from /proc/sys/net/core/somaxconn file
[1751077461.569465] [flux-sample-14:1880 :0]            sock.c:513  UCX  WARN  unable to read somaxconn value from /proc/sys/net/core/somaxconn file
[1751077461.570223] [flux-sample-8:1842 :0]            sock.c:513  UCX  WARN  unable to read somaxconn value from /proc/sys/net/core/somaxconn file
[1751077461.548635] [flux-sample-4:2892 :0]            sock.c:513  UCX  WARN  unable to read somaxconn value from /proc/sys/net/core/somaxconn file
[1751077461.588322] [flux-sample-12:1857 :0]            sock.c:513  UCX  WARN  unable to read somaxconn value from /proc/sys/net/core/somaxconn file
[1751077461.571243] [flux-sample-15:1840 :0]            sock.c:513  UCX  WARN  unable to read somaxconn value from /proc/sys/net/core/somaxconn file
[1751077461.617049] [flux-sample-10:1962 :0]            sock.c:513  UCX  WARN  unable to read somaxconn value from /proc/sys/net/core/somaxconn file
[1751077461.601942] [flux-sample-9:1877 :0]            sock.c:513  UCX  WARN  unable to read somaxconn value from /proc/sys/net/core/somaxconn file
[1751077461.537101] [flux-sample-4:2890 :0]            sock.c:513  UCX  WARN  unable to read somaxconn value from /proc/sys/net/core/somaxconn file
[1751077461.589773] [flux-sample-8:1840 :0]            sock.c:513  UCX  WARN  unable to read somaxconn value from /proc/sys/net/core/somaxconn file
[1751077461.522313] [flux-sample-14:1879 :0]            sock.c:513  UCX  WARN  unable to read somaxconn value from /proc/sys/net/core/somaxconn file
[1751077461.590044] [flux-sample-12:1854 :0]            sock.c:513  UCX  WARN  unable to read somaxconn value from /proc/sys/net/core/somaxconn file
[1751077461.603285] [flux-sample-15:1861 :0]            sock.c:513  UCX  WARN  unable to read somaxconn value from /proc/sys/net/core/somaxconn file
[1751077461.603072] [flux-sample-10:1960 :0]            sock.c:513  UCX  WARN  unable to read somaxconn value from /proc/sys/net/core/somaxconn file
[1751077461.593867] [flux-sample-9:1873 :0]            sock.c:513  UCX  WARN  unable to read somaxconn value from /proc/sys/net/core/somaxconn file
[1751077461.569487] [flux-sample-4:2888 :0]            sock.c:513  UCX  WARN  unable to read somaxconn value from /proc/sys/net/core/somaxconn file
[1751077461.493283] [flux-sample-8:1838 :0]            sock.c:513  UCX  WARN  unable to read somaxconn value from /proc/sys/net/core/somaxconn file
[1751077461.582693] [flux-sample-12:1852 :0]            sock.c:513  UCX  WARN  unable to read somaxconn value from /proc/sys/net/core/somaxconn file
[1751077461.588191] [flux-sample-15:1855 :0]            sock.c:513  UCX  WARN  unable to read somaxconn value from /proc/sys/net/core/somaxconn file
[1751077461.560591] [flux-sample-10:1958 :0]            sock.c:513  UCX  WARN  unable to read somaxconn value from /proc/sys/net/core/somaxconn file
[1751077461.596044] [flux-sample-9:1872 :0]            sock.c:513  UCX  WARN  unable to read somaxconn value from /proc/sys/net/core/somaxconn file
[1751077461.538836] [flux-sample-4:2887 :0]            sock.c:513  UCX  WARN  unable to read somaxconn value from /proc/sys/net/core/somaxconn file
[1751077461.493256] [flux-sample-8:1834 :0]            sock.c:513  UCX  WARN  unable to read somaxconn value from /proc/sys/net/core/somaxconn file
[1751077461.590805] [flux-sample-12:1850 :0]            sock.c:513  UCX  WARN  unable to read somaxconn value from /proc/sys/net/core/somaxconn file
[1751077461.596089] [flux-sample-15:1846 :0]            sock.c:513  UCX  WARN  unable to read somaxconn value from /proc/sys/net/core/somaxconn file
[1751077461.560591] [flux-sample-10:1955 :0]            sock.c:513  UCX  WARN  unable to read somaxconn value from /proc/sys/net/core/somaxconn file
[1751077461.489875] [flux-sample-9:1869 :0]            sock.c:513  UCX  WARN  unable to read somaxconn value from /proc/sys/net/core/somaxconn file
[1751077461.574332] [flux-sample-4:2886 :0]            sock.c:513  UCX  WARN  unable to read somaxconn value from /proc/sys/net/core/somaxconn file
[1751077461.491266] [flux-sample-8:1832 :0]            sock.c:513  UCX  WARN  unable to read somaxconn value from /proc/sys/net/core/somaxconn file
[1751077461.591568] [flux-sample-12:1848 :0]            sock.c:513  UCX  WARN  unable to read somaxconn value from /proc/sys/net/core/somaxconn file
[1751077461.570507] [flux-sample-15:1844 :0]            sock.c:513  UCX  WARN  unable to read somaxconn value from /proc/sys/net/core/somaxconn file
[1751077461.569817] [flux-sample-10:1953 :0]            sock.c:513  UCX  WARN  unable to read somaxconn value from /proc/sys/net/core/somaxconn file
[1751077461.490238] [flux-sample-9:1866 :0]            sock.c:513  UCX  WARN  unable to read somaxconn value from /proc/sys/net/core/somaxconn file
[1751077461.573155] [flux-sample-4:2885 :0]            sock.c:513  UCX  WARN  unable to read somaxconn value from /proc/sys/net/core/somaxconn file
[1751077461.492662] [flux-sample-8:1831 :0]            sock.c:513  UCX  WARN  unable to read somaxconn value from /proc/sys/net/core/somaxconn file
[1751077461.555607] [flux-sample-12:1846 :0]            sock.c:513  UCX  WARN  unable to read somaxconn value from /proc/sys/net/core/somaxconn file
[1751077461.585883] [flux-sample-15:1838 :0]            sock.c:513  UCX  WARN  unable to read somaxconn value from /proc/sys/net/core/somaxconn file
[1751077461.607788] [flux-sample-10:1951 :0]            sock.c:513  UCX  WARN  unable to read somaxconn value from /proc/sys/net/core/somaxconn file
[1751077461.581962] [flux-sample-9:1864 :0]            sock.c:513  UCX  WARN  unable to read somaxconn value from /proc/sys/net/core/somaxconn file
[1751077461.544182] [flux-sample-4:2882 :0]            sock.c:513  UCX  WARN  unable to read somaxconn value from /proc/sys/net/core/somaxconn file
[1751077461.492266] [flux-sample-8:1830 :0]            sock.c:513  UCX  WARN  unable to read somaxconn value from /proc/sys/net/core/somaxconn file
[1751077461.493063] [flux-sample-12:1842 :0]            sock.c:513  UCX  WARN  unable to read somaxconn value from /proc/sys/net/core/somaxconn file
[1751077461.460955] [flux-sample-15:1836 :0]            sock.c:513  UCX  WARN  unable to read somaxconn value from /proc/sys/net/core/somaxconn file
[1751077461.606308] [flux-sample-10:1950 :0]            sock.c:513  UCX  WARN  unable to read somaxconn value from /proc/sys/net/core/somaxconn file
[1751077461.612639] [flux-sample-9:1862 :0]            sock.c:513  UCX  WARN  unable to read somaxconn value from /proc/sys/net/core/somaxconn file
[1751077461.563873] [flux-sample-4:2880 :0]            sock.c:513  UCX  WARN  unable to read somaxconn value from /proc/sys/net/core/somaxconn file
[1751077461.493283] [flux-sample-8:1829 :0]            sock.c:513  UCX  WARN  unable to read somaxconn value from /proc/sys/net/core/somaxconn file
[1751077461.590046] [flux-sample-12:1841 :0]            sock.c:513  UCX  WARN  unable to read somaxconn value from /proc/sys/net/core/somaxconn file
[1751077461.459156] [flux-sample-15:1835 :0]            sock.c:513  UCX  WARN  unable to read somaxconn value from /proc/sys/net/core/somaxconn file
[1751077461.579579] [flux-sample-10:1948 :0]            sock.c:513  UCX  WARN  unable to read somaxconn value from /proc/sys/net/core/somaxconn file
[1751077461.603990] [flux-sample-9:1860 :0]            sock.c:513  UCX  WARN  unable to read somaxconn value from /proc/sys/net/core/somaxconn file
[1751077461.557479] [flux-sample-4:2878 :0]            sock.c:513  UCX  WARN  unable to read somaxconn value from /proc/sys/net/core/somaxconn file
[1751077461.637469] [flux-sample-8:1828 :0]            sock.c:513  UCX  WARN  unable to read somaxconn value from /proc/sys/net/core/somaxconn file
[1751077461.486124] [flux-sample-12:1838 :0]            sock.c:513  UCX  WARN  unable to read somaxconn value from /proc/sys/net/core/somaxconn file
[1751077461.448608] [flux-sample-15:1832 :0]            sock.c:513  UCX  WARN  unable to read somaxconn value from /proc/sys/net/core/somaxconn file
[1751077461.569124] [flux-sample-10:1945 :0]            sock.c:513  UCX  WARN  unable to read somaxconn value from /proc/sys/net/core/somaxconn file
[1751077461.611900] [flux-sample-9:1857 :0]            sock.c:513  UCX  WARN  unable to read somaxconn value from /proc/sys/net/core/somaxconn file
[1751077461.591711] [flux-sample-4:2874 :0]            sock.c:513  UCX  WARN  unable to read somaxconn value from /proc/sys/net/core/somaxconn file
[1751077461.502862] [flux-sample-8:1827 :0]            sock.c:513  UCX  WARN  unable to read somaxconn value from /proc/sys/net/core/somaxconn file
[1751077461.444933] [flux-sample-12:1835 :0]            sock.c:513  UCX  WARN  unable to read somaxconn value from /proc/sys/net/core/somaxconn file
[1751077461.438932] [flux-sample-15:1831 :0]            sock.c:513  UCX  WARN  unable to read somaxconn value from /proc/sys/net/core/somaxconn file
[1751077461.581582] [flux-sample-10:1941 :0]            sock.c:513  UCX  WARN  unable to read somaxconn value from /proc/sys/net/core/somaxconn file
[1751077461.609882] [flux-sample-9:1856 :0]            sock.c:513  UCX  WARN  unable to read somaxconn value from /proc/sys/net/core/somaxconn file
[1751077461.573835] [flux-sample-4:2871 :0]            sock.c:513  UCX  WARN  unable to read somaxconn value from /proc/sys/net/core/somaxconn file
[1751077461.530979] [flux-sample-8:1826 :0]            sock.c:513  UCX  WARN  unable to read somaxconn value from /proc/sys/net/core/somaxconn file
[1751077461.444933] [flux-sample-12:1832 :0]            sock.c:513  UCX  WARN  unable to read somaxconn value from /proc/sys/net/core/somaxconn file
[1751077461.438932] [flux-sample-15:1830 :0]            sock.c:513  UCX  WARN  unable to read somaxconn value from /proc/sys/net/core/somaxconn file
[1751077461.508615] [flux-sample-10:1939 :0]            sock.c:513  UCX  WARN  unable to read somaxconn value from /proc/sys/net/core/somaxconn file
[1751077461.597661] [flux-sample-9:1855 :0]            sock.c:513  UCX  WARN  unable to read somaxconn value from /proc/sys/net/core/somaxconn file
[1751077461.574589] [flux-sample-4:2865 :0]            sock.c:513  UCX  WARN  unable to read somaxconn value from /proc/sys/net/core/somaxconn file
[1751077461.642139] [flux-sample-8:1825 :0]            sock.c:513  UCX  WARN  unable to read somaxconn value from /proc/sys/net/core/somaxconn file
[1751077461.444915] [flux-sample-12:1831 :0]            sock.c:513  UCX  WARN  unable to read somaxconn value from /proc/sys/net/core/somaxconn file
[1751077461.560038] [flux-sample-15:1829 :0]            sock.c:513  UCX  WARN  unable to read somaxconn value from /proc/sys/net/core/somaxconn file
[1751077461.564951] [flux-sample-10:1937 :0]            sock.c:513  UCX  WARN  unable to read somaxconn value from /proc/sys/net/core/somaxconn file
[1751077461.596496] [flux-sample-9:1854 :0]            sock.c:513  UCX  WARN  unable to read somaxconn value from /proc/sys/net/core/somaxconn file
[1751077461.576302] [flux-sample-4:2863 :0]            sock.c:513  UCX  WARN  unable to read somaxconn value from /proc/sys/net/core/somaxconn file
[1751077461.499102] [flux-sample-8:1824 :0]            sock.c:513  UCX  WARN  unable to read somaxconn value from /proc/sys/net/core/somaxconn file
[1751077461.444919] [flux-sample-12:1830 :0]            sock.c:513  UCX  WARN  unable to read somaxconn value from /proc/sys/net/core/somaxconn file
[1751077461.317764] [flux-sample-15:1828 :0]            sock.c:513  UCX  WARN  unable to read somaxconn value from /proc/sys/net/core/somaxconn file
[1751077461.554404] [flux-sample-10:1933 :0]            sock.c:513  UCX  WARN  unable to read somaxconn value from /proc/sys/net/core/somaxconn file
[1751077461.619074] [flux-sample-9:1853 :0]            sock.c:513  UCX  WARN  unable to read somaxconn value from /proc/sys/net/core/somaxconn file
[1751077461.576302] [flux-sample-4:2862 :0]            sock.c:513  UCX  WARN  unable to read somaxconn value from /proc/sys/net/core/somaxconn file
[1751077461.602289] [flux-sample-8:1823 :0]            sock.c:513  UCX  WARN  unable to read somaxconn value from /proc/sys/net/core/somaxconn file
[1751077461.444915] [flux-sample-12:1829 :0]            sock.c:513  UCX  WARN  unable to read somaxconn value from /proc/sys/net/core/somaxconn file
[1751077461.324112] [flux-sample-15:1827 :0]            sock.c:513  UCX  WARN  unable to read somaxconn value from /proc/sys/net/core/somaxconn file
[1751077461.584775] [flux-sample-10:1930 :0]            sock.c:513  UCX  WARN  unable to read somaxconn value from /proc/sys/net/core/somaxconn file
[1751077461.611742] [flux-sample-9:1851 :0]            sock.c:513  UCX  WARN  unable to read somaxconn value from /proc/sys/net/core/somaxconn file
[1751077461.576302] [flux-sample-4:2859 :0]            sock.c:513  UCX  WARN  unable to read somaxconn value from /proc/sys/net/core/somaxconn file
[1751077461.441017] [flux-sample-12:1828 :0]            sock.c:513  UCX  WARN  unable to read somaxconn value from /proc/sys/net/core/somaxconn file
[1751077461.571247] [flux-sample-15:1826 :0]            sock.c:513  UCX  WARN  unable to read somaxconn value from /proc/sys/net/core/somaxconn file
[1751077461.508877] [flux-sample-10:1927 :0]            sock.c:513  UCX  WARN  unable to read somaxconn value from /proc/sys/net/core/somaxconn file
[1751077461.613692] [flux-sample-9:1847 :0]            sock.c:513  UCX  WARN  unable to read somaxconn value from /proc/sys/net/core/somaxconn file
[1751077461.622503] [flux-sample-4:2858 :0]            sock.c:513  UCX  WARN  unable to read somaxconn value from /proc/sys/net/core/somaxconn file
[1751077461.403647] [flux-sample-12:1827 :0]            sock.c:513  UCX  WARN  unable to read somaxconn value from /proc/sys/net/core/somaxconn file
[1751077461.317753] [flux-sample-15:1825 :0]            sock.c:513  UCX  WARN  unable to read somaxconn value from /proc/sys/net/core/somaxconn file
[1751077461.561610] [flux-sample-10:1924 :0]            sock.c:513  UCX  WARN  unable to read somaxconn value from /proc/sys/net/core/somaxconn file
[1751077461.609355] [flux-sample-9:1844 :0]            sock.c:513  UCX  WARN  unable to read somaxconn value from /proc/sys/net/core/somaxconn file
[1751077461.416629] [flux-sample-12:1826 :0]            sock.c:513  UCX  WARN  unable to read somaxconn value from /proc/sys/net/core/somaxconn file
[1751077461.317757] [flux-sample-15:1824 :0]            sock.c:513  UCX  WARN  unable to read somaxconn value from /proc/sys/net/core/somaxconn file
[1751077461.509367] [flux-sample-10:1921 :0]            sock.c:513  UCX  WARN  unable to read somaxconn value from /proc/sys/net/core/somaxconn file
[1751077461.621878] [flux-sample-9:1841 :0]            sock.c:513  UCX  WARN  unable to read somaxconn value from /proc/sys/net/core/somaxconn file
[1751077461.501631] [flux-sample-12:1825 :0]            sock.c:513  UCX  WARN  unable to read somaxconn value from /proc/sys/net/core/somaxconn file
[1751077461.609351] [flux-sample-9:1838 :0]            sock.c:513  UCX  WARN  unable to read somaxconn value from /proc/sys/net/core/somaxconn file
[1751077461.569800] [flux-sample-10:1918 :0]            sock.c:513  UCX  WARN  unable to read somaxconn value from /proc/sys/net/core/somaxconn file
[1751077461.398896] [flux-sample-12:1824 :0]            sock.c:513  UCX  WARN  unable to read somaxconn value from /proc/sys/net/core/somaxconn file
[1751077461.474561] [flux-sample-9:1837 :0]            sock.c:513  UCX  WARN  unable to read somaxconn value from /proc/sys/net/core/somaxconn file
[1751077461.568218] [flux-sample-10:1916 :0]            sock.c:513  UCX  WARN  unable to read somaxconn value from /proc/sys/net/core/somaxconn file
[1751077461.403220] [flux-sample-12:1823 :0]            sock.c:513  UCX  WARN  unable to read somaxconn value from /proc/sys/net/core/somaxconn file
[1751077461.497607] [flux-sample-9:1835 :0]            sock.c:513  UCX  WARN  unable to read somaxconn value from /proc/sys/net/core/somaxconn file
[1751077461.608329] [flux-sample-10:1913 :0]            sock.c:513  UCX  WARN  unable to read somaxconn value from /proc/sys/net/core/somaxconn file
[1751077461.585640] [flux-sample-12:1915 :0]            sock.c:513  UCX  WARN  unable to read somaxconn value from /proc/sys/net/core/somaxconn file
[1751077461.574828] [flux-sample-9:1832 :0]            sock.c:513  UCX  WARN  unable to read somaxconn value from /proc/sys/net/core/somaxconn file
[1751077461.589228] [flux-sample-10:1912 :0]            sock.c:513  UCX  WARN  unable to read somaxconn value from /proc/sys/net/core/somaxconn file
[1751077461.583876] [flux-sample-12:1912 :0]            sock.c:513  UCX  WARN  unable to read somaxconn value from /proc/sys/net/core/somaxconn file
[1751077461.455963] [flux-sample-9:1831 :0]            sock.c:513  UCX  WARN  unable to read somaxconn value from /proc/sys/net/core/somaxconn file
[1751077461.603607] [flux-sample-10:1910 :0]            sock.c:513  UCX  WARN  unable to read somaxconn value from /proc/sys/net/core/somaxconn file
[1751077461.583876] [flux-sample-12:1910 :0]            sock.c:513  UCX  WARN  unable to read somaxconn value from /proc/sys/net/core/somaxconn file
[1751077461.455943] [flux-sample-9:1830 :0]            sock.c:513  UCX  WARN  unable to read somaxconn value from /proc/sys/net/core/somaxconn file
[1751077461.621764] [flux-sample-10:1908 :0]            sock.c:513  UCX  WARN  unable to read somaxconn value from /proc/sys/net/core/somaxconn file
[1751077461.565977] [flux-sample-12:1908 :0]            sock.c:513  UCX  WARN  unable to read somaxconn value from /proc/sys/net/core/somaxconn file
[1751077461.617424] [flux-sample-9:1829 :0]            sock.c:513  UCX  WARN  unable to read somaxconn value from /proc/sys/net/core/somaxconn file
[1751077461.619690] [flux-sample-10:1905 :0]            sock.c:513  UCX  WARN  unable to read somaxconn value from /proc/sys/net/core/somaxconn file
[1751077461.590046] [flux-sample-12:1904 :0]            sock.c:513  UCX  WARN  unable to read somaxconn value from /proc/sys/net/core/somaxconn file
[1751077461.455902] [flux-sample-9:1828 :0]            sock.c:513  UCX  WARN  unable to read somaxconn value from /proc/sys/net/core/somaxconn file
[1751077461.619558] [flux-sample-10:1903 :0]            sock.c:513  UCX  WARN  unable to read somaxconn value from /proc/sys/net/core/somaxconn file
[1751077461.448308] [flux-sample-12:1906 :0]            sock.c:513  UCX  WARN  unable to read somaxconn value from /proc/sys/net/core/somaxconn file
[1751077461.455957] [flux-sample-9:1827 :0]            sock.c:513  UCX  WARN  unable to read somaxconn value from /proc/sys/net/core/somaxconn file
[1751077461.620156] [flux-sample-10:1900 :0]            sock.c:513  UCX  WARN  unable to read somaxconn value from /proc/sys/net/core/somaxconn file
[1751077461.611286] [flux-sample-10:1899 :0]            sock.c:513  UCX  WARN  unable to read somaxconn value from /proc/sys/net/core/somaxconn file
[1751077461.455964] [flux-sample-9:1826 :0]            sock.c:513  UCX  WARN  unable to read somaxconn value from /proc/sys/net/core/somaxconn file
[1751077461.614678] [flux-sample-10:1897 :0]            sock.c:513  UCX  WARN  unable to read somaxconn value from /proc/sys/net/core/somaxconn file
[1751077461.457005] [flux-sample-9:1825 :0]            sock.c:513  UCX  WARN  unable to read somaxconn value from /proc/sys/net/core/somaxconn file
[1751077461.620590] [flux-sample-10:1894 :0]            sock.c:513  UCX  WARN  unable to read somaxconn value from /proc/sys/net/core/somaxconn file
[1751077461.455958] [flux-sample-9:1824 :0]            sock.c:513  UCX  WARN  unable to read somaxconn value from /proc/sys/net/core/somaxconn file
[1751077461.481341] [flux-sample-10:1893 :0]            sock.c:513  UCX  WARN  unable to read somaxconn value from /proc/sys/net/core/somaxconn file
[1751077461.455964] [flux-sample-9:1823 :0]            sock.c:513  UCX  WARN  unable to read somaxconn value from /proc/sys/net/core/somaxconn file
[1751077461.529815] [flux-sample-10:1891 :0]            sock.c:513  UCX  WARN  unable to read somaxconn value from /proc/sys/net/core/somaxconn file
[1751077461.485751] [flux-sample-10:1888 :0]            sock.c:513  UCX  WARN  unable to read somaxconn value from /proc/sys/net/core/somaxconn file
[1751077461.481335] [flux-sample-10:1887 :0]            sock.c:513  UCX  WARN  unable to read somaxconn value from /proc/sys/net/core/somaxconn file
[1751077461.479394] [flux-sample-10:1886 :0]            sock.c:513  UCX  WARN  unable to read somaxconn value from /proc/sys/net/core/somaxconn file
[1751077461.522640] [flux-sample-10:1885 :0]            sock.c:513  UCX  WARN  unable to read somaxconn value from /proc/sys/net/core/somaxconn file
[1751077461.488333] [flux-sample-10:1884 :0]            sock.c:513  UCX  WARN  unable to read somaxconn value from /proc/sys/net/core/somaxconn file
[1751077461.482833] [flux-sample-10:1883 :0]            sock.c:513  UCX  WARN  unable to read somaxconn value from /proc/sys/net/core/somaxconn file
[1751077461.505233] [flux-sample-10:1882 :0]            sock.c:513  UCX  WARN  unable to read somaxconn value from /proc/sys/net/core/somaxconn file
[1751077461.483799] [flux-sample-10:1881 :0]            sock.c:513  UCX  WARN  unable to read somaxconn value from /proc/sys/net/core/somaxconn file
[1751077461.483642] [flux-sample-10:1880 :0]            sock.c:513  UCX  WARN  unable to read somaxconn value from /proc/sys/net/core/somaxconn file
[1751077461.483642] [flux-sample-10:1879 :0]            sock.c:513  UCX  WARN  unable to read somaxconn value from /proc/sys/net/core/somaxconn file
4                     155.72
8                      96.50
16                     84.79
32                    116.20
64                    140.36
128                   315.75
256                   560.01
512                   172.05
1024                   74.05
2048                  115.23
4096                  114.92
8192                  221.04
16384                 191.30
32768                 204.69
65536                 211.32
131072                397.97
262144                760.87
524288               1403.57
1048576              3834.49
